Id: CMSSW
Metadata: (strobe,) start of orbit, start of packet, end of packet, valid

      Link              000                    001                    002                    003                    004                    005                    006                    007                    008                    009                    010                    011        
Frame 0000    0000 0000000000000000  0000 0000000000000000  0000 0000000000000000  0000 0000000000000000  0000 0000000000000000  0000 0000000000000000  0000 0000000000000000  0000 0000000000000000  0000 0000000000000000  0000 0000000000000000  0000 0000000000000000  0000 0000000000000000
Frame 0001    0000 0000000000000000  0000 0000000000000000  0000 0000000000000000  0000 0000000000000000  0000 0000000000000000  0000 0000000000000000  0000 0000000000000000  0000 0000000000000000  0000 0000000000000000  0000 0000000000000000  0000 0000000000000000  0000 0000000000000000
Frame 0002    0000 0000000000000000  0000 0000000000000000  0000 0000000000000000  0000 0000000000000000  0000 0000000000000000  0000 0000000000000000  0000 0000000000000000  0000 0000000000000000  0000 0000000000000000  0000 0000000000000000  0000 0000000000000000  0000 0000000000000000
Frame 0003    0000 0000000000000000  0000 0000000000000000  0000 0000000000000000  0000 0000000000000000  0000 0000000000000000  0000 0000000000000000  0000 0000000000000000  0000 0000000000000000  0000 0000000000000000  0000 0000000000000000  0000 0000000000000000  0000 0000000000000000
Frame 0004    0000 0000000000000000  0000 0000000000000000  0000 0000000000000000  0000 0000000000000000  0000 0000000000000000  0000 0000000000000000  0000 0000000000000000  0000 0000000000000000  0000 0000000000000000  0000 0000000000000000  0000 0000000000000000  0000 0000000000000000
Frame 0005    0000 0000000000000000  0000 0000000000000000  0000 0000000000000000  0000 0000000000000000  0000 0000000000000000  0000 0000000000000000  0000 0000000000000000  0000 0000000000000000  0000 0000000000000000  0000 0000000000000000  0000 0000000000000000  0000 0000000000000000
Frame 0006    1001 000000000000d605  1001 000767cdaf181604  1001 0007a80bbedc1404  1001 0007f247ceac1204  1001 000438445e731a7a  1001 00048140ed631a7a  1001 0004b8fdde8d1a7a  1001 0000000000000000  1001 0000000000000000  0000 0000000000000000  0000 0000000000000000  0000 0000000000000000
Frame 0007    0001 0000000000009c48  0001 00077001f0921205  0001 0000000000000000  0001 0007b282e0ec0e05  0001 0007d50451260e05  0001 00040006c1420e05  0001 00042c49625ab4bd  0001 0004778dd1dcb4bd  0001 0000000000000000  0000 0000000000000000  0000 0000000000000000  0000 0000000000000000
Frame 0008    0001 0000000000000000  0001 0000000000000000  0001 0000000000000000  0001 0000000000000000  0001 0000000000000000  0001 0000000000000000  0001 0000000000000000  0001 0000000000000000  0001 0000000000000000  0000 0000000000000000  0000 0000000000000000  0000 0000000000000000
Frame 0009    0001 0000000000008cbf  0001 00076bfab00c0a01  0001 0007a83ad0440801  0001 0007e77ae0820601  0001 00044afae148043a  0001 0004a1bb00bc043a  0001 00050f7b51a6023a  0001 0000000000000000  0001 0000000000000000  0000 0000000000000000  0000 0000000000000000  0000 0000000000000000
Frame 0010    0001 000000000000b084  0001 0000000000000000  0001 0007a83ecf801803  0001 0007f27bef3a1603  0001 00043bb93f620c3a  0001 00048175beb14e64  0001 0004bf728f074e64  0001 0000000000000000  0001 0000000000000000  0000 0000000000000000  0000 0000000000000000  0000 0000000000000000
Frame 0011    0001 000000000000a506  0001 00076bf06f001404  0001 0007a833ff2e1204  0001 0000000000000000  0001 000402383f6c1204  0001 00042ffa1f861004  0001 00045efb50bce890  0001 0004b8ff0ed4e890  0001 0000000000000000  0000 0000000000000000  0000 0000000000000000  0000 0000000000000000
Frame 0012    0001 0000000000000000  0001 0000000000000000  0001 0000000000000000  0001 0000000000000000  0001 0000000000000000  0001 0000000000000000  0001 0000000000000000  0001 0000000000000000  0001 0000000000000000  0000 0000000000000000  0000 0000000000000000  0000 0000000000000000
Frame 0013    0001 0000000000009ae3  0001 00076a03b13a1202  0001 0007a802b1621002  0001 0007f241018a0e02  0001 00044c3f1178083a  0001 0000000000000000  0001 0000000000000000  0001 0004bf7cc160b44d  0001 0004f5bba278b44d  0000 0000000000000000  0000 0000000000000000  0000 0000000000000000
Frame 0014    0001 0000000000000000  0001 0000000000000000  0001 0000000000000000  0001 0000000000000000  0001 0000000000000000  0001 0000000000000000  0001 0000000000000000  0001 0000000000000000  0001 0000000000000000  0000 0000000000000000  0000 0000000000000000  0000 0000000000000000
Frame 0015    0001 000000000000843f  0001 00076bfa902e0a01  0001 0007a83c507a0801  0001 0007e73e40c20601  0001 0000000000000000  0001 00049fc391c4043a  0001 0004fe067292023a  0001 0000000000000000  0001 0000000000000000  0000 0000000000000000  0000 0000000000000000  0000 0000000000000000
Frame 0016    0001 000000000000a957  0001 00076bfd8f3a1605  0001 0000000000000000  0001 0007b6411f8a1405  0001 0007dd82dfd01405  0001 000407c4cfee1405  0001 000444c5f0751abd  0001 000484c7404b1abd  0001 0000000000000000  0000 0000000000000000  0000 0000000000000000  0000 0000000000000000
Frame 0017    0001 000000000000a480  0001 00076bcb2f420e01  0001 0007a8096f120c01  0001 0007e7085ee40a01  0001 00044c041f2a083a  0001 000491c19e9a083a  0001 0004fffd9dbe063a  0001 0000000000000000  0001 0000000000000000  0000 0000000000000000  0000 0000000000000000  0000 0000000000000000
Frame 0018    0001 0000000000000000  0001 0000000000000000  0001 0000000000000000  0001 0000000000000000  0001 0000000000000000  0001 0000000000000000  0001 0000000000000000  0001 0000000000000000  0001 0000000000000000  0000 0000000000000000  0000 0000000000000000  0000 0000000000000000
Frame 0019    0001 000000000000c96c  0001 00075c4201281c08  0001 0007734201221a08  0001 00078c8231481808  0001 0007ab4311741808  0001 0007cec441d21608  0001 0000000000000000  0001 0000000000000000  0001 0000000000000000  0000 0000000000000000  0000 0000000000000000  0000 0000000000000000
Frame 0020    0001 000000000000945f  0001 00076bc570120c01  0001 0007a803e0500a01  0001 0007e70210940801  0001 00044b001136063a  0001 00049ffe61e4063a  0001 00050f7c11a6043a  0001 0000000000000000  0001 0000000000000000  0000 0000000000000000  0000 0000000000000000  0000 0000000000000000
Frame 0021    0001 0000000000000000  0001 0000000000000000  0001 0000000000000000  0001 0000000000000000  0001 0000000000000000  0001 0000000000000000  0001 0000000000000000  0001 0000000000000000  0001 0000000000000000  0000 0000000000000000  0000 0000000000000000  0000 0000000000000000
Frame 0022    0001 000000000000d0ea  0001 00076bf6e0761606  0001 00078fb8609a1606  0001 0007afba60861606  0001 0007d0fc609e1406  0001 0007fcfea0b41406  0001 00042c41c1951ae9  0001 0000000000000000  0001 0000000000000000  0000 0000000000000000  0000 0000000000000000  0000 0000000000000000
Frame 0023    0001 0000000000000000  0001 0000000000000000  0001 0000000000000000  0001 0000000000000000  0001 0000000000000000  0001 0000000000000000  0001 0000000000000000  0001 0000000000000000  0001 0000000000000000  0000 0000000000000000  0000 0000000000000000  0000 0000000000000000
Frame 0024    0001 0000000000000000  0001 0000000000000000  0001 0000000000000000  0001 0000000000000000  0001 0000000000000000  0001 0000000000000000  0001 0000000000000000  0001 0000000000000000  0001 0000000000000000  0000 0000000000000000  0000 0000000000000000  0000 0000000000000000
Frame 0025    0001 000000000000e1d7  0001 00076bc2e09a1205  0001 0000000000000000  0001 0007c2fdd1160e05  0001 0007e67ad1660e05  0001 00041df7f1be0c05  0001 0000000000000000  0001 000484ec0028b4bd  0001 0000000000000000  0000 0000000000000000  0000 0000000000000000  0000 0000000000000000
Frame 0026    0001 0000000000000000  0001 0000000000000000  0001 0000000000000000  0001 0000000000000000  0001 0000000000000000  0001 0000000000000000  0001 0000000000000000  0001 0000000000000000  0001 0000000000000000  0000 0000000000000000  0000 0000000000000000  0000 0000000000000000
Frame 0027    0001 0000000000000000  0001 0000000000000000  0001 0000000000000000  0001 0000000000000000  0001 0000000000000000  0001 0000000000000000  0001 0000000000000000  0001 0000000000000000  0001 0000000000000000  0000 0000000000000000  0000 0000000000000000  0000 0000000000000000
Frame 0028    0001 000000000000d0b7  0001 00076bc2b0b21605  0001 0000000000000000  0001 0007c44201441405  0001 0007e701418a1405  0001 00041d0201ec1205  0001 00045ec263391abd  0001 00049d4363471abd  0001 0000000000000000  0000 0000000000000000  0000 0000000000000000  0000 0000000000000000
Frame 0029    0001 0000000000009e5c  0001 00076bc0fff81202  0001 0007a80050b21002  0001 0007f5c011a80e02  0001 00043c7fd264083a  0001 0004a13f53c6083a  0001 0000000000000000  0001 0000000000000000  0001 0000000000000000  0000 0000000000000000  0000 0000000000000000  0000 0000000000000000
Frame 0030    0001 0000000000000000  0001 0000000000000000  0001 0000000000000000  0001 0000000000000000  0001 0000000000000000  0001 0000000000000000  0001 0000000000000000  0001 0000000000000000  0001 0000000000000000  0000 0000000000000000  0000 0000000000000000  0000 0000000000000000
Frame 0031    0001 0000000000000000  0001 0000000000000000  0001 0000000000000000  0001 0000000000000000  0001 0000000000000000  0001 0000000000000000  0001 0000000000000000  0001 0000000000000000  0001 0000000000000000  0000 0000000000000000  0000 0000000000000000  0000 0000000000000000
Frame 0032    0001 000000000000c993  0001 00076bc3a0021a08  0001 00077a4300201a08  0001 000790c330321808  0001 0007b182005e1808  0001 0007d7c1f08c1608  0001 0000000000000000  0001 0000000000000000  0001 0000000000000000  0000 0000000000000000  0000 0000000000000000  0000 0000000000000000
Frame 0033    0001 0000000000000000  0001 0000000000000000  0001 0000000000000000  0001 0000000000000000  0001 0000000000000000  0001 0000000000000000  0001 0000000000000000  0001 0000000000000000  0001 0000000000000000  0000 0000000000000000  0000 0000000000000000  0000 0000000000000000
Frame 0034    0001 000000000000cfa6  0001 00076c3880321a04  0001 0007aafc10321804  0001 0000000000000000  0001 0007f63fe0341604  0001 0004260220301404  0001 00045ec540734e90  0001 0004b8ca3efb4e90  0001 0004f58e80934e90  0000 0000000000000000  0000 0000000000000000  0000 0000000000000000
Frame 0035    0001 0000000000000000  0001 0000000000000000  0001 0000000000000000  0001 0000000000000000  0001 0000000000000000  0001 0000000000000000  0001 0000000000000000  0001 0000000000000000  0001 0000000000000000  0000 0000000000000000  0000 0000000000000000  0000 0000000000000000
Frame 0036    0001 0000000000000000  0001 0000000000000000  0001 0000000000000000  0001 0000000000000000  0001 0000000000000000  0001 0000000000000000  0001 0000000000000000  0001 0000000000000000  0001 0000000000000000  0000 0000000000000000  0000 0000000000000000  0000 0000000000000000
Frame 0037    0001 0000000000000000  0001 0000000000000000  0001 0000000000000000  0001 0000000000000000  0001 0000000000000000  0001 0000000000000000  0001 0000000000000000  0001 0000000000000000  0001 0000000000000000  0000 0000000000000000  0000 0000000000000000  0000 0000000000000000
Frame 0038    0001 000000000000e4fd  0001 00076bf7b05e1202  0001 0007a83900ce1002  0001 0007f2fba1620e02  0001 00044c3de1e6083a  0001 00049fc07330083a  0001 0004fe02e40a063a  0001 0000000000000000  0001 0000000000000000  0000 0000000000000000  0000 0000000000000000  0000 0000000000000000
Frame 0039    0001 000000000000b266  0001 00076f4b8fd61a04  0001 0007af48dfb41804  0001 0000000000000000  0001 0007fd45af881604  0001 00042d843f7e1404  0001 00047781de6d4e90  0001 0004b8ff7eb14e90  0001 0000000000000000  0000 0000000000000000  0000 0000000000000000  0000 0000000000000000
Frame 0040    0001 000000000000a2d8  0001 000765c070dc1405  0001 0007aa82a0361205  0001 0007d4828ff41204  0001 0007fb026fa21204  0001 00042c424fdae8a7  0001 00045ec2de06e8a7  0001 0004b8c22f6ae8a7  0001 0000000000000000  0000 0000000000000000  0000 0000000000000000  0000 0000000000000000
Frame 0041    0001 0000000000000000  0001 0000000000000000  0001 0000000000000000  0001 0000000000000000  0001 0000000000000000  0001 0000000000000000  0001 0000000000000000  0001 0000000000000000  0001 0000000000000000  0000 0000000000000000  0000 0000000000000000  0000 0000000000000000
Frame 0042    0001 0000000000000000  0001 0000000000000000  0001 0000000000000000  0001 0000000000000000  0001 0000000000000000  0001 0000000000000000  0001 0000000000000000  0001 0000000000000000  0001 0000000000000000  0000 0000000000000000  0000 0000000000000000  0000 0000000000000000
Frame 0043    0001 0000000000000000  0001 0000000000000000  0001 0000000000000000  0001 0000000000000000  0001 0000000000000000  0001 0000000000000000  0001 0000000000000000  0001 0000000000000000  0001 0000000000000000  0000 0000000000000000  0000 0000000000000000  0000 0000000000000000
Frame 0044    0001 0000000000000000  0001 0000000000000000  0001 0000000000000000  0001 0000000000000000  0001 0000000000000000  0001 0000000000000000  0001 0000000000000000  0001 0000000000000000  0001 0000000000000000  0000 0000000000000000  0000 0000000000000000  0000 0000000000000000
Frame 0045    0001 0000000000000000  0001 0000000000000000  0001 0000000000000000  0001 0000000000000000  0001 0000000000000000  0001 0000000000000000  0001 0000000000000000  0001 0000000000000000  0001 0000000000000000  0000 0000000000000000  0000 0000000000000000  0000 0000000000000000
Frame 0046    0001 0000000000000000  0001 0000000000000000  0001 0000000000000000  0001 0000000000000000  0001 0000000000000000  0001 0000000000000000  0001 0000000000000000  0001 0000000000000000  0001 0000000000000000  0000 0000000000000000  0000 0000000000000000  0000 0000000000000000
Frame 0047    0001 000000000000e387  0001 00076fc97fd81205  0001 0007ad08bf561005  0001 0007df87bede0e04  0001 00040d872e680e04  0001 000444c62ddeb4a7  0001 000484c52db8b4a7  0001 0004dcc45c4eb4a7  0001 0000000000000000  0000 0000000000000000  0000 0000000000000000  0000 0000000000000000
Frame 0048    0001 000000000000c85f  0001 00076bc5802a1201  0001 0007a806402c1001  0001 0007e9c7602e0e01  0001 00044c0860480c3a  0001 0004a1c9aff20c3a  0001 00050e0a8ff60a3a  0001 0000000000000000  0001 0000000000000000  0000 0000000000000000  0000 0000000000000000  0000 0000000000000000
Frame 0049    0001 0000000000000000  0001 0000000000000000  0001 0000000000000000  0001 0000000000000000  0001 0000000000000000  0001 0000000000000000  0001 0000000000000000  0001 0000000000000000  0001 0000000000000000  0000 0000000000000000  0000 0000000000000000  0000 0000000000000000
Frame 0050    0001 0000000000009429  0001 0000000000000000  0001 0000000000000000  0001 0000000000000000  0001 0007bb88311a0c06  0001 0007e54401500c06  0001 00041581f18a0a06  0001 000444c212a482d3  0001 0000000000000000  0000 0000000000000000  0000 0000000000000000  0000 0000000000000000
Frame 0051    0001 000000000000a200  0001 00076bf92f560e01  0001 0007a83abffa0c01  0001 0007f2bcf0cc0a01  0001 00044cbeb1cc083a  0001 000491c05230083a  0001 00050f83d408063a  0001 0000000000000000  0001 0000000000000000  0000 0000000000000000  0000 0000000000000000  0000 0000000000000000
Frame 0052    0001 0000000000000000  0001 0000000000000000  0001 0000000000000000  0001 0000000000000000  0001 0000000000000000  0001 0000000000000000  0001 0000000000000000  0001 0000000000000000  0001 0000000000000000  0000 0000000000000000  0000 0000000000000000  0000 0000000000000000
Frame 0053    0001 0000000000000000  0001 0000000000000000  0001 0000000000000000  0001 0000000000000000  0001 0000000000000000  0001 0000000000000000  0001 0000000000000000  0001 0000000000000000  0001 0000000000000000  0000 0000000000000000  0000 0000000000000000  0000 0000000000000000
Frame 0054    0001 0000000000000000  0001 0000000000000000  0001 0000000000000000  0001 0000000000000000  0001 0000000000000000  0001 0000000000000000  0001 0000000000000000  0001 0000000000000000  0001 0000000000000000  0000 0000000000000000  0000 0000000000000000  0000 0000000000000000
Frame 0055    0001 0000000000000000  0001 0000000000000000  0001 0000000000000000  0001 0000000000000000  0001 0000000000000000  0001 0000000000000000  0001 0000000000000000  0001 0000000000000000  0001 0000000000000000  0000 0000000000000000  0000 0000000000000000  0000 0000000000000000
Frame 0056    0001 0000000000000000  0001 0000000000000000  0001 0000000000000000  0001 0000000000000000  0001 0000000000000000  0001 0000000000000000  0001 0000000000000000  0001 0000000000000000  0001 0000000000000000  0000 0000000000000000  0000 0000000000000000  0000 0000000000000000
Frame 0057    0001 0000000000000000  0001 0000000000000000  0001 0000000000000000  0001 0000000000000000  0001 0000000000000000  0001 0000000000000000  0001 0000000000000000  0001 0000000000000000  0001 0000000000000000  0000 0000000000000000  0000 0000000000000000  0000 0000000000000000
Frame 0058    0001 0000000000000000  0001 0000000000000000  0001 0000000000000000  0001 0000000000000000  0001 0000000000000000  0001 0000000000000000  0001 0000000000000000  0001 0000000000000000  0001 0000000000000000  0000 0000000000000000  0000 0000000000000000  0000 0000000000000000
Frame 0059    0001 0000000000000000  0001 0000000000000000  0001 0000000000000000  0001 0000000000000000  0001 0000000000000000  0001 0000000000000000  0001 0000000000000000  0001 0000000000000000  0001 0000000000000000  0000 0000000000000000  0000 0000000000000000  0000 0000000000000000
Frame 0060    0001 0000000000009b01  0001 00076bc6a0d01201  0001 0007a806410c1001  0001 0007f146516a0e01  0001 00044c46916c083a  0001 0004a1070270083a  0001 0004fe06e2f6063a  0001 0000000000000000  0001 0000000000000000  0000 0000000000000000  0000 0000000000000000  0000 0000000000000000
Frame 0061    0001 0000000000000000  0001 0000000000000000  0001 0000000000000000  0001 0000000000000000  0001 0000000000000000  0001 0000000000000000  0001 0000000000000000  0001 0000000000000000  0001 0000000000000000  0000 0000000000000000  0000 0000000000000000  0000 0000000000000000
Frame 0062    0001 0000000000000000  0001 0000000000000000  0001 0000000000000000  0001 0000000000000000  0001 0000000000000000  0001 0000000000000000  0001 0000000000000000  0001 0000000000000000  0001 0000000000000000  0000 0000000000000000  0000 0000000000000000  0000 0000000000000000
Frame 0063    0001 000000000000d21f  0001 00076bf77f8e1001  0001 0007a839af8a0e01  0001 0007f2bc0f880c01  0001 00043c7e1f680a3a  0001 00049fc0ef080a3a  0001 00050e032fdc083a  0001 0000000000000000  0001 0000000000000000  0000 0000000000000000  0000 0000000000000000  0000 0000000000000000
Frame 0064    0001 0000000000000000  0001 0000000000000000  0001 0000000000000000  0001 0000000000000000  0001 0000000000000000  0001 0000000000000000  0001 0000000000000000  0001 0000000000000000  0001 0000000000000000  0000 0000000000000000  0000 0000000000000000  0000 0000000000000000
Frame 0065    0001 0000000000000000  0001 0000000000000000  0001 0000000000000000  0001 0000000000000000  0001 0000000000000000  0001 0000000000000000  0001 0000000000000000  0001 0000000000000000  0001 0000000000000000  0000 0000000000000000  0000 0000000000000000  0000 0000000000000000
Frame 0066    0001 000000000000e25e  0001 00076bf9f09c0e01  0001 0007a839a0460c01  0001 0007f2fa1fea0a01  0001 00043bba6f8e083a  0001 0004a1ba9ed2083a  0001 00050fbb5e64063a  0001 0000000000000000  0001 0000000000000000  0000 0000000000000000  0000 0000000000000000  0000 0000000000000000
Frame 0067    0001 0000000000000000  0001 0000000000000000  0001 0000000000000000  0001 0000000000000000  0001 0000000000000000  0001 0000000000000000  0001 0000000000000000  0001 0000000000000000  0001 0000000000000000  0000 0000000000000000  0000 0000000000000000  0000 0000000000000000
Frame 0068    0001 0000000000000000  0001 0000000000000000  0001 0000000000000000  0001 0000000000000000  0001 0000000000000000  0001 0000000000000000  0001 0000000000000000  0001 0000000000000000  0001 0000000000000000  0000 0000000000000000  0000 0000000000000000  0000 0000000000000000
Frame 0069    0001 0000000000000000  0001 0000000000000000  0001 0000000000000000  0001 0000000000000000  0001 0000000000000000  0001 0000000000000000  0001 0000000000000000  0001 0000000000000000  0001 0000000000000000  0000 0000000000000000  0000 0000000000000000  0000 0000000000000000
Frame 0070    0001 0000000000000000  0001 0000000000000000  0001 0000000000000000  0001 0000000000000000  0001 0000000000000000  0001 0000000000000000  0001 0000000000000000  0001 0000000000000000  0001 0000000000000000  0000 0000000000000000  0000 0000000000000000  0000 0000000000000000
Frame 0071    0001 000000000000d17d  0001 00076bfdf0501602  0001 0007a83e40a61402  0001 0007f2fec11c1202  0001 00043cbea18c0a3a  0001 0000000000000000  0001 0000000000000000  0001 0000000000000000  0001 0000000000000000  0000 0000000000000000  0000 0000000000000000  0000 0000000000000000
Frame 0072    0001 0000000000000000  0001 0000000000000000  0001 0000000000000000  0001 0000000000000000  0001 0000000000000000  0001 0000000000000000  0001 0000000000000000  0001 0000000000000000  0001 0000000000000000  0000 0000000000000000  0000 0000000000000000  0000 0000000000000000
Frame 0073    0001 0000000000000000  0001 0000000000000000  0001 0000000000000000  0001 0000000000000000  0001 0000000000000000  0001 0000000000000000  0001 0000000000000000  0001 0000000000000000  0001 0000000000000000  0000 0000000000000000  0000 0000000000000000  0000 0000000000000000
Frame 0074    0001 0000000000000000  0001 0000000000000000  0001 0000000000000000  0001 0000000000000000  0001 0000000000000000  0001 0000000000000000  0001 0000000000000000  0001 0000000000000000  0001 0000000000000000  0000 0000000000000000  0000 0000000000000000  0000 0000000000000000
Frame 0075    0001 0000000000000000  0001 0000000000000000  0001 0000000000000000  0001 0000000000000000  0001 0000000000000000  0001 0000000000000000  0001 0000000000000000  0001 0000000000000000  0001 0000000000000000  0000 0000000000000000  0000 0000000000000000  0000 0000000000000000
Frame 0076    0001 0000000000000000  0001 0000000000000000  0001 0000000000000000  0001 0000000000000000  0001 0000000000000000  0001 0000000000000000  0001 0000000000000000  0001 0000000000000000  0001 0000000000000000  0000 0000000000000000  0000 0000000000000000  0000 0000000000000000
Frame 0077    0001 0000000000000000  0001 0000000000000000  0001 0000000000000000  0001 0000000000000000  0001 0000000000000000  0001 0000000000000000  0001 0000000000000000  0001 0000000000000000  0001 0000000000000000  0000 0000000000000000  0000 0000000000000000  0000 0000000000000000
Frame 0078    0001 0000000000000000  0001 0000000000000000  0001 0000000000000000  0001 0000000000000000  0001 0000000000000000  0001 0000000000000000  0001 0000000000000000  0001 0000000000000000  0001 0000000000000000  0000 0000000000000000  0000 0000000000000000  0000 0000000000000000
Frame 0079    0001 0000000000000000  0001 0000000000000000  0001 0000000000000000  0001 0000000000000000  0001 0000000000000000  0001 0000000000000000  0001 0000000000000000  0001 0000000000000000  0001 0000000000000000  0000 0000000000000000  0000 0000000000000000  0000 0000000000000000
Frame 0080    0001 0000000000000000  0001 0000000000000000  0001 0000000000000000  0001 0000000000000000  0001 0000000000000000  0001 0000000000000000  0001 0000000000000000  0001 0000000000000000  0001 0000000000000000  0000 0000000000000000  0000 0000000000000000  0000 0000000000000000
Frame 0081    0001 0000000000000000  0001 0000000000000000  0001 0000000000000000  0001 0000000000000000  0001 0000000000000000  0001 0000000000000000  0001 0000000000000000  0001 0000000000000000  0001 0000000000000000  0000 0000000000000000  0000 0000000000000000  0000 0000000000000000
Frame 0082    0001 000000000000e1d7  0001 000778c1b0a21205  0001 0007a83ee0e41005  0001 0007c33db1180e05  0001 0000000000000000  0001 00041df8d1b20c05  0001 0000000000000000  0001 0000000000000000  0001 0000000000000000  0000 0000000000000000  0000 0000000000000000  0000 0000000000000000
Frame 0083    0001 0000000000000000  0001 0000000000000000  0001 0000000000000000  0001 0000000000000000  0001 0000000000000000  0001 0000000000000000  0001 0000000000000000  0001 0000000000000000  0001 0000000000000000  0000 0000000000000000  0000 0000000000000000  0000 0000000000000000
Frame 0084    0001 0000000000000000  0001 0000000000000000  0001 0000000000000000  0001 0000000000000000  0001 0000000000000000  0001 0000000000000000  0001 0000000000000000  0001 0000000000000000  0001 0000000000000000  0000 0000000000000000  0000 0000000000000000  0000 0000000000000000
Frame 0085    0001 0000000000000000  0001 0000000000000000  0001 0000000000000000  0001 0000000000000000  0001 0000000000000000  0001 0000000000000000  0001 0000000000000000  0001 0000000000000000  0001 0000000000000000  0000 0000000000000000  0000 0000000000000000  0000 0000000000000000
Frame 0086    0001 000000000000843f  0001 00075e3aa02c0c01  0001 0007a7fdf0560801  0001 0007f27e30c80601  0001 000443fe80fc043a  0001 0000000000000000  0001 0000000000000000  0001 0000000000000000  0001 0000000000000000  0000 0000000000000000  0000 0000000000000000  0000 0000000000000000
Frame 0087    0001 000000000000e2e2  0001 00076bc63fb61202  0001 0007a803ff721002  0001 0007ff814f160e02  0001 00044aff6e4c083a  0001 0004907dbeae083a  0001 0004fe3b1e34063a  0001 0000000000000000  0001 0000000000000000  0000 0000000000000000  0000 0000000000000000  0000 0000000000000000
Frame 0088    0001 0000000000000000  0001 0000000000000000  0001 0000000000000000  0001 0000000000000000  0001 0000000000000000  0001 0000000000000000  0001 0000000000000000  0001 0000000000000000  0001 0000000000000000  0000 0000000000000000  0000 0000000000000000  0000 0000000000000000
Frame 0089    0001 0000000000009bda  0001 00076bfd107a1204  0001 0007a83b60f41004  0001 0000000000000000  0001 00043877e1c2b47a  0001 000481770244b47a  0001 0004d1759326b47a  0001 0000000000000000  0001 0000000000000000  0000 0000000000000000  0000 0000000000000000  0000 0000000000000000
Frame 0090    0001 0000000000000000  0001 0000000000000000  0001 0000000000000000  0001 0000000000000000  0001 0000000000000000  0001 0000000000000000  0001 0000000000000000  0001 0000000000000000  0001 0000000000000000  0000 0000000000000000  0000 0000000000000000  0000 0000000000000000
Frame 0091    0001 0000000000000000  0001 0000000000000000  0001 0000000000000000  0001 0000000000000000  0001 0000000000000000  0001 0000000000000000  0001 0000000000000000  0001 0000000000000000  0001 0000000000000000  0000 0000000000000000  0000 0000000000000000  0000 0000000000000000
Frame 0092    0001 0000000000000000  0001 0000000000000000  0001 0000000000000000  0001 0000000000000000  0001 0000000000000000  0001 0000000000000000  0001 0000000000000000  0001 0000000000000000  0001 0000000000000000  0000 0000000000000000  0000 0000000000000000  0000 0000000000000000
Frame 0093    0001 0000000000000000  0001 0000000000000000  0001 0000000000000000  0001 0000000000000000  0001 0000000000000000  0001 0000000000000000  0001 0000000000000000  0001 0000000000000000  0001 0000000000000000  0000 0000000000000000  0000 0000000000000000  0000 0000000000000000
Frame 0094    0001 0000000000000000  0001 0000000000000000  0001 0000000000000000  0001 0000000000000000  0001 0000000000000000  0001 0000000000000000  0001 0000000000000000  0001 0000000000000000  0001 0000000000000000  0000 0000000000000000  0000 0000000000000000  0000 0000000000000000
Frame 0095    0001 0000000000000000  0001 0000000000000000  0001 0000000000000000  0001 0000000000000000  0001 0000000000000000  0001 0000000000000000  0001 0000000000000000  0001 0000000000000000  0001 0000000000000000  0000 0000000000000000  0000 0000000000000000  0000 0000000000000000
Frame 0096    0001 0000000000000000  0001 0000000000000000  0001 0000000000000000  0001 0000000000000000  0001 0000000000000000  0001 0000000000000000  0001 0000000000000000  0001 0000000000000000  0001 0000000000000000  0000 0000000000000000  0000 0000000000000000  0000 0000000000000000
Frame 0097    0001 0000000000000000  0001 0000000000000000  0001 0000000000000000  0001 0000000000000000  0001 0000000000000000  0001 0000000000000000  0001 0000000000000000  0001 0000000000000000  0001 0000000000000000  0000 0000000000000000  0000 0000000000000000  0000 0000000000000000
Frame 0098    0001 0000000000000000  0001 0000000000000000  0001 0000000000000000  0001 0000000000000000  0001 0000000000000000  0001 0000000000000000  0001 0000000000000000  0001 0000000000000000  0001 0000000000000000  0000 0000000000000000  0000 0000000000000000  0000 0000000000000000
Frame 0099    0001 0000000000000000  0001 0000000000000000  0001 0000000000000000  0001 0000000000000000  0001 0000000000000000  0001 0000000000000000  0001 0000000000000000  0001 0000000000000000  0001 0000000000000000  0000 0000000000000000  0000 0000000000000000  0000 0000000000000000
Frame 0100    0001 0000000000000000  0001 0000000000000000  0001 0000000000000000  0001 0000000000000000  0001 0000000000000000  0001 0000000000000000  0001 0000000000000000  0001 0000000000000000  0001 0000000000000000  0000 0000000000000000  0000 0000000000000000  0000 0000000000000000
Frame 0101    0001 0000000000000000  0001 0000000000000000  0001 0000000000000000  0001 0000000000000000  0001 0000000000000000  0001 0000000000000000  0001 0000000000000000  0001 0000000000000000  0001 0000000000000000  0000 0000000000000000  0000 0000000000000000  0000 0000000000000000
Frame 0102    0001 0000000000000000  0001 0000000000000000  0001 0000000000000000  0001 0000000000000000  0001 0000000000000000  0001 0000000000000000  0001 0000000000000000  0001 0000000000000000  0001 0000000000000000  0000 0000000000000000  0000 0000000000000000  0000 0000000000000000
Frame 0103    0001 0000000000000000  0001 0000000000000000  0001 0000000000000000  0001 0000000000000000  0001 0000000000000000  0001 0000000000000000  0001 0000000000000000  0001 0000000000000000  0001 0000000000000000  0000 0000000000000000  0000 0000000000000000  0000 0000000000000000
Frame 0104    0001 0000000000000000  0001 0000000000000000  0001 0000000000000000  0001 0000000000000000  0001 0000000000000000  0001 0000000000000000  0001 0000000000000000  0001 0000000000000000  0001 0000000000000000  0000 0000000000000000  0000 0000000000000000  0000 0000000000000000
Frame 0105    0001 0000000000000000  0001 0000000000000000  0001 0000000000000000  0001 0000000000000000  0001 0000000000000000  0001 0000000000000000  0001 0000000000000000  0001 0000000000000000  0001 0000000000000000  0000 0000000000000000  0000 0000000000000000  0000 0000000000000000
Frame 0106    0001 0000000000000000  0001 0000000000000000  0001 0000000000000000  0001 0000000000000000  0001 0000000000000000  0001 0000000000000000  0001 0000000000000000  0001 0000000000000000  0001 0000000000000000  0000 0000000000000000  0000 0000000000000000  0000 0000000000000000
Frame 0107    0001 0000000000000000  0001 0000000000000000  0001 0000000000000000  0001 0000000000000000  0001 0000000000000000  0001 0000000000000000  0001 0000000000000000  0001 0000000000000000  0001 0000000000000000  0000 0000000000000000  0000 0000000000000000  0000 0000000000000000
Frame 0108    0001 0000000000000000  0001 0000000000000000  0001 0000000000000000  0001 0000000000000000  0001 0000000000000000  0001 0000000000000000  0001 0000000000000000  0001 0000000000000000  0001 0000000000000000  0000 0000000000000000  0000 0000000000000000  0000 0000000000000000
Frame 0109    0001 0000000000000000  0001 0000000000000000  0001 0000000000000000  0001 0000000000000000  0001 0000000000000000  0001 0000000000000000  0001 0000000000000000  0001 0000000000000000  0001 0000000000000000  0000 0000000000000000  0000 0000000000000000  0000 0000000000000000
Frame 0110    0001 0000000000000000  0001 0000000000000000  0001 0000000000000000  0001 0000000000000000  0001 0000000000000000  0001 0000000000000000  0001 0000000000000000  0001 0000000000000000  0001 0000000000000000  0000 0000000000000000  0000 0000000000000000  0000 0000000000000000
Frame 0111    0001 0000000000000000  0001 0000000000000000  0001 0000000000000000  0001 0000000000000000  0001 0000000000000000  0001 0000000000000000  0001 0000000000000000  0001 0000000000000000  0001 0000000000000000  0000 0000000000000000  0000 0000000000000000  0000 0000000000000000
Frame 0112    0001 0000000000000000  0001 0000000000000000  0001 0000000000000000  0001 0000000000000000  0001 0000000000000000  0001 0000000000000000  0001 0000000000000000  0001 0000000000000000  0001 0000000000000000  0000 0000000000000000  0000 0000000000000000  0000 0000000000000000
Frame 0113    0001 0000000000000000  0001 0000000000000000  0001 0000000000000000  0001 0000000000000000  0001 0000000000000000  0001 0000000000000000  0001 0000000000000000  0001 0000000000000000  0001 0000000000000000  0000 0000000000000000  0000 0000000000000000  0000 0000000000000000
Frame 0114    0001 0000000000000000  0001 0000000000000000  0001 0000000000000000  0001 0000000000000000  0001 0000000000000000  0001 0000000000000000  0001 0000000000000000  0001 0000000000000000  0001 0000000000000000  0000 0000000000000000  0000 0000000000000000  0000 0000000000000000
Frame 0115    0001 0000000000000000  0001 0000000000000000  0001 0000000000000000  0001 0000000000000000  0001 0000000000000000  0001 0000000000000000  0001 0000000000000000  0001 0000000000000000  0001 0000000000000000  0000 0000000000000000  0000 0000000000000000  0000 0000000000000000
Frame 0116    0001 0000000000000000  0001 0000000000000000  0001 0000000000000000  0001 0000000000000000  0001 0000000000000000  0001 0000000000000000  0001 0000000000000000  0001 0000000000000000  0001 0000000000000000  0000 0000000000000000  0000 0000000000000000  0000 0000000000000000
Frame 0117    0001 0000000000000000  0001 0000000000000000  0001 0000000000000000  0001 0000000000000000  0001 0000000000000000  0001 0000000000000000  0001 0000000000000000  0001 0000000000000000  0001 0000000000000000  0000 0000000000000000  0000 0000000000000000  0000 0000000000000000
Frame 0118    0001 0000000000000000  0001 0000000000000000  0001 0000000000000000  0001 0000000000000000  0001 0000000000000000  0001 0000000000000000  0001 0000000000000000  0001 0000000000000000  0001 0000000000000000  0000 0000000000000000  0000 0000000000000000  0000 0000000000000000
Frame 0119    0001 0000000000000000  0001 0000000000000000  0001 0000000000000000  0001 0000000000000000  0001 0000000000000000  0001 0000000000000000  0001 0000000000000000  0001 0000000000000000  0001 0000000000000000  0000 0000000000000000  0000 0000000000000000  0000 0000000000000000
Frame 0120    0001 0000000000000000  0001 0000000000000000  0001 0000000000000000  0001 0000000000000000  0001 0000000000000000  0001 0000000000000000  0001 0000000000000000  0001 0000000000000000  0001 0000000000000000  0000 0000000000000000  0000 0000000000000000  0000 0000000000000000
Frame 0121    0001 0000000000000000  0001 0000000000000000  0001 0000000000000000  0001 0000000000000000  0001 0000000000000000  0001 0000000000000000  0001 0000000000000000  0001 0000000000000000  0001 0000000000000000  0000 0000000000000000  0000 0000000000000000  0000 0000000000000000
Frame 0122    0001 0000000000000000  0001 0000000000000000  0001 0000000000000000  0001 0000000000000000  0001 0000000000000000  0001 0000000000000000  0001 0000000000000000  0001 0000000000000000  0001 0000000000000000  0000 0000000000000000  0000 0000000000000000  0000 0000000000000000
Frame 0123    0001 0000000000000000  0001 0000000000000000  0001 0000000000000000  0001 0000000000000000  0001 0000000000000000  0001 0000000000000000  0001 0000000000000000  0001 0000000000000000  0001 0000000000000000  0000 0000000000000000  0000 0000000000000000  0000 0000000000000000
Frame 0124    0001 0000000000000000  0001 0000000000000000  0001 0000000000000000  0001 0000000000000000  0001 0000000000000000  0001 0000000000000000  0001 0000000000000000  0001 0000000000000000  0001 0000000000000000  0000 0000000000000000  0000 0000000000000000  0000 0000000000000000
Frame 0125    0001 0000000000000000  0001 0000000000000000  0001 0000000000000000  0001 0000000000000000  0001 0000000000000000  0001 0000000000000000  0001 0000000000000000  0001 0000000000000000  0001 0000000000000000  0000 0000000000000000  0000 0000000000000000  0000 0000000000000000
Frame 0126    0001 0000000000000000  0001 0000000000000000  0001 0000000000000000  0001 0000000000000000  0001 0000000000000000  0001 0000000000000000  0001 0000000000000000  0001 0000000000000000  0001 0000000000000000  0000 0000000000000000  0000 0000000000000000  0000 0000000000000000
Frame 0127    0001 0000000000000000  0001 0000000000000000  0001 0000000000000000  0001 0000000000000000  0001 0000000000000000  0001 0000000000000000  0001 0000000000000000  0001 0000000000000000  0001 0000000000000000  0000 0000000000000000  0000 0000000000000000  0000 0000000000000000
Frame 0128    0001 0000000000000000  0001 0000000000000000  0001 0000000000000000  0001 0000000000000000  0001 0000000000000000  0001 0000000000000000  0001 0000000000000000  0001 0000000000000000  0001 0000000000000000  0000 0000000000000000  0000 0000000000000000  0000 0000000000000000
Frame 0129    0001 0000000000000000  0001 0000000000000000  0001 0000000000000000  0001 0000000000000000  0001 0000000000000000  0001 0000000000000000  0001 0000000000000000  0001 0000000000000000  0001 0000000000000000  0000 0000000000000000  0000 0000000000000000  0000 0000000000000000
Frame 0130    0001 0000000000000000  0001 0000000000000000  0001 0000000000000000  0001 0000000000000000  0001 0000000000000000  0001 0000000000000000  0001 0000000000000000  0001 0000000000000000  0001 0000000000000000  0000 0000000000000000  0000 0000000000000000  0000 0000000000000000
Frame 0131    0001 0000000000000000  0001 0000000000000000  0001 0000000000000000  0001 0000000000000000  0001 0000000000000000  0001 0000000000000000  0001 0000000000000000  0001 0000000000000000  0001 0000000000000000  0000 0000000000000000  0000 0000000000000000  0000 0000000000000000
Frame 0132    0001 0000000000000000  0001 0000000000000000  0001 0000000000000000  0001 0000000000000000  0001 0000000000000000  0001 0000000000000000  0001 0000000000000000  0001 0000000000000000  0001 0000000000000000  0000 0000000000000000  0000 0000000000000000  0000 0000000000000000
Frame 0133    0001 0000000000000000  0001 0000000000000000  0001 0000000000000000  0001 0000000000000000  0001 0000000000000000  0001 0000000000000000  0001 0000000000000000  0001 0000000000000000  0001 0000000000000000  0000 0000000000000000  0000 0000000000000000  0000 0000000000000000
Frame 0134    0001 0000000000000000  0001 0000000000000000  0001 0000000000000000  0001 0000000000000000  0001 0000000000000000  0001 0000000000000000  0001 0000000000000000  0001 0000000000000000  0001 0000000000000000  0000 0000000000000000  0000 0000000000000000  0000 0000000000000000
Frame 0135    0001 0000000000000000  0001 0000000000000000  0001 0000000000000000  0001 0000000000000000  0001 0000000000000000  0001 0000000000000000  0001 0000000000000000  0001 0000000000000000  0001 0000000000000000  0000 0000000000000000  0000 0000000000000000  0000 0000000000000000
Frame 0136    0001 0000000000000000  0001 0000000000000000  0001 0000000000000000  0001 0000000000000000  0001 0000000000000000  0001 0000000000000000  0001 0000000000000000  0001 0000000000000000  0001 0000000000000000  0000 0000000000000000  0000 0000000000000000  0000 0000000000000000
Frame 0137    0001 0000000000000000  0001 0000000000000000  0001 0000000000000000  0001 0000000000000000  0001 0000000000000000  0001 0000000000000000  0001 0000000000000000  0001 0000000000000000  0001 0000000000000000  0000 0000000000000000  0000 0000000000000000  0000 0000000000000000
Frame 0138    0001 0000000000000000  0001 0000000000000000  0001 0000000000000000  0001 0000000000000000  0001 0000000000000000  0001 0000000000000000  0001 0000000000000000  0001 0000000000000000  0001 0000000000000000  0000 0000000000000000  0000 0000000000000000  0000 0000000000000000
Frame 0139    0001 0000000000000000  0001 0000000000000000  0001 0000000000000000  0001 0000000000000000  0001 0000000000000000  0001 0000000000000000  0001 0000000000000000  0001 0000000000000000  0001 0000000000000000  0000 0000000000000000  0000 0000000000000000  0000 0000000000000000
Frame 0140    0001 0000000000000000  0001 0000000000000000  0001 0000000000000000  0001 0000000000000000  0001 0000000000000000  0001 0000000000000000  0001 0000000000000000  0001 0000000000000000  0001 0000000000000000  0000 0000000000000000  0000 0000000000000000  0000 0000000000000000
Frame 0141    0001 0000000000000000  0001 0000000000000000  0001 0000000000000000  0001 0000000000000000  0001 0000000000000000  0001 0000000000000000  0001 0000000000000000  0001 0000000000000000  0001 0000000000000000  0000 0000000000000000  0000 0000000000000000  0000 0000000000000000
Frame 0142    0001 0000000000000000  0001 0000000000000000  0001 0000000000000000  0001 0000000000000000  0001 0000000000000000  0001 0000000000000000  0001 0000000000000000  0001 0000000000000000  0001 0000000000000000  0000 0000000000000000  0000 0000000000000000  0000 0000000000000000
Frame 0143    0001 0000000000000000  0001 0000000000000000  0001 0000000000000000  0001 0000000000000000  0001 0000000000000000  0001 0000000000000000  0001 0000000000000000  0001 0000000000000000  0001 0000000000000000  0000 0000000000000000  0000 0000000000000000  0000 0000000000000000
Frame 0144    0001 0000000000000000  0001 0000000000000000  0001 0000000000000000  0001 0000000000000000  0001 0000000000000000  0001 0000000000000000  0001 0000000000000000  0001 0000000000000000  0001 0000000000000000  0000 0000000000000000  0000 0000000000000000  0000 0000000000000000
Frame 0145    0001 0000000000000000  0001 0000000000000000  0001 0000000000000000  0001 0000000000000000  0001 0000000000000000  0001 0000000000000000  0001 0000000000000000  0001 0000000000000000  0001 0000000000000000  0000 0000000000000000  0000 0000000000000000  0000 0000000000000000
Frame 0146    0001 0000000000000000  0001 0000000000000000  0001 0000000000000000  0001 0000000000000000  0001 0000000000000000  0001 0000000000000000  0001 0000000000000000  0001 0000000000000000  0001 0000000000000000  0000 0000000000000000  0000 0000000000000000  0000 0000000000000000
Frame 0147    0001 0000000000000000  0001 0000000000000000  0001 0000000000000000  0001 0000000000000000  0001 0000000000000000  0001 0000000000000000  0001 0000000000000000  0001 0000000000000000  0001 0000000000000000  0000 0000000000000000  0000 0000000000000000  0000 0000000000000000
Frame 0148    0001 0000000000000000  0001 0000000000000000  0001 0000000000000000  0001 0000000000000000  0001 0000000000000000  0001 0000000000000000  0001 0000000000000000  0001 0000000000000000  0001 0000000000000000  0000 0000000000000000  0000 0000000000000000  0000 0000000000000000
Frame 0149    0001 0000000000000000  0001 0000000000000000  0001 0000000000000000  0001 0000000000000000  0001 0000000000000000  0001 0000000000000000  0001 0000000000000000  0001 0000000000000000  0001 0000000000000000  0000 0000000000000000  0000 0000000000000000  0000 0000000000000000
Frame 0150    0001 0000000000000000  0001 0000000000000000  0001 0000000000000000  0001 0000000000000000  0001 0000000000000000  0001 0000000000000000  0001 0000000000000000  0001 0000000000000000  0001 0000000000000000  0000 0000000000000000  0000 0000000000000000  0000 0000000000000000
Frame 0151    0001 0000000000000000  0001 0000000000000000  0001 0000000000000000  0001 0000000000000000  0001 0000000000000000  0001 0000000000000000  0001 0000000000000000  0001 0000000000000000  0001 0000000000000000  0000 0000000000000000  0000 0000000000000000  0000 0000000000000000
Frame 0152    0001 0000000000000000  0001 0000000000000000  0001 0000000000000000  0001 0000000000000000  0001 0000000000000000  0001 0000000000000000  0001 0000000000000000  0001 0000000000000000  0001 0000000000000000  0000 0000000000000000  0000 0000000000000000  0000 0000000000000000
Frame 0153    0001 0000000000000000  0001 0000000000000000  0001 0000000000000000  0001 0000000000000000  0001 0000000000000000  0001 0000000000000000  0001 0000000000000000  0001 0000000000000000  0001 0000000000000000  0000 0000000000000000  0000 0000000000000000  0000 0000000000000000
Frame 0154    0001 0000000000000000  0001 0000000000000000  0001 0000000000000000  0001 0000000000000000  0001 0000000000000000  0001 0000000000000000  0001 0000000000000000  0001 0000000000000000  0001 0000000000000000  0000 0000000000000000  0000 0000000000000000  0000 0000000000000000
Frame 0155    0001 0000000000000000  0001 0000000000000000  0001 0000000000000000  0001 0000000000000000  0001 0000000000000000  0001 0000000000000000  0001 0000000000000000  0001 0000000000000000  0001 0000000000000000  0000 0000000000000000  0000 0000000000000000  0000 0000000000000000
Frame 0156    0001 0000000000000000  0001 0000000000000000  0001 0000000000000000  0001 0000000000000000  0001 0000000000000000  0001 0000000000000000  0001 0000000000000000  0001 0000000000000000  0001 0000000000000000  0000 0000000000000000  0000 0000000000000000  0000 0000000000000000
Frame 0157    0001 0000000000000000  0001 0000000000000000  0001 0000000000000000  0001 0000000000000000  0001 0000000000000000  0001 0000000000000000  0001 0000000000000000  0001 0000000000000000  0001 0000000000000000  0000 0000000000000000  0000 0000000000000000  0000 0000000000000000
Frame 0158    0001 0000000000000000  0001 0000000000000000  0001 0000000000000000  0001 0000000000000000  0001 0000000000000000  0001 0000000000000000  0001 0000000000000000  0001 0000000000000000  0001 0000000000000000  0000 0000000000000000  0000 0000000000000000  0000 0000000000000000
Frame 0159    0001 0000000000000000  0001 0000000000000000  0001 0000000000000000  0001 0000000000000000  0001 0000000000000000  0001 0000000000000000  0001 0000000000000000  0001 0000000000000000  0001 0000000000000000  0000 0000000000000000  0000 0000000000000000  0000 0000000000000000
Frame 0160    0001 0000000000000000  0001 0000000000000000  0001 0000000000000000  0001 0000000000000000  0001 0000000000000000  0001 0000000000000000  0001 0000000000000000  0001 0000000000000000  0001 0000000000000000  0000 0000000000000000  0000 0000000000000000  0000 0000000000000000
Frame 0161    0001 0000000000000000  0001 0000000000000000  0001 0000000000000000  0001 0000000000000000  0001 0000000000000000  0001 0000000000000000  0001 0000000000000000  0001 0000000000000000  0001 0000000000000000  0000 0000000000000000  0000 0000000000000000  0000 0000000000000000
Frame 0162    0000 0000000000000000  0000 0000000000000000  0000 0000000000000000  0000 0000000000000000  0000 0000000000000000  0000 0000000000000000  0000 0000000000000000  0000 0000000000000000  0000 0000000000000000  0000 0000000000000000  0000 0000000000000000  0000 0000000000000000
Frame 0163    0000 0000000000000000  0000 0000000000000000  0000 0000000000000000  0000 0000000000000000  0000 0000000000000000  0000 0000000000000000  0000 0000000000000000  0000 0000000000000000  0000 0000000000000000  0000 0000000000000000  0000 0000000000000000  0000 0000000000000000
Frame 0164    0000 0000000000000000  0000 0000000000000000  0000 0000000000000000  0000 0000000000000000  0000 0000000000000000  0000 0000000000000000  0000 0000000000000000  0000 0000000000000000  0000 0000000000000000  0000 0000000000000000  0000 0000000000000000  0000 0000000000000000
Frame 0165    0000 0000000000000000  0000 0000000000000000  0000 0000000000000000  0000 0000000000000000  0000 0000000000000000  0000 0000000000000000  0000 0000000000000000  0000 0000000000000000  0000 0000000000000000  0000 0000000000000000  0000 0000000000000000  0000 0000000000000000
Frame 0166    0000 0000000000000000  0000 0000000000000000  0000 0000000000000000  0000 0000000000000000  0000 0000000000000000  0000 0000000000000000  0000 0000000000000000  0000 0000000000000000  0000 0000000000000000  0000 0000000000000000  0000 0000000000000000  0000 0000000000000000
Frame 0167    0000 0000000000000000  0000 0000000000000000  0000 0000000000000000  0000 0000000000000000  0000 0000000000000000  0000 0000000000000000  0000 0000000000000000  0000 0000000000000000  0000 0000000000000000  0000 0000000000000000  0000 0000000000000000  0000 0000000000000000
Frame 0168    0001 000000000000a47f  0001 00076bfe800c0e01  0001 0007a83c20400c01  0001 0000000000000000  0001 00043af8712c083a  0001 000491f600c8083a  0001 0004ffb3c17e063a  0001 0000000000000000  0001 0000000000000000  0000 0000000000000000  0000 0000000000000000  0000 0000000000000000
Frame 0169    0001 000000000000d604  0001 000773871e781603  0001 0007a805ae7a1403  0001 0007f244de721203  0001 00044ac3be540a3a  0001 0000000000000000  0001 0000000000000000  0001 0000000000000000  0001 0000000000000000  0000 0000000000000000  0000 0000000000000000  0000 0000000000000000
Frame 0170    0001 0000000000000000  0001 0000000000000000  0001 0000000000000000  0001 0000000000000000  0001 0000000000000000  0001 0000000000000000  0001 0000000000000000  0001 0000000000000000  0001 0000000000000000  0000 0000000000000000  0000 0000000000000000  0000 0000000000000000
Frame 0171    0001 000000000000cd64  0001 00076bf8df281a03  0001 0007a838aece1803  0001 0007f5b8ae6c1603  0001 00043cb91e620c3a  0001 000489f98d934e64  0001 0004d7f5fd674e64  0001 0000000000000000  0001 0000000000000000  0000 0000000000000000  0000 0000000000000000  0000 0000000000000000
Frame 0172    0001 0000000000000000  0001 0000000000000000  0001 0000000000000000  0001 0000000000000000  0001 0000000000000000  0001 0000000000000000  0001 0000000000000000  0001 0000000000000000  0001 0000000000000000  0000 0000000000000000  0000 0000000000000000  0000 0000000000000000
Frame 0173    0001 000000000000aedf  0001 00076bc8dffa1001  0001 0007a8064fae0e01  0001 0007f3044f5c0c01  0001 00043c427f380a3a  0001 0000000000000000  0001 0000000000000000  0001 0000000000000000  0001 0000000000000000  0000 0000000000000000  0000 0000000000000000  0000 0000000000000000
Frame 0174    0001 000000000000cc81  0001 00076bc120761a01  0001 0007a80260941001  0001 0000000000000000  0001 00043c4660f40c3a  0001 00049fc891520c3a  0001 00050dcaa1b40a3a  0001 0000000000000000  0001 0000000000000000  0000 0000000000000000  0000 0000000000000000  0000 0000000000000000
Frame 0175    0001 0000000000009739  0001 00076ff4f06e1004  0001 0007a83600aa0e04  0001 0007f277d0f60c04  0001 0004053841180c04  0001 0000000000000000  0001 000477b9d1708290  0001 0000000000000000  0001 0000000000000000  0000 0000000000000000  0000 0000000000000000  0000 0000000000000000
Frame 0176    0001 0000000000000000  0001 0000000000000000  0001 0000000000000000  0001 0000000000000000  0001 0000000000000000  0001 0000000000000000  0001 0000000000000000  0001 0000000000000000  0001 0000000000000000  0000 0000000000000000  0000 0000000000000000  0000 0000000000000000
Frame 0177    0001 0000000000000000  0001 0000000000000000  0001 0000000000000000  0001 0000000000000000  0001 0000000000000000  0001 0000000000000000  0001 0000000000000000  0001 0000000000000000  0001 0000000000000000  0000 0000000000000000  0000 0000000000000000  0000 0000000000000000
Frame 0178    0001 000000000000d825  0001 000772bc2fd21404  0001 0007a83e6fa61204  0001 0007f241af7e1004  0001 0000000000000000  0001 000468c60fa6e87a  0001 0004b8c8fef6e87a  0001 0000000000000000  0001 0000000000000000  0000 0000000000000000  0000 0000000000000000  0000 0000000000000000
Frame 0179    0001 0000000000000000  0001 0000000000000000  0001 0000000000000000  0001 0000000000000000  0001 0000000000000000  0001 0000000000000000  0001 0000000000000000  0001 0000000000000000  0001 0000000000000000  0000 0000000000000000  0000 0000000000000000  0000 0000000000000000
Frame 0180    0001 0000000000000000  0001 0000000000000000  0001 0000000000000000  0001 0000000000000000  0001 0000000000000000  0001 0000000000000000  0001 0000000000000000  0001 0000000000000000  0001 0000000000000000  0000 0000000000000000  0000 0000000000000000  0000 0000000000000000
Frame 0181    0001 000000000000d224  0001 0000000000000000  0001 0007a83d0f3c1403  0001 0007f2419f021203  0001 00043d049e840a3a  0001 000481460ebd1a64  0001 0000000000000000  0001 0000000000000000  0001 0000000000000000  0000 0000000000000000  0000 0000000000000000  0000 0000000000000000
Frame 0182    0001 0000000000000000  0001 0000000000000000  0001 0000000000000000  0001 0000000000000000  0001 0000000000000000  0001 0000000000000000  0001 0000000000000000  0001 0000000000000000  0001 0000000000000000  0000 0000000000000000  0000 0000000000000000  0000 0000000000000000
Frame 0183    0001 0000000000009dfd  0001 00076bfa50641202  0001 0007a83cb0921002  0001 0007fdbfd0de0e02  0001 0000000000000000  0001 0004a1c4e164083a  0001 00050f48b1b6063a  0001 0000000000000000  0001 0000000000000000  0000 0000000000000000  0000 0000000000000000  0000 0000000000000000
Frame 0184    0001 000000000000d224  0001 000779fb1f7c1603  0001 0007a83e0f521403  0001 0007f2418efc1203  0001 00043d049e660a3a  0001 000489c8bde11a64  0001 0004d7cc7d8f1a64  0001 0000000000000000  0001 0000000000000000  0000 0000000000000000  0000 0000000000000000  0000 0000000000000000
Frame 0185    0001 000000000000d6e0  0001 00076bc540761001  0001 0007a804108c0e01  0001 0007e78220ac0c01  0001 00044b3dc0da0a3a  0001 0000000000000000  0001 0000000000000000  0001 0000000000000000  0001 0000000000000000  0000 0000000000000000  0000 0000000000000000  0000 0000000000000000
Frame 0186    0001 0000000000000000  0001 0000000000000000  0001 0000000000000000  0001 0000000000000000  0001 0000000000000000  0001 0000000000000000  0001 0000000000000000  0001 0000000000000000  0001 0000000000000000  0000 0000000000000000  0000 0000000000000000  0000 0000000000000000
Frame 0187    0001 000000000000d39a  0001 0007717c20581604  0001 0007a83f30581404  0001 0007f243c05a1204  0001 00042e47e06e1203  0001 000468cc40711a7a  0001 0004b8d251651a7a  0001 0004f59810291a7a  0001 0000000000000000  0000 0000000000000000  0000 0000000000000000  0000 0000000000000000
Frame 0188    0001 0000000000000000  0001 0000000000000000  0001 0000000000000000  0001 0000000000000000  0001 0000000000000000  0001 0000000000000000  0001 0000000000000000  0001 0000000000000000  0001 0000000000000000  0000 0000000000000000  0000 0000000000000000  0000 0000000000000000
Frame 0189    0001 000000000000d6e0  0001 00076bc5a07a1001  0001 0007a803d0960e01  0001 0007f3c160b60c01  0001 00044b3dc0fc0a3a  0001 0000000000000000  0001 0000000000000000  0001 0000000000000000  0001 0000000000000000  0000 0000000000000000  0000 0000000000000000  0000 0000000000000000
Frame 0190    0001 0000000000000000  0001 0000000000000000  0001 0000000000000000  0001 0000000000000000  0001 0000000000000000  0001 0000000000000000  0001 0000000000000000  0001 0000000000000000  0001 0000000000000000  0000 0000000000000000  0000 0000000000000000  0000 0000000000000000
Frame 0191    0001 000000000000ef38  0001 00076bc67f721005  0001 0007a803eff00e05  0001 0007dbc2606a0c04  0001 000402c120c60c04  0001 000444ff222682a7  0001 000484fd828682a7  0001 0000000000000000  0001 0000000000000000  0000 0000000000000000  0000 0000000000000000  0000 0000000000000000
Frame 0192    0001 0000000000000000  0001 0000000000000000  0001 0000000000000000  0001 0000000000000000  0001 0000000000000000  0001 0000000000000000  0001 0000000000000000  0001 0000000000000000  0001 0000000000000000  0000 0000000000000000  0000 0000000000000000  0000 0000000000000000
Frame 0193    0001 000000000000cf4b  0001 00076bc22fdc1a07  0001 000787429fb41807  0001 0007a143af941807  0001 0007c684bf661607  0001 0007f1062f361607  0001 00042388af101407  0001 0000000000000000  0001 0000000000000000  0000 0000000000000000  0000 0000000000000000  0000 0000000000000000
Frame 0194    0001 0000000000000000  0001 0000000000000000  0001 0000000000000000  0001 0000000000000000  0001 0000000000000000  0001 0000000000000000  0001 0000000000000000  0001 0000000000000000  0001 0000000000000000  0000 0000000000000000  0000 0000000000000000  0000 0000000000000000
Frame 0195    0001 0000000000000000  0001 0000000000000000  0001 0000000000000000  0001 0000000000000000  0001 0000000000000000  0001 0000000000000000  0001 0000000000000000  0001 0000000000000000  0001 0000000000000000  0000 0000000000000000  0000 0000000000000000  0000 0000000000000000
Frame 0196    0001 0000000000000000  0001 0000000000000000  0001 0000000000000000  0001 0000000000000000  0001 0000000000000000  0001 0000000000000000  0001 0000000000000000  0001 0000000000000000  0001 0000000000000000  0000 0000000000000000  0000 0000000000000000  0000 0000000000000000
Frame 0197    0001 000000000000e7a0  0001 00076bfb10000e01  0001 0007a83e802c0c01  0001 0000000000000000  0001 00043ac800d6083a  0001 0000000000000000  0001 00050f558170063a  0001 0000000000000000  0001 0000000000000000  0000 0000000000000000  0000 0000000000000000  0000 0000000000000000
Frame 0198    0001 0000000000000000  0001 0000000000000000  0001 0000000000000000  0001 0000000000000000  0001 0000000000000000  0001 0000000000000000  0001 0000000000000000  0001 0000000000000000  0001 0000000000000000  0000 0000000000000000  0000 0000000000000000  0000 0000000000000000
Frame 0199    0001 0000000000000000  0001 0000000000000000  0001 0000000000000000  0001 0000000000000000  0001 0000000000000000  0001 0000000000000000  0001 0000000000000000  0001 0000000000000000  0001 0000000000000000  0000 0000000000000000  0000 0000000000000000  0000 0000000000000000
Frame 0200    0001 000000000000a180  0001 00076bfb40e20e01  0001 0007a83d912c0c01  0001 0007f5ff519a0a01  0001 0000000000000000  0001 0004a183d21a083a  0001 00050e062322063a  0001 0000000000000000  0001 0000000000000000  0000 0000000000000000  0000 0000000000000000  0000 0000000000000000
Frame 0201    0001 0000000000008120  0001 00076bc23ff00a01  0001 0007a80370180801  0001 0007f30690480601  0001 00044ac9e0f0043a  0001 0004904c9042043a  0001 0004ff90c166023a  0001 0000000000000000  0001 0000000000000000  0000 0000000000000000  0000 0000000000000000  0000 0000000000000000
Frame 0202    0001 000000000000d8f8  0001 00076bc4ce521405  0001 0000000000000000  0001 0007c4045e3c1204  0001 0007e883fe361204  0001 00042383be261004  0001 00045ec39e04e8a7  0001 00049d445d22e8a7  0001 0000000000000000  0000 0000000000000000  0000 0000000000000000  0000 0000000000000000
Frame 0203    0001 0000000000000000  0001 0000000000000000  0001 0000000000000000  0001 0000000000000000  0001 0000000000000000  0001 0000000000000000  0001 0000000000000000  0001 0000000000000000  0001 0000000000000000  0000 0000000000000000  0000 0000000000000000  0000 0000000000000000
Frame 0204    0001 000000000000d8a0  0001 00076bfd1fd60e01  0001 0007a83b8fb20c01  0001 0007ea7a0f980a01  0001 00044cb7ef3a083a  0001 0000000000000000  0001 0004fe33bea6063a  0001 0000000000000000  0001 0000000000000000  0000 0000000000000000  0000 0000000000000000  0000 0000000000000000
Frame 0205    0001 0000000000000000  0001 0000000000000000  0001 0000000000000000  0001 0000000000000000  0001 0000000000000000  0001 0000000000000000  0001 0000000000000000  0001 0000000000000000  0001 0000000000000000  0000 0000000000000000  0000 0000000000000000  0000 0000000000000000
Frame 0206    0001 0000000000000000  0001 0000000000000000  0001 0000000000000000  0001 0000000000000000  0001 0000000000000000  0001 0000000000000000  0001 0000000000000000  0001 0000000000000000  0001 0000000000000000  0000 0000000000000000  0000 0000000000000000  0000 0000000000000000
Frame 0207    0001 0000000000000000  0001 0000000000000000  0001 0000000000000000  0001 0000000000000000  0001 0000000000000000  0001 0000000000000000  0001 0000000000000000  0001 0000000000000000  0001 0000000000000000  0000 0000000000000000  0000 0000000000000000  0000 0000000000000000
Frame 0208    0001 0000000000000000  0001 0000000000000000  0001 0000000000000000  0001 0000000000000000  0001 0000000000000000  0001 0000000000000000  0001 0000000000000000  0001 0000000000000000  0001 0000000000000000  0000 0000000000000000  0000 0000000000000000  0000 0000000000000000
Frame 0209    0001 00000000000088a0  0001 00076bc8ffee0a01  0001 0007a806e01c0801  0001 0000000000000000  0001 00044a83c0de043a  0001 0004a1c19122043a  0001 0004ffff716c023a  0001 0000000000000000  0001 0000000000000000  0000 0000000000000000  0000 0000000000000000  0000 0000000000000000
Frame 0210    0001 0000000000000000  0001 0000000000000000  0001 0000000000000000  0001 0000000000000000  0001 0000000000000000  0001 0000000000000000  0001 0000000000000000  0001 0000000000000000  0001 0000000000000000  0000 0000000000000000  0000 0000000000000000  0000 0000000000000000
Frame 0211    0001 0000000000000000  0001 0000000000000000  0001 0000000000000000  0001 0000000000000000  0001 0000000000000000  0001 0000000000000000  0001 0000000000000000  0001 0000000000000000  0001 0000000000000000  0000 0000000000000000  0000 0000000000000000  0000 0000000000000000
Frame 0212    0001 0000000000009900  0001 00076bfebfec0e01  0001 0007a83ef0220c01  0001 0000000000000000  0001 00044ac210f4083a  0001 000491c35160083a  0001 00050f86214c063a  0001 0000000000000000  0001 0000000000000000  0000 0000000000000000  0000 0000000000000000  0000 0000000000000000
Frame 0213    0001 000000000000f040  0001 00076bc60fd00a01  0001 0007a804cfe60801  0001 0000000000000000  0001 00043bc0a008043a  0001 00049fc39058043a  0001 0004ffbb307c023a  0001 0000000000000000  0001 0000000000000000  0000 0000000000000000  0000 0000000000000000  0000 0000000000000000
Frame 0214    0001 0000000000000000  0001 0000000000000000  0001 0000000000000000  0001 0000000000000000  0001 0000000000000000  0001 0000000000000000  0001 0000000000000000  0001 0000000000000000  0001 0000000000000000  0000 0000000000000000  0000 0000000000000000  0000 0000000000000000
Frame 0215    0001 000000000000f060  0001 00076bf5dfba0a01  0001 0007a836cfc80801  0001 0000000000000000  0001 00044b7af002043a  0001 00049ffd3040043a  0001 0000000000000000  0001 0000000000000000  0001 0000000000000000  0000 0000000000000000  0000 0000000000000000  0000 0000000000000000
Frame 0216    0001 0000000000000000  0001 0000000000000000  0001 0000000000000000  0001 0000000000000000  0001 0000000000000000  0001 0000000000000000  0001 0000000000000000  0001 0000000000000000  0001 0000000000000000  0000 0000000000000000  0000 0000000000000000  0000 0000000000000000
Frame 0217    0001 0000000000000000  0001 0000000000000000  0001 0000000000000000  0001 0000000000000000  0001 0000000000000000  0001 0000000000000000  0001 0000000000000000  0001 0000000000000000  0001 0000000000000000  0000 0000000000000000  0000 0000000000000000  0000 0000000000000000
Frame 0218    0001 000000000000e860  0001 00076bf42faa0c01  0001 0007a837efb00a01  0001 0000000000000000  0001 00044b446002063a  0001 00049fc79062063a  0001 0000000000000000  0001 0000000000000000  0001 0000000000000000  0000 0000000000000000  0000 0000000000000000  0000 0000000000000000
Frame 0219    0001 000000000000d82b  0001 0000000000000000  0001 0000000000000000  0001 00079f3cbffa1407  0001 0007c13c404a1207  0001 0007e7fb40ae1207  0001 000417fa91181007  0001 0000000000000000  0001 0000000000000000  0000 0000000000000000  0000 0000000000000000  0000 0000000000000000
Frame 0220    0001 0000000000000000  0001 0000000000000000  0001 0000000000000000  0001 0000000000000000  0001 0000000000000000  0001 0000000000000000  0001 0000000000000000  0001 0000000000000000  0001 0000000000000000  0000 0000000000000000  0000 0000000000000000  0000 0000000000000000
Frame 0221    0001 000000000000b33b  0001 00076bfc1f721a03  0001 0007a83f7f101803  0001 0007f5027ea41603  0001 0000000000000000  0001 00045106aee34e64  0001 00048148bd1d4e64  0001 0004dccc2ddd4e64  0001 0000000000000000  0000 0000000000000000  0000 0000000000000000  0000 0000000000000000
Frame 0222    0001 0000000000000000  0001 0000000000000000  0001 0000000000000000  0001 0000000000000000  0001 0000000000000000  0001 0000000000000000  0001 0000000000000000  0001 0000000000000000  0001 0000000000000000  0000 0000000000000000  0000 0000000000000000  0000 0000000000000000
Frame 0223    0001 0000000000000000  0001 0000000000000000  0001 0000000000000000  0001 0000000000000000  0001 0000000000000000  0001 0000000000000000  0001 0000000000000000  0001 0000000000000000  0001 0000000000000000  0000 0000000000000000  0000 0000000000000000  0000 0000000000000000
Frame 0224    0001 0000000000000000  0001 0000000000000000  0001 0000000000000000  0001 0000000000000000  0001 0000000000000000  0001 0000000000000000  0001 0000000000000000  0001 0000000000000000  0001 0000000000000000  0000 0000000000000000  0000 0000000000000000  0000 0000000000000000
Frame 0225    0001 0000000000000000  0001 0000000000000000  0001 0000000000000000  0001 0000000000000000  0001 0000000000000000  0001 0000000000000000  0001 0000000000000000  0001 0000000000000000  0001 0000000000000000  0000 0000000000000000  0000 0000000000000000  0000 0000000000000000
Frame 0226    0001 0000000000000000  0001 0000000000000000  0001 0000000000000000  0001 0000000000000000  0001 0000000000000000  0001 0000000000000000  0001 0000000000000000  0001 0000000000000000  0001 0000000000000000  0000 0000000000000000  0000 0000000000000000  0000 0000000000000000
Frame 0227    0001 0000000000000000  0001 0000000000000000  0001 0000000000000000  0001 0000000000000000  0001 0000000000000000  0001 0000000000000000  0001 0000000000000000  0001 0000000000000000  0001 0000000000000000  0000 0000000000000000  0000 0000000000000000  0000 0000000000000000
Frame 0228    0001 0000000000009220  0001 00076bf30fd40c01  0001 0007a8362fea0a01  0001 0000000000000000  0001 0000000000000000  0001 00049fc3e05c063a  0001 0004ffc93080043a  0001 0000000000000000  0001 0000000000000000  0000 0000000000000000  0000 0000000000000000  0000 0000000000000000
Frame 0229    0001 0000000000000000  0001 0000000000000000  0001 0000000000000000  0001 0000000000000000  0001 0000000000000000  0001 0000000000000000  0001 0000000000000000  0001 0000000000000000  0001 0000000000000000  0000 0000000000000000  0000 0000000000000000  0000 0000000000000000
Frame 0230    0001 00000000000089a0  0001 00076bc40fbc0a01  0001 0007a803afca0801  0001 0000000000000000  0001 0000000000000000  0001 00049041603e043a  0001 00050f7ff086023a  0001 0000000000000000  0001 0000000000000000  0000 0000000000000000  0000 0000000000000000  0000 0000000000000000
Frame 0231    0001 00000000000091c0  0001 00076bc5f0220c01  0001 0007a80230620a01  0001 0000000000000000  0001 0000000000000000  0001 000492359140063a  0001 00050deea246043a  0001 0000000000000000  0001 0000000000000000  0000 0000000000000000  0000 0000000000000000  0000 0000000000000000
Frame 0232    0001 0000000000000000  0001 0000000000000000  0001 0000000000000000  0001 0000000000000000  0001 0000000000000000  0001 0000000000000000  0001 0000000000000000  0001 0000000000000000  0001 0000000000000000  0000 0000000000000000  0000 0000000000000000  0000 0000000000000000
Frame 0233    0001 0000000000000000  0001 0000000000000000  0001 0000000000000000  0001 0000000000000000  0001 0000000000000000  0001 0000000000000000  0001 0000000000000000  0001 0000000000000000  0001 0000000000000000  0000 0000000000000000  0000 0000000000000000  0000 0000000000000000
Frame 0234    0001 0000000000000000  0001 0000000000000000  0001 0000000000000000  0001 0000000000000000  0001 0000000000000000  0001 0000000000000000  0001 0000000000000000  0001 0000000000000000  0001 0000000000000000  0000 0000000000000000  0000 0000000000000000  0000 0000000000000000
Frame 0235    0001 0000000000000000  0001 0000000000000000  0001 0000000000000000  0001 0000000000000000  0001 0000000000000000  0001 0000000000000000  0001 0000000000000000  0001 0000000000000000  0001 0000000000000000  0000 0000000000000000  0000 0000000000000000  0000 0000000000000000
Frame 0236    0001 0000000000000000  0001 0000000000000000  0001 0000000000000000  0001 0000000000000000  0001 0000000000000000  0001 0000000000000000  0001 0000000000000000  0001 0000000000000000  0001 0000000000000000  0000 0000000000000000  0000 0000000000000000  0000 0000000000000000
Frame 0237    0001 0000000000000000  0001 0000000000000000  0001 0000000000000000  0001 0000000000000000  0001 0000000000000000  0001 0000000000000000  0001 0000000000000000  0001 0000000000000000  0001 0000000000000000  0000 0000000000000000  0000 0000000000000000  0000 0000000000000000
Frame 0238    0001 0000000000000000  0001 0000000000000000  0001 0000000000000000  0001 0000000000000000  0001 0000000000000000  0001 0000000000000000  0001 0000000000000000  0001 0000000000000000  0001 0000000000000000  0000 0000000000000000  0000 0000000000000000  0000 0000000000000000
Frame 0239    0001 0000000000000000  0001 0000000000000000  0001 0000000000000000  0001 0000000000000000  0001 0000000000000000  0001 0000000000000000  0001 0000000000000000  0001 0000000000000000  0001 0000000000000000  0000 0000000000000000  0000 0000000000000000  0000 0000000000000000
Frame 0240    0001 000000000000d39a  0001 00076bfbf05c1604  0001 0007a83db00e1404  0001 0000000000000000  0001 0000000000000000  0001 000468c0106f1a7a  0001 00049d44bf9f1a7a  0001 0000000000000000  0001 0000000000000000  0000 0000000000000000  0000 0000000000000000  0000 0000000000000000
Frame 0241    0001 0000000000000000  0001 0000000000000000  0001 0000000000000000  0001 0000000000000000  0001 0000000000000000  0001 0000000000000000  0001 0000000000000000  0001 0000000000000000  0001 0000000000000000  0000 0000000000000000  0000 0000000000000000  0000 0000000000000000
Frame 0242    0001 000000000000daff  0001 00076bfeee740e01  0001 0007a8016e580c01  0001 0007f644de3c0a01  0001 0000000000000000  0001 0000000000000000  0001 0004ffd11dfe063a  0001 0000000000000000  0001 0000000000000000  0000 0000000000000000  0000 0000000000000000  0000 0000000000000000
Frame 0243    0001 0000000000000000  0001 0000000000000000  0001 0000000000000000  0001 0000000000000000  0001 0000000000000000  0001 0000000000000000  0001 0000000000000000  0001 0000000000000000  0001 0000000000000000  0000 0000000000000000  0000 0000000000000000  0000 0000000000000000
Frame 0244    0001 0000000000000000  0001 0000000000000000  0001 0000000000000000  0001 0000000000000000  0001 0000000000000000  0001 0000000000000000  0001 0000000000000000  0001 0000000000000000  0001 0000000000000000  0000 0000000000000000  0000 0000000000000000  0000 0000000000000000
Frame 0245    0001 0000000000009bfe  0001 00076bc7908c0e01  0001 0007a80711080c01  0001 0007e985a18e0a01  0001 00044ac48298083a  0001 0004920352fe083a  0001 0004fe820384063a  0001 0000000000000000  0001 0000000000000000  0000 0000000000000000  0000 0000000000000000  0000 0000000000000000
Frame 0246    0001 000000000000dfa0  0001 000769fdef9a0e01  0001 0007a8bdbf9a0c01  0001 0007f27eaf820a01  0001 000443ff1f02083a  0001 0004907f5f7c083a  0001 0000000000000000  0001 0000000000000000  0001 0000000000000000  0000 0000000000000000  0000 0000000000000000  0000 0000000000000000
Frame 0247    0001 0000000000000000  0001 0000000000000000  0001 0000000000000000  0001 0000000000000000  0001 0000000000000000  0001 0000000000000000  0001 0000000000000000  0001 0000000000000000  0001 0000000000000000  0000 0000000000000000  0000 0000000000000000  0000 0000000000000000
Frame 0248    0001 0000000000008920  0001 00076890efbe0a01  0001 0000000000000000  0001 0007f24820460601  0001 000443c550a6043a  0001 0000000000000000  0001 0004ff803090023a  0001 0000000000000000  0001 0000000000000000  0000 0000000000000000  0000 0000000000000000  0000 0000000000000000
Frame 0249    0001 0000000000008920  0001 0000000000000000  0001 00079c79cffc0801  0001 0007f27bc06e0601  0001 000443fcc0a8043a  0001 0004907e3046043a  0001 0004ff803096023a  0001 0000000000000000  0001 0000000000000000  0000 0000000000000000  0000 0000000000000000  0000 0000000000000000
Frame 0250    0001 0000000000000000  0001 0000000000000000  0001 0000000000000000  0001 0000000000000000  0001 0000000000000000  0001 0000000000000000  0001 0000000000000000  0001 0000000000000000  0001 0000000000000000  0000 0000000000000000  0000 0000000000000000  0000 0000000000000000
Frame 0251    0001 0000000000008920  0001 0000000000000000  0001 00079c79b0000801  0001 0007f27b202c0601  0001 000443fcc0a0043a  0001 0004907e3074043a  0001 0004ff8030bc023a  0001 0000000000000000  0001 0000000000000000  0000 0000000000000000  0000 0000000000000000  0000 0000000000000000
Frame 0252    0001 0000000000000000  0001 0000000000000000  0001 0000000000000000  0001 0000000000000000  0001 0000000000000000  0001 0000000000000000  0001 0000000000000000  0001 0000000000000000  0001 0000000000000000  0000 0000000000000000  0000 0000000000000000  0000 0000000000000000
Frame 0253    0001 0000000000000000  0001 0000000000000000  0001 0000000000000000  0001 0000000000000000  0001 0000000000000000  0001 0000000000000000  0001 0000000000000000  0001 0000000000000000  0001 0000000000000000  0000 0000000000000000  0000 0000000000000000  0000 0000000000000000
Frame 0254    0001 0000000000000000  0001 0000000000000000  0001 0000000000000000  0001 0000000000000000  0001 0000000000000000  0001 0000000000000000  0001 0000000000000000  0001 0000000000000000  0001 0000000000000000  0000 0000000000000000  0000 0000000000000000  0000 0000000000000000
Frame 0255    0001 0000000000000000  0001 0000000000000000  0001 0000000000000000  0001 0000000000000000  0001 0000000000000000  0001 0000000000000000  0001 0000000000000000  0001 0000000000000000  0001 0000000000000000  0000 0000000000000000  0000 0000000000000000  0000 0000000000000000
Frame 0256    0001 0000000000008920  0001 0000000000000000  0001 00079c79cffe0801  0001 0007f27ae0320601  0001 000443fcb09e043a  0001 0004907e306c043a  0001 0004ff8020aa023a  0001 0000000000000000  0001 0000000000000000  0000 0000000000000000  0000 0000000000000000  0000 0000000000000000
Frame 0257    0001 000000000000f060  0001 00076946efac0a01  0001 0000000000000000  0001 0007f27dffbe0601  0001 000443f95fca043a  0001 00049ff39046043a  0001 0004feadef7a023a  0001 0000000000000000  0001 0000000000000000  0000 0000000000000000  0000 0000000000000000  0000 0000000000000000
Frame 0258    0001 0000000000000000  0001 0000000000000000  0001 0000000000000000  0001 0000000000000000  0001 0000000000000000  0001 0000000000000000  0001 0000000000000000  0001 0000000000000000  0001 0000000000000000  0000 0000000000000000  0000 0000000000000000  0000 0000000000000000
Frame 0259    0001 0000000000000000  0001 0000000000000000  0001 0000000000000000  0001 0000000000000000  0001 0000000000000000  0001 0000000000000000  0001 0000000000000000  0001 0000000000000000  0001 0000000000000000  0000 0000000000000000  0000 0000000000000000  0000 0000000000000000
Frame 0260    0001 000000000000f060  0001 0000000000000000  0001 0000000000000000  0001 0007f2787fd20601  0001 000443facfd0043a  0001 00049ffd203c043a  0001 0004ffffa090023a  0001 0000000000000000  0001 0000000000000000  0000 0000000000000000  0000 0000000000000000  0000 0000000000000000
Frame 0261    0001 0000000000000000  0001 0000000000000000  0001 0000000000000000  0001 0000000000000000  0001 0000000000000000  0001 0000000000000000  0001 0000000000000000  0001 0000000000000000  0001 0000000000000000  0000 0000000000000000  0000 0000000000000000  0000 0000000000000000
Frame 0262    0001 0000000000009bfe  0001 00076947c08e0e01  0001 0000000000000000  0001 0007f24571a00a01  0001 000443c49248083a  0001 0004920352d6083a  0001 0004fe82138a063a  0001 0000000000000000  0001 0000000000000000  0000 0000000000000000  0000 0000000000000000  0000 0000000000000000
Frame 0263    0001 0000000000000000  0001 0000000000000000  0001 0000000000000000  0001 0000000000000000  0001 0000000000000000  0001 0000000000000000  0001 0000000000000000  0001 0000000000000000  0001 0000000000000000  0000 0000000000000000  0000 0000000000000000  0000 0000000000000000
Frame 0264    0001 0000000000000000  0001 0000000000000000  0001 0000000000000000  0001 0000000000000000  0001 0000000000000000  0001 0000000000000000  0001 0000000000000000  0001 0000000000000000  0001 0000000000000000  0000 0000000000000000  0000 0000000000000000  0000 0000000000000000
Frame 0265    0001 000000000000f060  0001 0000000000000000  0001 0000000000000000  0001 0007e9fe7fc00601  0001 00044b78dfe6043a  0001 000498f42022043a  0001 000506ad8f5c023a  0001 0000000000000000  0001 0000000000000000  0000 0000000000000000  0000 0000000000000000  0000 0000000000000000
Frame 0266    0001 000000000000f040  0001 0000000000000000  0001 0000000000000000  0001 0007e9c2d0020601  0001 00043bc0aff0043a  0001 000498fdf004043a  0001 000506bb106c023a  0001 0000000000000000  0001 0000000000000000  0000 0000000000000000  0000 0000000000000000  0000 0000000000000000
Frame 0267    0001 0000000000000000  0001 0000000000000000  0001 0000000000000000  0001 0000000000000000  0001 0000000000000000  0001 0000000000000000  0001 0000000000000000  0001 0000000000000000  0001 0000000000000000  0000 0000000000000000  0000 0000000000000000  0000 0000000000000000
Frame 0268    0001 0000000000000000  0001 0000000000000000  0001 0000000000000000  0001 0000000000000000  0001 0000000000000000  0001 0000000000000000  0001 0000000000000000  0001 0000000000000000  0001 0000000000000000  0000 0000000000000000  0000 0000000000000000  0000 0000000000000000
Frame 0269    0001 00000000000091c0  0001 000768470fc00c01  0001 0000000000000000  0001 0007f2fe90b20801  0001 00043bba810a063a  0001 000498f5113e063a  0001 000506aef1fc043a  0001 0000000000000000  0001 0000000000000000  0000 0000000000000000  0000 0000000000000000  0000 0000000000000000
Frame 0270    0001 0000000000008920  0001 0000000000000000  0001 0000000000000000  0001 0007f67b40340601  0001 00044afcd0f8043a  0001 000498fe5032043a  0001 000506805070023a  0001 0000000000000000  0001 0000000000000000  0000 0000000000000000  0000 0000000000000000  0000 0000000000000000
Frame 0271    0001 0000000000000000  0001 0000000000000000  0001 0000000000000000  0001 0000000000000000  0001 0000000000000000  0001 0000000000000000  0001 0000000000000000  0001 0000000000000000  0001 0000000000000000  0000 0000000000000000  0000 0000000000000000  0000 0000000000000000
Frame 0272    0001 000000000000f060  0001 0000000000000000  0001 0000000000000000  0001 0007e9f84fd20601  0001 00044b7af004043a  0001 000498fd000a043a  0001 000506bfd072023a  0001 0000000000000000  0001 0000000000000000  0000 0000000000000000  0000 0000000000000000  0000 0000000000000000
Frame 0273    0001 0000000000000000  0001 0000000000000000  0001 0000000000000000  0001 0000000000000000  0001 0000000000000000  0001 0000000000000000  0001 0000000000000000  0001 0000000000000000  0001 0000000000000000  0000 0000000000000000  0000 0000000000000000  0000 0000000000000000
Frame 0274    0001 0000000000009bff  0001 00076947aedc0e01  0001 0000000000000000  0001 0007e985ae100a01  0001 00044ac48da6083a  0001 000498c2fce4083a  0001 00050681abf0063a  0001 0000000000000000  0001 0000000000000000  0000 0000000000000000  0000 0000000000000000  0000 0000000000000000
Frame 0275    0001 000000000000b3bd  0001 00076db6df221a02  0001 0007ac7b4f5e1802  0001 0000000000000000  0001 0000000000000000  0001 000498c090960c3a  0001 00050683a13a0a3a  0001 0000000000000000  0001 0000000000000000  0000 0000000000000000  0000 0000000000000000  0000 0000000000000000
Frame 0276    0001 0000000000000000  0001 0000000000000000  0001 0000000000000000  0001 0000000000000000  0001 0000000000000000  0001 0000000000000000  0001 0000000000000000  0001 0000000000000000  0001 0000000000000000  0000 0000000000000000  0000 0000000000000000  0000 0000000000000000
Frame 0277    0001 0000000000000000  0001 0000000000000000  0001 0000000000000000  0001 0000000000000000  0001 0000000000000000  0001 0000000000000000  0001 0000000000000000  0001 0000000000000000  0001 0000000000000000  0000 0000000000000000  0000 0000000000000000  0000 0000000000000000
Frame 0278    0001 0000000000000000  0001 0000000000000000  0001 0000000000000000  0001 0000000000000000  0001 0000000000000000  0001 0000000000000000  0001 0000000000000000  0001 0000000000000000  0001 0000000000000000  0000 0000000000000000  0000 0000000000000000  0000 0000000000000000
Frame 0279    0001 0000000000000000  0001 0000000000000000  0001 0000000000000000  0001 0000000000000000  0001 0000000000000000  0001 0000000000000000  0001 0000000000000000  0001 0000000000000000  0001 0000000000000000  0000 0000000000000000  0000 0000000000000000  0000 0000000000000000
Frame 0280    0001 0000000000000000  0001 0000000000000000  0001 0000000000000000  0001 0000000000000000  0001 0000000000000000  0001 0000000000000000  0001 0000000000000000  0001 0000000000000000  0001 0000000000000000  0000 0000000000000000  0000 0000000000000000  0000 0000000000000000
Frame 0281    0001 0000000000000000  0001 0000000000000000  0001 0000000000000000  0001 0000000000000000  0001 0000000000000000  0001 0000000000000000  0001 0000000000000000  0001 0000000000000000  0001 0000000000000000  0000 0000000000000000  0000 0000000000000000  0000 0000000000000000
Frame 0282    0001 0000000000000000  0001 0000000000000000  0001 0000000000000000  0001 0000000000000000  0001 0000000000000000  0001 0000000000000000  0001 0000000000000000  0001 0000000000000000  0001 0000000000000000  0000 0000000000000000  0000 0000000000000000  0000 0000000000000000
Frame 0283    0001 0000000000000000  0001 0000000000000000  0001 0000000000000000  0001 0000000000000000  0001 0000000000000000  0001 0000000000000000  0001 0000000000000000  0001 0000000000000000  0001 0000000000000000  0000 0000000000000000  0000 0000000000000000  0000 0000000000000000
Frame 0284    0001 0000000000000000  0001 0000000000000000  0001 0000000000000000  0001 0000000000000000  0001 0000000000000000  0001 0000000000000000  0001 0000000000000000  0001 0000000000000000  0001 0000000000000000  0000 0000000000000000  0000 0000000000000000  0000 0000000000000000
Frame 0285    0001 0000000000000000  0001 0000000000000000  0001 0000000000000000  0001 0000000000000000  0001 0000000000000000  0001 0000000000000000  0001 0000000000000000  0001 0000000000000000  0001 0000000000000000  0000 0000000000000000  0000 0000000000000000  0000 0000000000000000
Frame 0286    0001 0000000000000000  0001 0000000000000000  0001 0000000000000000  0001 0000000000000000  0001 0000000000000000  0001 0000000000000000  0001 0000000000000000  0001 0000000000000000  0001 0000000000000000  0000 0000000000000000  0000 0000000000000000  0000 0000000000000000
Frame 0287    0001 0000000000000000  0001 0000000000000000  0001 0000000000000000  0001 0000000000000000  0001 0000000000000000  0001 0000000000000000  0001 0000000000000000  0001 0000000000000000  0001 0000000000000000  0000 0000000000000000  0000 0000000000000000  0000 0000000000000000
Frame 0288    0001 0000000000000000  0001 0000000000000000  0001 0000000000000000  0001 0000000000000000  0001 0000000000000000  0001 0000000000000000  0001 0000000000000000  0001 0000000000000000  0001 0000000000000000  0000 0000000000000000  0000 0000000000000000  0000 0000000000000000
Frame 0289    0001 0000000000000000  0001 0000000000000000  0001 0000000000000000  0001 0000000000000000  0001 0000000000000000  0001 0000000000000000  0001 0000000000000000  0001 0000000000000000  0001 0000000000000000  0000 0000000000000000  0000 0000000000000000  0000 0000000000000000
Frame 0290    0001 0000000000000000  0001 0000000000000000  0001 0000000000000000  0001 0000000000000000  0001 0000000000000000  0001 0000000000000000  0001 0000000000000000  0001 0000000000000000  0001 0000000000000000  0000 0000000000000000  0000 0000000000000000  0000 0000000000000000
Frame 0291    0001 0000000000000000  0001 0000000000000000  0001 0000000000000000  0001 0000000000000000  0001 0000000000000000  0001 0000000000000000  0001 0000000000000000  0001 0000000000000000  0001 0000000000000000  0000 0000000000000000  0000 0000000000000000  0000 0000000000000000
Frame 0292    0001 0000000000000000  0001 0000000000000000  0001 0000000000000000  0001 0000000000000000  0001 0000000000000000  0001 0000000000000000  0001 0000000000000000  0001 0000000000000000  0001 0000000000000000  0000 0000000000000000  0000 0000000000000000  0000 0000000000000000
Frame 0293    0001 0000000000000000  0001 0000000000000000  0001 0000000000000000  0001 0000000000000000  0001 0000000000000000  0001 0000000000000000  0001 0000000000000000  0001 0000000000000000  0001 0000000000000000  0000 0000000000000000  0000 0000000000000000  0000 0000000000000000
Frame 0294    0001 0000000000000000  0001 0000000000000000  0001 0000000000000000  0001 0000000000000000  0001 0000000000000000  0001 0000000000000000  0001 0000000000000000  0001 0000000000000000  0001 0000000000000000  0000 0000000000000000  0000 0000000000000000  0000 0000000000000000
Frame 0295    0001 0000000000000000  0001 0000000000000000  0001 0000000000000000  0001 0000000000000000  0001 0000000000000000  0001 0000000000000000  0001 0000000000000000  0001 0000000000000000  0001 0000000000000000  0000 0000000000000000  0000 0000000000000000  0000 0000000000000000
Frame 0296    0001 0000000000000000  0001 0000000000000000  0001 0000000000000000  0001 0000000000000000  0001 0000000000000000  0001 0000000000000000  0001 0000000000000000  0001 0000000000000000  0001 0000000000000000  0000 0000000000000000  0000 0000000000000000  0000 0000000000000000
Frame 0297    0001 0000000000000000  0001 0000000000000000  0001 0000000000000000  0001 0000000000000000  0001 0000000000000000  0001 0000000000000000  0001 0000000000000000  0001 0000000000000000  0001 0000000000000000  0000 0000000000000000  0000 0000000000000000  0000 0000000000000000
Frame 0298    0001 0000000000000000  0001 0000000000000000  0001 0000000000000000  0001 0000000000000000  0001 0000000000000000  0001 0000000000000000  0001 0000000000000000  0001 0000000000000000  0001 0000000000000000  0000 0000000000000000  0000 0000000000000000  0000 0000000000000000
Frame 0299    0001 0000000000000000  0001 0000000000000000  0001 0000000000000000  0001 0000000000000000  0001 0000000000000000  0001 0000000000000000  0001 0000000000000000  0001 0000000000000000  0001 0000000000000000  0000 0000000000000000  0000 0000000000000000  0000 0000000000000000
Frame 0300    0001 0000000000000000  0001 0000000000000000  0001 0000000000000000  0001 0000000000000000  0001 0000000000000000  0001 0000000000000000  0001 0000000000000000  0001 0000000000000000  0001 0000000000000000  0000 0000000000000000  0000 0000000000000000  0000 0000000000000000
Frame 0301    0001 0000000000000000  0001 0000000000000000  0001 0000000000000000  0001 0000000000000000  0001 0000000000000000  0001 0000000000000000  0001 0000000000000000  0001 0000000000000000  0001 0000000000000000  0000 0000000000000000  0000 0000000000000000  0000 0000000000000000
Frame 0302    0001 0000000000000000  0001 0000000000000000  0001 0000000000000000  0001 0000000000000000  0001 0000000000000000  0001 0000000000000000  0001 0000000000000000  0001 0000000000000000  0001 0000000000000000  0000 0000000000000000  0000 0000000000000000  0000 0000000000000000
Frame 0303    0001 0000000000000000  0001 0000000000000000  0001 0000000000000000  0001 0000000000000000  0001 0000000000000000  0001 0000000000000000  0001 0000000000000000  0001 0000000000000000  0001 0000000000000000  0000 0000000000000000  0000 0000000000000000  0000 0000000000000000
Frame 0304    0001 0000000000000000  0001 0000000000000000  0001 0000000000000000  0001 0000000000000000  0001 0000000000000000  0001 0000000000000000  0001 0000000000000000  0001 0000000000000000  0001 0000000000000000  0000 0000000000000000  0000 0000000000000000  0000 0000000000000000
Frame 0305    0001 0000000000000000  0001 0000000000000000  0001 0000000000000000  0001 0000000000000000  0001 0000000000000000  0001 0000000000000000  0001 0000000000000000  0001 0000000000000000  0001 0000000000000000  0000 0000000000000000  0000 0000000000000000  0000 0000000000000000
Frame 0306    0001 0000000000000000  0001 0000000000000000  0001 0000000000000000  0001 0000000000000000  0001 0000000000000000  0001 0000000000000000  0001 0000000000000000  0001 0000000000000000  0001 0000000000000000  0000 0000000000000000  0000 0000000000000000  0000 0000000000000000
Frame 0307    0001 0000000000000000  0001 0000000000000000  0001 0000000000000000  0001 0000000000000000  0001 0000000000000000  0001 0000000000000000  0001 0000000000000000  0001 0000000000000000  0001 0000000000000000  0000 0000000000000000  0000 0000000000000000  0000 0000000000000000
Frame 0308    0001 0000000000000000  0001 0000000000000000  0001 0000000000000000  0001 0000000000000000  0001 0000000000000000  0001 0000000000000000  0001 0000000000000000  0001 0000000000000000  0001 0000000000000000  0000 0000000000000000  0000 0000000000000000  0000 0000000000000000
Frame 0309    0001 0000000000000000  0001 0000000000000000  0001 0000000000000000  0001 0000000000000000  0001 0000000000000000  0001 0000000000000000  0001 0000000000000000  0001 0000000000000000  0001 0000000000000000  0000 0000000000000000  0000 0000000000000000  0000 0000000000000000
Frame 0310    0001 0000000000000000  0001 0000000000000000  0001 0000000000000000  0001 0000000000000000  0001 0000000000000000  0001 0000000000000000  0001 0000000000000000  0001 0000000000000000  0001 0000000000000000  0000 0000000000000000  0000 0000000000000000  0000 0000000000000000
Frame 0311    0001 0000000000000000  0001 0000000000000000  0001 0000000000000000  0001 0000000000000000  0001 0000000000000000  0001 0000000000000000  0001 0000000000000000  0001 0000000000000000  0001 0000000000000000  0000 0000000000000000  0000 0000000000000000  0000 0000000000000000
Frame 0312    0001 0000000000000000  0001 0000000000000000  0001 0000000000000000  0001 0000000000000000  0001 0000000000000000  0001 0000000000000000  0001 0000000000000000  0001 0000000000000000  0001 0000000000000000  0000 0000000000000000  0000 0000000000000000  0000 0000000000000000
Frame 0313    0001 0000000000000000  0001 0000000000000000  0001 0000000000000000  0001 0000000000000000  0001 0000000000000000  0001 0000000000000000  0001 0000000000000000  0001 0000000000000000  0001 0000000000000000  0000 0000000000000000  0000 0000000000000000  0000 0000000000000000
Frame 0314    0001 0000000000000000  0001 0000000000000000  0001 0000000000000000  0001 0000000000000000  0001 0000000000000000  0001 0000000000000000  0001 0000000000000000  0001 0000000000000000  0001 0000000000000000  0000 0000000000000000  0000 0000000000000000  0000 0000000000000000
Frame 0315    0001 0000000000000000  0001 0000000000000000  0001 0000000000000000  0001 0000000000000000  0001 0000000000000000  0001 0000000000000000  0001 0000000000000000  0001 0000000000000000  0001 0000000000000000  0000 0000000000000000  0000 0000000000000000  0000 0000000000000000
Frame 0316    0001 0000000000000000  0001 0000000000000000  0001 0000000000000000  0001 0000000000000000  0001 0000000000000000  0001 0000000000000000  0001 0000000000000000  0001 0000000000000000  0001 0000000000000000  0000 0000000000000000  0000 0000000000000000  0000 0000000000000000
Frame 0317    0001 0000000000000000  0001 0000000000000000  0001 0000000000000000  0001 0000000000000000  0001 0000000000000000  0001 0000000000000000  0001 0000000000000000  0001 0000000000000000  0001 0000000000000000  0000 0000000000000000  0000 0000000000000000  0000 0000000000000000
Frame 0318    0001 0000000000000000  0001 0000000000000000  0001 0000000000000000  0001 0000000000000000  0001 0000000000000000  0001 0000000000000000  0001 0000000000000000  0001 0000000000000000  0001 0000000000000000  0000 0000000000000000  0000 0000000000000000  0000 0000000000000000
Frame 0319    0001 0000000000000000  0001 0000000000000000  0001 0000000000000000  0001 0000000000000000  0001 0000000000000000  0001 0000000000000000  0001 0000000000000000  0001 0000000000000000  0001 0000000000000000  0000 0000000000000000  0000 0000000000000000  0000 0000000000000000
Frame 0320    0001 0000000000000000  0001 0000000000000000  0001 0000000000000000  0001 0000000000000000  0001 0000000000000000  0001 0000000000000000  0001 0000000000000000  0001 0000000000000000  0001 0000000000000000  0000 0000000000000000  0000 0000000000000000  0000 0000000000000000
Frame 0321    0001 0000000000000000  0001 0000000000000000  0001 0000000000000000  0001 0000000000000000  0001 0000000000000000  0001 0000000000000000  0001 0000000000000000  0001 0000000000000000  0001 0000000000000000  0000 0000000000000000  0000 0000000000000000  0000 0000000000000000
Frame 0322    0001 0000000000000000  0001 0000000000000000  0001 0000000000000000  0001 0000000000000000  0001 0000000000000000  0001 0000000000000000  0001 0000000000000000  0001 0000000000000000  0001 0000000000000000  0000 0000000000000000  0000 0000000000000000  0000 0000000000000000
Frame 0323    0001 0000000000000000  0001 0000000000000000  0001 0000000000000000  0001 0000000000000000  0001 0000000000000000  0001 0000000000000000  0001 0000000000000000  0001 0000000000000000  0001 0000000000000000  0000 0000000000000000  0000 0000000000000000  0000 0000000000000000
Frame 0324    0000 0000000000000000  0000 0000000000000000  0000 0000000000000000  0000 0000000000000000  0000 0000000000000000  0000 0000000000000000  0000 0000000000000000  0000 0000000000000000  0000 0000000000000000  0000 0000000000000000  0000 0000000000000000  0000 0000000000000000
Frame 0325    0000 0000000000000000  0000 0000000000000000  0000 0000000000000000  0000 0000000000000000  0000 0000000000000000  0000 0000000000000000  0000 0000000000000000  0000 0000000000000000  0000 0000000000000000  0000 0000000000000000  0000 0000000000000000  0000 0000000000000000
Frame 0326    0000 0000000000000000  0000 0000000000000000  0000 0000000000000000  0000 0000000000000000  0000 0000000000000000  0000 0000000000000000  0000 0000000000000000  0000 0000000000000000  0000 0000000000000000  0000 0000000000000000  0000 0000000000000000  0000 0000000000000000
Frame 0327    0000 0000000000000000  0000 0000000000000000  0000 0000000000000000  0000 0000000000000000  0000 0000000000000000  0000 0000000000000000  0000 0000000000000000  0000 0000000000000000  0000 0000000000000000  0000 0000000000000000  0000 0000000000000000  0000 0000000000000000
Frame 0328    0000 0000000000000000  0000 0000000000000000  0000 0000000000000000  0000 0000000000000000  0000 0000000000000000  0000 0000000000000000  0000 0000000000000000  0000 0000000000000000  0000 0000000000000000  0000 0000000000000000  0000 0000000000000000  0000 0000000000000000
Frame 0329    0000 0000000000000000  0000 0000000000000000  0000 0000000000000000  0000 0000000000000000  0000 0000000000000000  0000 0000000000000000  0000 0000000000000000  0000 0000000000000000  0000 0000000000000000  0000 0000000000000000  0000 0000000000000000  0000 0000000000000000
Frame 0330    0001 000000000000b6a5  0001 0000000000000000  0001 0007a807c0921804  0001 0007f243310a1604  0001 00041443d13a1403  0001 0004510650d94e7a  0001 0000000000000000  0001 0000000000000000  0001 0000000000000000  0000 0000000000000000  0000 0000000000000000  0000 0000000000000000
Frame 0331    0001 000000000000a627  0001 00076bc1a07a1405  0001 0000000000000000  0001 0007c8c2c1461204  0001 0007ec43516e1204  0001 0004230411ee1004  0001 00045ec3e1fae8a7  0001 00049d4352ace8a7  0001 0000000000000000  0000 0000000000000000  0000 0000000000000000  0000 0000000000000000
Frame 0332    0001 000000000000cc19  0001 00076bfbde3c1a04  0001 0007a83d7e601804  0001 0000000000000000  0001 0007e23fbe761604  0001 00041201de921404  0001 00045ec56f994e90  0001 00049d498f274e90  0001 0000000000000000  0000 0000000000000000  0000 0000000000000000  0000 0000000000000000
Frame 0333    0001 000000000000b75c  0001 0007627a3f921c02  0001 0007a83a4f081802  0001 0007f27b0e7c1602  0001 0000000000000000  0001 0000000000000000  0001 0000000000000000  0001 000489fafcc54e4d  0001 0004dcfa0c674e4d  0000 0000000000000000  0000 0000000000000000  0000 0000000000000000
Frame 0334    0001 000000000000e53b  0001 000766b7307a1203  0001 0007a83790e41003  0001 0007f27861740e03  0001 00043bb961ec083a  0001 000489fa6212b464  0001 0004dcfbf306b464  0001 0000000000000000  0001 0000000000000000  0000 0000000000000000  0000 0000000000000000  0000 0000000000000000
Frame 0335    0001 0000000000000000  0001 0000000000000000  0001 0000000000000000  0001 0000000000000000  0001 0000000000000000  0001 0000000000000000  0001 0000000000000000  0001 0000000000000000  0001 0000000000000000  0000 0000000000000000  0000 0000000000000000  0000 0000000000000000
Frame 0336    0001 0000000000000000  0001 0000000000000000  0001 0000000000000000  0001 0000000000000000  0001 0000000000000000  0001 0000000000000000  0001 0000000000000000  0001 0000000000000000  0001 0000000000000000  0000 0000000000000000  0000 0000000000000000  0000 0000000000000000
Frame 0337    0001 0000000000000000  0001 0000000000000000  0001 0000000000000000  0001 0000000000000000  0001 0000000000000000  0001 0000000000000000  0001 0000000000000000  0001 0000000000000000  0001 0000000000000000  0000 0000000000000000  0000 0000000000000000  0000 0000000000000000
Frame 0338    0001 000000000000f526  0001 00076bfb5fac0c04  0001 0007a83a0fae0a04  0001 0000000000000000  0001 0007fd389fac0a04  0001 0000000000000000  0001 00045ef7b0e05090  0001 0004b8f5cf4e5090  0001 0000000000000000  0000 0000000000000000  0000 0000000000000000  0000 0000000000000000
Frame 0339    0001 0000000000009587  0001 00076bfbefd41005  0001 0007a83e0fb40e05  0001 0000000000000000  0001 0000000000000000  0001 00042c4ae07682a7  0001 000484cb6dc482a7  0001 0000000000000000  0001 0000000000000000  0000 0000000000000000  0000 0000000000000000  0000 0000000000000000
Frame 0340    0001 000000000000d71b  0001 0000000000000000  0001 0007a83eb01a1403  0001 0007f24060be1203  0001 0000000000000000  0001 000489c372651a64  0001 0004dcc683631a64  0001 0000000000000000  0001 0000000000000000  0000 0000000000000000  0000 0000000000000000  0000 0000000000000000
Frame 0341    0001 0000000000009b7a  0001 0007734af0521204  0001 0007a807c0241004  0001 0007f243bfea0e04  0001 0000000000000000  0001 0004513ddf56b47a  0001 00049d795f7cb47a  0001 0004f5b3ffaeb47a  0001 0000000000000000  0000 0000000000000000  0000 0000000000000000  0000 0000000000000000
Frame 0342    0001 0000000000000000  0001 0000000000000000  0001 0000000000000000  0001 0000000000000000  0001 0000000000000000  0001 0000000000000000  0001 0000000000000000  0001 0000000000000000  0001 0000000000000000  0000 0000000000000000  0000 0000000000000000  0000 0000000000000000
Frame 0343    0001 0000000000000000  0001 0000000000000000  0001 0000000000000000  0001 0000000000000000  0001 0000000000000000  0001 0000000000000000  0001 0000000000000000  0001 0000000000000000  0001 0000000000000000  0000 0000000000000000  0000 0000000000000000  0000 0000000000000000
Frame 0344    0001 0000000000000000  0001 0000000000000000  0001 0000000000000000  0001 0000000000000000  0001 0000000000000000  0001 0000000000000000  0001 0000000000000000  0001 0000000000000000  0001 0000000000000000  0000 0000000000000000  0000 0000000000000000  0000 0000000000000000
Frame 0345    0001 0000000000000000  0001 0000000000000000  0001 0000000000000000  0001 0000000000000000  0001 0000000000000000  0001 0000000000000000  0001 0000000000000000  0001 0000000000000000  0001 0000000000000000  0000 0000000000000000  0000 0000000000000000  0000 0000000000000000
Frame 0346    0001 0000000000000000  0001 0000000000000000  0001 0000000000000000  0001 0000000000000000  0001 0000000000000000  0001 0000000000000000  0001 0000000000000000  0001 0000000000000000  0001 0000000000000000  0000 0000000000000000  0000 0000000000000000  0000 0000000000000000
Frame 0347    0001 0000000000000000  0001 0000000000000000  0001 0000000000000000  0001 0000000000000000  0001 0000000000000000  0001 0000000000000000  0001 0000000000000000  0001 0000000000000000  0001 0000000000000000  0000 0000000000000000  0000 0000000000000000  0000 0000000000000000
Frame 0348    0001 0000000000000000  0001 0000000000000000  0001 0000000000000000  0001 0000000000000000  0001 0000000000000000  0001 0000000000000000  0001 0000000000000000  0001 0000000000000000  0001 0000000000000000  0000 0000000000000000  0000 0000000000000000  0000 0000000000000000
Frame 0349    0001 000000000000b1cb  0001 00076bf46ed41a07  0001 00078db61eae1807  0001 0007ac37de641807  0001 0007ce39ee2e1607  0001 0007fa7bcdda1607  0001 00042c7e5d0b4f00  0001 0000000000000000  0001 0000000000000000  0000 0000000000000000  0000 0000000000000000  0000 0000000000000000
Frame 0350    0001 000000000000a787  0001 00076bf5af921405  0001 0007a8387f541205  0001 0007e07c1f161204  0001 000405be3ef01204  0001 000444c12d94e8a7  0001 000484c41da4e8a7  0001 0000000000000000  0001 0000000000000000  0000 0000000000000000  0000 0000000000000000  0000 0000000000000000
Frame 0351    0001 000000000000d218  0001 00076bf7f0201605  0001 0007a83b10221405  0001 0007d73d801e1404  0001 0004027f30201404  0001 00042c408fe31aa7  0001 0000000000000000  0001 0000000000000000  0001 0000000000000000  0000 0000000000000000  0000 0000000000000000  0000 0000000000000000
Frame 0352    0001 0000000000000000  0001 0000000000000000  0001 0000000000000000  0001 0000000000000000  0001 0000000000000000  0001 0000000000000000  0001 0000000000000000  0001 0000000000000000  0001 0000000000000000  0000 0000000000000000  0000 0000000000000000  0000 0000000000000000
Frame 0353    0001 00000000000094f2  0001 0000000000000000  0001 00076680be541008  0001 00077e00ee621008  0001 00079a80de280e08  0001 0007ba815e2e0c08  0001 0007e6c3be140c08  0001 0000000000000000  0001 0000000000000000  0000 0000000000000000  0000 0000000000000000  0000 0000000000000000
Frame 0354    0001 000000000000aac1  0001 00076bff4fc81001  0001 0007a83f6fa00e01  0001 0007f6005f7a0c01  0001 00043b7d3fda0a3a  0001 00049201df1e0a3a  0001 00050e03fef8083a  0001 0000000000000000  0001 0000000000000000  0000 0000000000000000  0000 0000000000000000  0000 0000000000000000
Frame 0355    0001 0000000000000000  0001 0000000000000000  0001 0000000000000000  0001 0000000000000000  0001 0000000000000000  0001 0000000000000000  0001 0000000000000000  0001 0000000000000000  0001 0000000000000000  0000 0000000000000000  0000 0000000000000000  0000 0000000000000000
Frame 0356    0001 000000000000c87e  0001 00076bd0404a1201  0001 0007a80c90601001  0001 0007ea48b0760e01  0001 00043c8320520c3a  0001 00049ffac0ce0c3a  0001 00050e3170720a3a  0001 0000000000000000  0001 0000000000000000  0000 0000000000000000  0000 0000000000000000  0000 0000000000000000
Frame 0357    0001 0000000000000000  0001 0000000000000000  0001 0000000000000000  0001 0000000000000000  0001 0000000000000000  0001 0000000000000000  0001 0000000000000000  0001 0000000000000000  0001 0000000000000000  0000 0000000000000000  0000 0000000000000000  0000 0000000000000000
Frame 0358    0001 0000000000000000  0001 0000000000000000  0001 0000000000000000  0001 0000000000000000  0001 0000000000000000  0001 0000000000000000  0001 0000000000000000  0001 0000000000000000  0001 0000000000000000  0000 0000000000000000  0000 0000000000000000  0000 0000000000000000
Frame 0359    0001 0000000000000000  0001 0000000000000000  0001 0000000000000000  0001 0000000000000000  0001 0000000000000000  0001 0000000000000000  0001 0000000000000000  0001 0000000000000000  0001 0000000000000000  0000 0000000000000000  0000 0000000000000000  0000 0000000000000000
Frame 0360    0001 000000000000cac0  0001 00076bcd0f9a1201  0001 0007a80aff6a1001  0001 0007f3883f3c0e01  0001 0000000000000000  0001 0004a1416e8e0c3a  0001 0004fe3e4e9c0a3a  0001 0000000000000000  0001 0000000000000000  0000 0000000000000000  0000 0000000000000000  0000 0000000000000000
Frame 0361    0001 0000000000008d67  0001 00076ffa1fd60c05  0001 0000000000000000  0001 0007d53ad0020a04  0001 0007fdbb10180a04  0001 00042c7b704050a7  0001 000477bc0fcc50a7  0001 0004b8fca0d850a7  0001 0000000000000000  0000 0000000000000000  0000 0000000000000000  0000 0000000000000000
Frame 0362    0001 0000000000000000  0001 0000000000000000  0001 0000000000000000  0001 0000000000000000  0001 0000000000000000  0001 0000000000000000  0001 0000000000000000  0001 0000000000000000  0001 0000000000000000  0000 0000000000000000  0000 0000000000000000  0000 0000000000000000
Frame 0363    0001 0000000000000000  0001 0000000000000000  0001 0000000000000000  0001 0000000000000000  0001 0000000000000000  0001 0000000000000000  0001 0000000000000000  0001 0000000000000000  0001 0000000000000000  0000 0000000000000000  0000 0000000000000000  0000 0000000000000000
Frame 0364    0001 0000000000000000  0001 0000000000000000  0001 0000000000000000  0001 0000000000000000  0001 0000000000000000  0001 0000000000000000  0001 0000000000000000  0001 0000000000000000  0001 0000000000000000  0000 0000000000000000  0000 0000000000000000  0000 0000000000000000
Frame 0365    0001 0000000000000000  0001 0000000000000000  0001 0000000000000000  0001 0000000000000000  0001 0000000000000000  0001 0000000000000000  0001 0000000000000000  0001 0000000000000000  0001 0000000000000000  0000 0000000000000000  0000 0000000000000000  0000 0000000000000000
Frame 0366    0001 000000000000a3fd  0001 00076bf500ae1402  0001 0007a836e0f21202  0001 0007f0b8f1421002  0001 00043d3a8184083a  0001 0004a17cc24c083a  0001 0004ffbe4232063a  0001 0000000000000000  0001 0000000000000000  0000 0000000000000000  0000 0000000000000000  0000 0000000000000000
Frame 0367    0001 0000000000000000  0001 0000000000000000  0001 0000000000000000  0001 0000000000000000  0001 0000000000000000  0001 0000000000000000  0001 0000000000000000  0001 0000000000000000  0001 0000000000000000  0000 0000000000000000  0000 0000000000000000  0000 0000000000000000
Frame 0368    0001 0000000000000000  0001 0000000000000000  0001 0000000000000000  0001 0000000000000000  0001 0000000000000000  0001 0000000000000000  0001 0000000000000000  0001 0000000000000000  0001 0000000000000000  0000 0000000000000000  0000 0000000000000000  0000 0000000000000000
Frame 0369    0001 0000000000000000  0001 0000000000000000  0001 0000000000000000  0001 0000000000000000  0001 0000000000000000  0001 0000000000000000  0001 0000000000000000  0001 0000000000000000  0001 0000000000000000  0000 0000000000000000  0000 0000000000000000  0000 0000000000000000
Frame 0370    0001 0000000000000000  0001 0000000000000000  0001 0000000000000000  0001 0000000000000000  0001 0000000000000000  0001 0000000000000000  0001 0000000000000000  0001 0000000000000000  0001 0000000000000000  0000 0000000000000000  0000 0000000000000000  0000 0000000000000000
Frame 0371    0001 0000000000000000  0001 0000000000000000  0001 0000000000000000  0001 0000000000000000  0001 0000000000000000  0001 0000000000000000  0001 0000000000000000  0001 0000000000000000  0001 0000000000000000  0000 0000000000000000  0000 0000000000000000  0000 0000000000000000
Frame 0372    0001 0000000000000000  0001 0000000000000000  0001 0000000000000000  0001 0000000000000000  0001 0000000000000000  0001 0000000000000000  0001 0000000000000000  0001 0000000000000000  0001 0000000000000000  0000 0000000000000000  0000 0000000000000000  0000 0000000000000000
Frame 0373    0001 0000000000000000  0001 0000000000000000  0001 0000000000000000  0001 0000000000000000  0001 0000000000000000  0001 0000000000000000  0001 0000000000000000  0001 0000000000000000  0001 0000000000000000  0000 0000000000000000  0000 0000000000000000  0000 0000000000000000
Frame 0374    0001 0000000000000000  0001 0000000000000000  0001 0000000000000000  0001 0000000000000000  0001 0000000000000000  0001 0000000000000000  0001 0000000000000000  0001 0000000000000000  0001 0000000000000000  0000 0000000000000000  0000 0000000000000000  0000 0000000000000000
Frame 0375    0001 0000000000000000  0001 0000000000000000  0001 0000000000000000  0001 0000000000000000  0001 0000000000000000  0001 0000000000000000  0001 0000000000000000  0001 0000000000000000  0001 0000000000000000  0000 0000000000000000  0000 0000000000000000  0000 0000000000000000
Frame 0376    0001 0000000000000000  0001 0000000000000000  0001 0000000000000000  0001 0000000000000000  0001 0000000000000000  0001 0000000000000000  0001 0000000000000000  0001 0000000000000000  0001 0000000000000000  0000 0000000000000000  0000 0000000000000000  0000 0000000000000000
Frame 0377    0001 0000000000000000  0001 0000000000000000  0001 0000000000000000  0001 0000000000000000  0001 0000000000000000  0001 0000000000000000  0001 0000000000000000  0001 0000000000000000  0001 0000000000000000  0000 0000000000000000  0000 0000000000000000  0000 0000000000000000
Frame 0378    0001 0000000000000000  0001 0000000000000000  0001 0000000000000000  0001 0000000000000000  0001 0000000000000000  0001 0000000000000000  0001 0000000000000000  0001 0000000000000000  0001 0000000000000000  0000 0000000000000000  0000 0000000000000000  0000 0000000000000000
Frame 0379    0001 0000000000000000  0001 0000000000000000  0001 0000000000000000  0001 0000000000000000  0001 0000000000000000  0001 0000000000000000  0001 0000000000000000  0001 0000000000000000  0001 0000000000000000  0000 0000000000000000  0000 0000000000000000  0000 0000000000000000
Frame 0380    0001 0000000000000000  0001 0000000000000000  0001 0000000000000000  0001 0000000000000000  0001 0000000000000000  0001 0000000000000000  0001 0000000000000000  0001 0000000000000000  0001 0000000000000000  0000 0000000000000000  0000 0000000000000000  0000 0000000000000000
Frame 0381    0001 0000000000000000  0001 0000000000000000  0001 0000000000000000  0001 0000000000000000  0001 0000000000000000  0001 0000000000000000  0001 0000000000000000  0001 0000000000000000  0001 0000000000000000  0000 0000000000000000  0000 0000000000000000  0000 0000000000000000
Frame 0382    0001 000000000000c960  0001 00076ac27ef01201  0001 0007aa42ff201001  0001 0007f2421f4a0e01  0001 000443ffcff00c3a  0001 0004907caf6e0c3a  0001 0000000000000000  0001 0000000000000000  0001 0000000000000000  0000 0000000000000000  0000 0000000000000000  0000 0000000000000000
Frame 0383    0001 0000000000000000  0001 0000000000000000  0001 0000000000000000  0001 0000000000000000  0001 0000000000000000  0001 0000000000000000  0001 0000000000000000  0001 0000000000000000  0001 0000000000000000  0000 0000000000000000  0000 0000000000000000  0000 0000000000000000
Frame 0384    0001 0000000000000000  0001 0000000000000000  0001 0000000000000000  0001 0000000000000000  0001 0000000000000000  0001 0000000000000000  0001 0000000000000000  0001 0000000000000000  0001 0000000000000000  0000 0000000000000000  0000 0000000000000000  0000 0000000000000000
Frame 0385    0001 0000000000008d9f  0001 00075f3720fa0c01  0001 0007a87b63aa0801  0001 0000000000000000  0001 0000000000000000  0001 000498fbdf04043a  0001 000506bcbdec023a  0001 0000000000000000  0001 0000000000000000  0000 0000000000000000  0000 0000000000000000  0000 0000000000000000
Frame 0386    0001 0000000000000000  0001 0000000000000000  0001 0000000000000000  0001 0000000000000000  0001 0000000000000000  0001 0000000000000000  0001 0000000000000000  0001 0000000000000000  0001 0000000000000000  0000 0000000000000000  0000 0000000000000000  0000 0000000000000000
Frame 0387    0001 0000000000000000  0001 0000000000000000  0001 0000000000000000  0001 0000000000000000  0001 0000000000000000  0001 0000000000000000  0001 0000000000000000  0001 0000000000000000  0001 0000000000000000  0000 0000000000000000  0000 0000000000000000  0000 0000000000000000
Frame 0388    0001 0000000000000000  0001 0000000000000000  0001 0000000000000000  0001 0000000000000000  0001 0000000000000000  0001 0000000000000000  0001 0000000000000000  0001 0000000000000000  0001 0000000000000000  0000 0000000000000000  0000 0000000000000000  0000 0000000000000000
Frame 0389    0001 0000000000000000  0001 0000000000000000  0001 0000000000000000  0001 0000000000000000  0001 0000000000000000  0001 0000000000000000  0001 0000000000000000  0001 0000000000000000  0001 0000000000000000  0000 0000000000000000  0000 0000000000000000  0000 0000000000000000
Frame 0390    0001 0000000000000000  0001 0000000000000000  0001 0000000000000000  0001 0000000000000000  0001 0000000000000000  0001 0000000000000000  0001 0000000000000000  0001 0000000000000000  0001 0000000000000000  0000 0000000000000000  0000 0000000000000000  0000 0000000000000000
Frame 0391    0001 0000000000000000  0001 0000000000000000  0001 0000000000000000  0001 0000000000000000  0001 0000000000000000  0001 0000000000000000  0001 0000000000000000  0001 0000000000000000  0001 0000000000000000  0000 0000000000000000  0000 0000000000000000  0000 0000000000000000
Frame 0392    0001 0000000000000000  0001 0000000000000000  0001 0000000000000000  0001 0000000000000000  0001 0000000000000000  0001 0000000000000000  0001 0000000000000000  0001 0000000000000000  0001 0000000000000000  0000 0000000000000000  0000 0000000000000000  0000 0000000000000000
Frame 0393    0001 0000000000000000  0001 0000000000000000  0001 0000000000000000  0001 0000000000000000  0001 0000000000000000  0001 0000000000000000  0001 0000000000000000  0001 0000000000000000  0001 0000000000000000  0000 0000000000000000  0000 0000000000000000  0000 0000000000000000
Frame 0394    0001 0000000000000000  0001 0000000000000000  0001 0000000000000000  0001 0000000000000000  0001 0000000000000000  0001 0000000000000000  0001 0000000000000000  0001 0000000000000000  0001 0000000000000000  0000 0000000000000000  0000 0000000000000000  0000 0000000000000000
Frame 0395    0001 0000000000000000  0001 0000000000000000  0001 0000000000000000  0001 0000000000000000  0001 0000000000000000  0001 0000000000000000  0001 0000000000000000  0001 0000000000000000  0001 0000000000000000  0000 0000000000000000  0000 0000000000000000  0000 0000000000000000
Frame 0396    0001 0000000000000000  0001 0000000000000000  0001 0000000000000000  0001 0000000000000000  0001 0000000000000000  0001 0000000000000000  0001 0000000000000000  0001 0000000000000000  0001 0000000000000000  0000 0000000000000000  0000 0000000000000000  0000 0000000000000000
Frame 0397    0001 0000000000000000  0001 0000000000000000  0001 0000000000000000  0001 0000000000000000  0001 0000000000000000  0001 0000000000000000  0001 0000000000000000  0001 0000000000000000  0001 0000000000000000  0000 0000000000000000  0000 0000000000000000  0000 0000000000000000
Frame 0398    0001 0000000000000000  0001 0000000000000000  0001 0000000000000000  0001 0000000000000000  0001 0000000000000000  0001 0000000000000000  0001 0000000000000000  0001 0000000000000000  0001 0000000000000000  0000 0000000000000000  0000 0000000000000000  0000 0000000000000000
Frame 0399    0001 0000000000000000  0001 0000000000000000  0001 0000000000000000  0001 0000000000000000  0001 0000000000000000  0001 0000000000000000  0001 0000000000000000  0001 0000000000000000  0001 0000000000000000  0000 0000000000000000  0000 0000000000000000  0000 0000000000000000
Frame 0400    0001 0000000000000000  0001 0000000000000000  0001 0000000000000000  0001 0000000000000000  0001 0000000000000000  0001 0000000000000000  0001 0000000000000000  0001 0000000000000000  0001 0000000000000000  0000 0000000000000000  0000 0000000000000000  0000 0000000000000000
Frame 0401    0001 0000000000000000  0001 0000000000000000  0001 0000000000000000  0001 0000000000000000  0001 0000000000000000  0001 0000000000000000  0001 0000000000000000  0001 0000000000000000  0001 0000000000000000  0000 0000000000000000  0000 0000000000000000  0000 0000000000000000
Frame 0402    0001 0000000000000000  0001 0000000000000000  0001 0000000000000000  0001 0000000000000000  0001 0000000000000000  0001 0000000000000000  0001 0000000000000000  0001 0000000000000000  0001 0000000000000000  0000 0000000000000000  0000 0000000000000000  0000 0000000000000000
Frame 0403    0001 0000000000000000  0001 0000000000000000  0001 0000000000000000  0001 0000000000000000  0001 0000000000000000  0001 0000000000000000  0001 0000000000000000  0001 0000000000000000  0001 0000000000000000  0000 0000000000000000  0000 0000000000000000  0000 0000000000000000
Frame 0404    0001 0000000000000000  0001 0000000000000000  0001 0000000000000000  0001 0000000000000000  0001 0000000000000000  0001 0000000000000000  0001 0000000000000000  0001 0000000000000000  0001 0000000000000000  0000 0000000000000000  0000 0000000000000000  0000 0000000000000000
Frame 0405    0001 0000000000000000  0001 0000000000000000  0001 0000000000000000  0001 0000000000000000  0001 0000000000000000  0001 0000000000000000  0001 0000000000000000  0001 0000000000000000  0001 0000000000000000  0000 0000000000000000  0000 0000000000000000  0000 0000000000000000
Frame 0406    0001 0000000000000000  0001 0000000000000000  0001 0000000000000000  0001 0000000000000000  0001 0000000000000000  0001 0000000000000000  0001 0000000000000000  0001 0000000000000000  0001 0000000000000000  0000 0000000000000000  0000 0000000000000000  0000 0000000000000000
Frame 0407    0001 0000000000000000  0001 0000000000000000  0001 0000000000000000  0001 0000000000000000  0001 0000000000000000  0001 0000000000000000  0001 0000000000000000  0001 0000000000000000  0001 0000000000000000  0000 0000000000000000  0000 0000000000000000  0000 0000000000000000
Frame 0408    0001 0000000000000000  0001 0000000000000000  0001 0000000000000000  0001 0000000000000000  0001 0000000000000000  0001 0000000000000000  0001 0000000000000000  0001 0000000000000000  0001 0000000000000000  0000 0000000000000000  0000 0000000000000000  0000 0000000000000000
Frame 0409    0001 0000000000000000  0001 0000000000000000  0001 0000000000000000  0001 0000000000000000  0001 0000000000000000  0001 0000000000000000  0001 0000000000000000  0001 0000000000000000  0001 0000000000000000  0000 0000000000000000  0000 0000000000000000  0000 0000000000000000
Frame 0410    0001 0000000000000000  0001 0000000000000000  0001 0000000000000000  0001 0000000000000000  0001 0000000000000000  0001 0000000000000000  0001 0000000000000000  0001 0000000000000000  0001 0000000000000000  0000 0000000000000000  0000 0000000000000000  0000 0000000000000000
Frame 0411    0001 0000000000000000  0001 0000000000000000  0001 0000000000000000  0001 0000000000000000  0001 0000000000000000  0001 0000000000000000  0001 0000000000000000  0001 0000000000000000  0001 0000000000000000  0000 0000000000000000  0000 0000000000000000  0000 0000000000000000
Frame 0412    0001 0000000000000000  0001 0000000000000000  0001 0000000000000000  0001 0000000000000000  0001 0000000000000000  0001 0000000000000000  0001 0000000000000000  0001 0000000000000000  0001 0000000000000000  0000 0000000000000000  0000 0000000000000000  0000 0000000000000000
Frame 0413    0001 0000000000000000  0001 0000000000000000  0001 0000000000000000  0001 0000000000000000  0001 0000000000000000  0001 0000000000000000  0001 0000000000000000  0001 0000000000000000  0001 0000000000000000  0000 0000000000000000  0000 0000000000000000  0000 0000000000000000
Frame 0414    0001 0000000000000000  0001 0000000000000000  0001 0000000000000000  0001 0000000000000000  0001 0000000000000000  0001 0000000000000000  0001 0000000000000000  0001 0000000000000000  0001 0000000000000000  0000 0000000000000000  0000 0000000000000000  0000 0000000000000000
Frame 0415    0001 0000000000000000  0001 0000000000000000  0001 0000000000000000  0001 0000000000000000  0001 0000000000000000  0001 0000000000000000  0001 0000000000000000  0001 0000000000000000  0001 0000000000000000  0000 0000000000000000  0000 0000000000000000  0000 0000000000000000
Frame 0416    0001 0000000000000000  0001 0000000000000000  0001 0000000000000000  0001 0000000000000000  0001 0000000000000000  0001 0000000000000000  0001 0000000000000000  0001 0000000000000000  0001 0000000000000000  0000 0000000000000000  0000 0000000000000000  0000 0000000000000000
Frame 0417    0001 0000000000000000  0001 0000000000000000  0001 0000000000000000  0001 0000000000000000  0001 0000000000000000  0001 0000000000000000  0001 0000000000000000  0001 0000000000000000  0001 0000000000000000  0000 0000000000000000  0000 0000000000000000  0000 0000000000000000
Frame 0418    0001 0000000000000000  0001 0000000000000000  0001 0000000000000000  0001 0000000000000000  0001 0000000000000000  0001 0000000000000000  0001 0000000000000000  0001 0000000000000000  0001 0000000000000000  0000 0000000000000000  0000 0000000000000000  0000 0000000000000000
Frame 0419    0001 0000000000000000  0001 0000000000000000  0001 0000000000000000  0001 0000000000000000  0001 0000000000000000  0001 0000000000000000  0001 0000000000000000  0001 0000000000000000  0001 0000000000000000  0000 0000000000000000  0000 0000000000000000  0000 0000000000000000
Frame 0420    0001 0000000000000000  0001 0000000000000000  0001 0000000000000000  0001 0000000000000000  0001 0000000000000000  0001 0000000000000000  0001 0000000000000000  0001 0000000000000000  0001 0000000000000000  0000 0000000000000000  0000 0000000000000000  0000 0000000000000000
Frame 0421    0001 0000000000000000  0001 0000000000000000  0001 0000000000000000  0001 0000000000000000  0001 0000000000000000  0001 0000000000000000  0001 0000000000000000  0001 0000000000000000  0001 0000000000000000  0000 0000000000000000  0000 0000000000000000  0000 0000000000000000
Frame 0422    0001 0000000000000000  0001 0000000000000000  0001 0000000000000000  0001 0000000000000000  0001 0000000000000000  0001 0000000000000000  0001 0000000000000000  0001 0000000000000000  0001 0000000000000000  0000 0000000000000000  0000 0000000000000000  0000 0000000000000000
Frame 0423    0001 0000000000000000  0001 0000000000000000  0001 0000000000000000  0001 0000000000000000  0001 0000000000000000  0001 0000000000000000  0001 0000000000000000  0001 0000000000000000  0001 0000000000000000  0000 0000000000000000  0000 0000000000000000  0000 0000000000000000
Frame 0424    0001 0000000000000000  0001 0000000000000000  0001 0000000000000000  0001 0000000000000000  0001 0000000000000000  0001 0000000000000000  0001 0000000000000000  0001 0000000000000000  0001 0000000000000000  0000 0000000000000000  0000 0000000000000000  0000 0000000000000000
Frame 0425    0001 0000000000000000  0001 0000000000000000  0001 0000000000000000  0001 0000000000000000  0001 0000000000000000  0001 0000000000000000  0001 0000000000000000  0001 0000000000000000  0001 0000000000000000  0000 0000000000000000  0000 0000000000000000  0000 0000000000000000
Frame 0426    0001 0000000000000000  0001 0000000000000000  0001 0000000000000000  0001 0000000000000000  0001 0000000000000000  0001 0000000000000000  0001 0000000000000000  0001 0000000000000000  0001 0000000000000000  0000 0000000000000000  0000 0000000000000000  0000 0000000000000000
Frame 0427    0001 0000000000000000  0001 0000000000000000  0001 0000000000000000  0001 0000000000000000  0001 0000000000000000  0001 0000000000000000  0001 0000000000000000  0001 0000000000000000  0001 0000000000000000  0000 0000000000000000  0000 0000000000000000  0000 0000000000000000
Frame 0428    0001 0000000000000000  0001 0000000000000000  0001 0000000000000000  0001 0000000000000000  0001 0000000000000000  0001 0000000000000000  0001 0000000000000000  0001 0000000000000000  0001 0000000000000000  0000 0000000000000000  0000 0000000000000000  0000 0000000000000000
Frame 0429    0001 0000000000000000  0001 0000000000000000  0001 0000000000000000  0001 0000000000000000  0001 0000000000000000  0001 0000000000000000  0001 0000000000000000  0001 0000000000000000  0001 0000000000000000  0000 0000000000000000  0000 0000000000000000  0000 0000000000000000
Frame 0430    0001 0000000000000000  0001 0000000000000000  0001 0000000000000000  0001 0000000000000000  0001 0000000000000000  0001 0000000000000000  0001 0000000000000000  0001 0000000000000000  0001 0000000000000000  0000 0000000000000000  0000 0000000000000000  0000 0000000000000000
Frame 0431    0001 0000000000000000  0001 0000000000000000  0001 0000000000000000  0001 0000000000000000  0001 0000000000000000  0001 0000000000000000  0001 0000000000000000  0001 0000000000000000  0001 0000000000000000  0000 0000000000000000  0000 0000000000000000  0000 0000000000000000
Frame 0432    0001 0000000000000000  0001 0000000000000000  0001 0000000000000000  0001 0000000000000000  0001 0000000000000000  0001 0000000000000000  0001 0000000000000000  0001 0000000000000000  0001 0000000000000000  0000 0000000000000000  0000 0000000000000000  0000 0000000000000000
Frame 0433    0001 0000000000000000  0001 0000000000000000  0001 0000000000000000  0001 0000000000000000  0001 0000000000000000  0001 0000000000000000  0001 0000000000000000  0001 0000000000000000  0001 0000000000000000  0000 0000000000000000  0000 0000000000000000  0000 0000000000000000
Frame 0434    0001 0000000000000000  0001 0000000000000000  0001 0000000000000000  0001 0000000000000000  0001 0000000000000000  0001 0000000000000000  0001 0000000000000000  0001 0000000000000000  0001 0000000000000000  0000 0000000000000000  0000 0000000000000000  0000 0000000000000000
Frame 0435    0001 0000000000000000  0001 0000000000000000  0001 0000000000000000  0001 0000000000000000  0001 0000000000000000  0001 0000000000000000  0001 0000000000000000  0001 0000000000000000  0001 0000000000000000  0000 0000000000000000  0000 0000000000000000  0000 0000000000000000
Frame 0436    0001 0000000000000000  0001 0000000000000000  0001 0000000000000000  0001 0000000000000000  0001 0000000000000000  0001 0000000000000000  0001 0000000000000000  0001 0000000000000000  0001 0000000000000000  0000 0000000000000000  0000 0000000000000000  0000 0000000000000000
Frame 0437    0001 0000000000000000  0001 0000000000000000  0001 0000000000000000  0001 0000000000000000  0001 0000000000000000  0001 0000000000000000  0001 0000000000000000  0001 0000000000000000  0001 0000000000000000  0000 0000000000000000  0000 0000000000000000  0000 0000000000000000
Frame 0438    0001 0000000000000000  0001 0000000000000000  0001 0000000000000000  0001 0000000000000000  0001 0000000000000000  0001 0000000000000000  0001 0000000000000000  0001 0000000000000000  0001 0000000000000000  0000 0000000000000000  0000 0000000000000000  0000 0000000000000000
Frame 0439    0001 0000000000000000  0001 0000000000000000  0001 0000000000000000  0001 0000000000000000  0001 0000000000000000  0001 0000000000000000  0001 0000000000000000  0001 0000000000000000  0001 0000000000000000  0000 0000000000000000  0000 0000000000000000  0000 0000000000000000
Frame 0440    0001 0000000000000000  0001 0000000000000000  0001 0000000000000000  0001 0000000000000000  0001 0000000000000000  0001 0000000000000000  0001 0000000000000000  0001 0000000000000000  0001 0000000000000000  0000 0000000000000000  0000 0000000000000000  0000 0000000000000000
Frame 0441    0001 0000000000000000  0001 0000000000000000  0001 0000000000000000  0001 0000000000000000  0001 0000000000000000  0001 0000000000000000  0001 0000000000000000  0001 0000000000000000  0001 0000000000000000  0000 0000000000000000  0000 0000000000000000  0000 0000000000000000
Frame 0442    0001 0000000000000000  0001 0000000000000000  0001 0000000000000000  0001 0000000000000000  0001 0000000000000000  0001 0000000000000000  0001 0000000000000000  0001 0000000000000000  0001 0000000000000000  0000 0000000000000000  0000 0000000000000000  0000 0000000000000000
Frame 0443    0001 0000000000000000  0001 0000000000000000  0001 0000000000000000  0001 0000000000000000  0001 0000000000000000  0001 0000000000000000  0001 0000000000000000  0001 0000000000000000  0001 0000000000000000  0000 0000000000000000  0000 0000000000000000  0000 0000000000000000
Frame 0444    0001 0000000000000000  0001 0000000000000000  0001 0000000000000000  0001 0000000000000000  0001 0000000000000000  0001 0000000000000000  0001 0000000000000000  0001 0000000000000000  0001 0000000000000000  0000 0000000000000000  0000 0000000000000000  0000 0000000000000000
Frame 0445    0001 0000000000000000  0001 0000000000000000  0001 0000000000000000  0001 0000000000000000  0001 0000000000000000  0001 0000000000000000  0001 0000000000000000  0001 0000000000000000  0001 0000000000000000  0000 0000000000000000  0000 0000000000000000  0000 0000000000000000
Frame 0446    0001 0000000000000000  0001 0000000000000000  0001 0000000000000000  0001 0000000000000000  0001 0000000000000000  0001 0000000000000000  0001 0000000000000000  0001 0000000000000000  0001 0000000000000000  0000 0000000000000000  0000 0000000000000000  0000 0000000000000000
Frame 0447    0001 0000000000000000  0001 0000000000000000  0001 0000000000000000  0001 0000000000000000  0001 0000000000000000  0001 0000000000000000  0001 0000000000000000  0001 0000000000000000  0001 0000000000000000  0000 0000000000000000  0000 0000000000000000  0000 0000000000000000
Frame 0448    0001 0000000000000000  0001 0000000000000000  0001 0000000000000000  0001 0000000000000000  0001 0000000000000000  0001 0000000000000000  0001 0000000000000000  0001 0000000000000000  0001 0000000000000000  0000 0000000000000000  0000 0000000000000000  0000 0000000000000000
Frame 0449    0001 0000000000000000  0001 0000000000000000  0001 0000000000000000  0001 0000000000000000  0001 0000000000000000  0001 0000000000000000  0001 0000000000000000  0001 0000000000000000  0001 0000000000000000  0000 0000000000000000  0000 0000000000000000  0000 0000000000000000
Frame 0450    0001 0000000000000000  0001 0000000000000000  0001 0000000000000000  0001 0000000000000000  0001 0000000000000000  0001 0000000000000000  0001 0000000000000000  0001 0000000000000000  0001 0000000000000000  0000 0000000000000000  0000 0000000000000000  0000 0000000000000000
Frame 0451    0001 0000000000000000  0001 0000000000000000  0001 0000000000000000  0001 0000000000000000  0001 0000000000000000  0001 0000000000000000  0001 0000000000000000  0001 0000000000000000  0001 0000000000000000  0000 0000000000000000  0000 0000000000000000  0000 0000000000000000
Frame 0452    0001 0000000000000000  0001 0000000000000000  0001 0000000000000000  0001 0000000000000000  0001 0000000000000000  0001 0000000000000000  0001 0000000000000000  0001 0000000000000000  0001 0000000000000000  0000 0000000000000000  0000 0000000000000000  0000 0000000000000000
Frame 0453    0001 0000000000000000  0001 0000000000000000  0001 0000000000000000  0001 0000000000000000  0001 0000000000000000  0001 0000000000000000  0001 0000000000000000  0001 0000000000000000  0001 0000000000000000  0000 0000000000000000  0000 0000000000000000  0000 0000000000000000
Frame 0454    0001 0000000000000000  0001 0000000000000000  0001 0000000000000000  0001 0000000000000000  0001 0000000000000000  0001 0000000000000000  0001 0000000000000000  0001 0000000000000000  0001 0000000000000000  0000 0000000000000000  0000 0000000000000000  0000 0000000000000000
Frame 0455    0001 0000000000000000  0001 0000000000000000  0001 0000000000000000  0001 0000000000000000  0001 0000000000000000  0001 0000000000000000  0001 0000000000000000  0001 0000000000000000  0001 0000000000000000  0000 0000000000000000  0000 0000000000000000  0000 0000000000000000
Frame 0456    0001 0000000000000000  0001 0000000000000000  0001 0000000000000000  0001 0000000000000000  0001 0000000000000000  0001 0000000000000000  0001 0000000000000000  0001 0000000000000000  0001 0000000000000000  0000 0000000000000000  0000 0000000000000000  0000 0000000000000000
Frame 0457    0001 0000000000000000  0001 0000000000000000  0001 0000000000000000  0001 0000000000000000  0001 0000000000000000  0001 0000000000000000  0001 0000000000000000  0001 0000000000000000  0001 0000000000000000  0000 0000000000000000  0000 0000000000000000  0000 0000000000000000
Frame 0458    0001 0000000000000000  0001 0000000000000000  0001 0000000000000000  0001 0000000000000000  0001 0000000000000000  0001 0000000000000000  0001 0000000000000000  0001 0000000000000000  0001 0000000000000000  0000 0000000000000000  0000 0000000000000000  0000 0000000000000000
Frame 0459    0001 0000000000000000  0001 0000000000000000  0001 0000000000000000  0001 0000000000000000  0001 0000000000000000  0001 0000000000000000  0001 0000000000000000  0001 0000000000000000  0001 0000000000000000  0000 0000000000000000  0000 0000000000000000  0000 0000000000000000
Frame 0460    0001 0000000000000000  0001 0000000000000000  0001 0000000000000000  0001 0000000000000000  0001 0000000000000000  0001 0000000000000000  0001 0000000000000000  0001 0000000000000000  0001 0000000000000000  0000 0000000000000000  0000 0000000000000000  0000 0000000000000000
Frame 0461    0001 0000000000000000  0001 0000000000000000  0001 0000000000000000  0001 0000000000000000  0001 0000000000000000  0001 0000000000000000  0001 0000000000000000  0001 0000000000000000  0001 0000000000000000  0000 0000000000000000  0000 0000000000000000  0000 0000000000000000
Frame 0462    0001 0000000000000000  0001 0000000000000000  0001 0000000000000000  0001 0000000000000000  0001 0000000000000000  0001 0000000000000000  0001 0000000000000000  0001 0000000000000000  0001 0000000000000000  0000 0000000000000000  0000 0000000000000000  0000 0000000000000000
Frame 0463    0001 0000000000000000  0001 0000000000000000  0001 0000000000000000  0001 0000000000000000  0001 0000000000000000  0001 0000000000000000  0001 0000000000000000  0001 0000000000000000  0001 0000000000000000  0000 0000000000000000  0000 0000000000000000  0000 0000000000000000
Frame 0464    0001 0000000000000000  0001 0000000000000000  0001 0000000000000000  0001 0000000000000000  0001 0000000000000000  0001 0000000000000000  0001 0000000000000000  0001 0000000000000000  0001 0000000000000000  0000 0000000000000000  0000 0000000000000000  0000 0000000000000000
Frame 0465    0001 0000000000000000  0001 0000000000000000  0001 0000000000000000  0001 0000000000000000  0001 0000000000000000  0001 0000000000000000  0001 0000000000000000  0001 0000000000000000  0001 0000000000000000  0000 0000000000000000  0000 0000000000000000  0000 0000000000000000
Frame 0466    0001 0000000000000000  0001 0000000000000000  0001 0000000000000000  0001 0000000000000000  0001 0000000000000000  0001 0000000000000000  0001 0000000000000000  0001 0000000000000000  0001 0000000000000000  0000 0000000000000000  0000 0000000000000000  0000 0000000000000000
Frame 0467    0001 0000000000000000  0001 0000000000000000  0001 0000000000000000  0001 0000000000000000  0001 0000000000000000  0001 0000000000000000  0001 0000000000000000  0001 0000000000000000  0001 0000000000000000  0000 0000000000000000  0000 0000000000000000  0000 0000000000000000
Frame 0468    0001 0000000000000000  0001 0000000000000000  0001 0000000000000000  0001 0000000000000000  0001 0000000000000000  0001 0000000000000000  0001 0000000000000000  0001 0000000000000000  0001 0000000000000000  0000 0000000000000000  0000 0000000000000000  0000 0000000000000000
Frame 0469    0001 0000000000000000  0001 0000000000000000  0001 0000000000000000  0001 0000000000000000  0001 0000000000000000  0001 0000000000000000  0001 0000000000000000  0001 0000000000000000  0001 0000000000000000  0000 0000000000000000  0000 0000000000000000  0000 0000000000000000
Frame 0470    0001 0000000000000000  0001 0000000000000000  0001 0000000000000000  0001 0000000000000000  0001 0000000000000000  0001 0000000000000000  0001 0000000000000000  0001 0000000000000000  0001 0000000000000000  0000 0000000000000000  0000 0000000000000000  0000 0000000000000000
Frame 0471    0001 0000000000000000  0001 0000000000000000  0001 0000000000000000  0001 0000000000000000  0001 0000000000000000  0001 0000000000000000  0001 0000000000000000  0001 0000000000000000  0001 0000000000000000  0000 0000000000000000  0000 0000000000000000  0000 0000000000000000
Frame 0472    0001 0000000000000000  0001 0000000000000000  0001 0000000000000000  0001 0000000000000000  0001 0000000000000000  0001 0000000000000000  0001 0000000000000000  0001 0000000000000000  0001 0000000000000000  0000 0000000000000000  0000 0000000000000000  0000 0000000000000000
Frame 0473    0001 0000000000000000  0001 0000000000000000  0001 0000000000000000  0001 0000000000000000  0001 0000000000000000  0001 0000000000000000  0001 0000000000000000  0001 0000000000000000  0001 0000000000000000  0000 0000000000000000  0000 0000000000000000  0000 0000000000000000
Frame 0474    0001 0000000000000000  0001 0000000000000000  0001 0000000000000000  0001 0000000000000000  0001 0000000000000000  0001 0000000000000000  0001 0000000000000000  0001 0000000000000000  0001 0000000000000000  0000 0000000000000000  0000 0000000000000000  0000 0000000000000000
Frame 0475    0001 0000000000000000  0001 0000000000000000  0001 0000000000000000  0001 0000000000000000  0001 0000000000000000  0001 0000000000000000  0001 0000000000000000  0001 0000000000000000  0001 0000000000000000  0000 0000000000000000  0000 0000000000000000  0000 0000000000000000
Frame 0476    0001 0000000000000000  0001 0000000000000000  0001 0000000000000000  0001 0000000000000000  0001 0000000000000000  0001 0000000000000000  0001 0000000000000000  0001 0000000000000000  0001 0000000000000000  0000 0000000000000000  0000 0000000000000000  0000 0000000000000000
Frame 0477    0001 0000000000000000  0001 0000000000000000  0001 0000000000000000  0001 0000000000000000  0001 0000000000000000  0001 0000000000000000  0001 0000000000000000  0001 0000000000000000  0001 0000000000000000  0000 0000000000000000  0000 0000000000000000  0000 0000000000000000
Frame 0478    0001 0000000000000000  0001 0000000000000000  0001 0000000000000000  0001 0000000000000000  0001 0000000000000000  0001 0000000000000000  0001 0000000000000000  0001 0000000000000000  0001 0000000000000000  0000 0000000000000000  0000 0000000000000000  0000 0000000000000000
Frame 0479    0001 0000000000000000  0001 0000000000000000  0001 0000000000000000  0001 0000000000000000  0001 0000000000000000  0001 0000000000000000  0001 0000000000000000  0001 0000000000000000  0001 0000000000000000  0000 0000000000000000  0000 0000000000000000  0000 0000000000000000
Frame 0480    0001 0000000000000000  0001 0000000000000000  0001 0000000000000000  0001 0000000000000000  0001 0000000000000000  0001 0000000000000000  0001 0000000000000000  0001 0000000000000000  0001 0000000000000000  0000 0000000000000000  0000 0000000000000000  0000 0000000000000000
Frame 0481    0001 0000000000000000  0001 0000000000000000  0001 0000000000000000  0001 0000000000000000  0001 0000000000000000  0001 0000000000000000  0001 0000000000000000  0001 0000000000000000  0001 0000000000000000  0000 0000000000000000  0000 0000000000000000  0000 0000000000000000
Frame 0482    0001 0000000000000000  0001 0000000000000000  0001 0000000000000000  0001 0000000000000000  0001 0000000000000000  0001 0000000000000000  0001 0000000000000000  0001 0000000000000000  0001 0000000000000000  0000 0000000000000000  0000 0000000000000000  0000 0000000000000000
Frame 0483    0001 0000000000000000  0001 0000000000000000  0001 0000000000000000  0001 0000000000000000  0001 0000000000000000  0001 0000000000000000  0001 0000000000000000  0001 0000000000000000  0001 0000000000000000  0000 0000000000000000  0000 0000000000000000  0000 0000000000000000
Frame 0484    0001 0000000000000000  0001 0000000000000000  0001 0000000000000000  0001 0000000000000000  0001 0000000000000000  0001 0000000000000000  0001 0000000000000000  0001 0000000000000000  0001 0000000000000000  0000 0000000000000000  0000 0000000000000000  0000 0000000000000000
Frame 0485    0001 0000000000000000  0001 0000000000000000  0001 0000000000000000  0001 0000000000000000  0001 0000000000000000  0001 0000000000000000  0001 0000000000000000  0001 0000000000000000  0001 0000000000000000  0000 0000000000000000  0000 0000000000000000  0000 0000000000000000
Frame 0486    0000 0000000000000000  0000 0000000000000000  0000 0000000000000000  0000 0000000000000000  0000 0000000000000000  0000 0000000000000000  0000 0000000000000000  0000 0000000000000000  0000 0000000000000000  0000 0000000000000000  0000 0000000000000000  0000 0000000000000000
Frame 0487    0000 0000000000000000  0000 0000000000000000  0000 0000000000000000  0000 0000000000000000  0000 0000000000000000  0000 0000000000000000  0000 0000000000000000  0000 0000000000000000  0000 0000000000000000  0000 0000000000000000  0000 0000000000000000  0000 0000000000000000
Frame 0488    0000 0000000000000000  0000 0000000000000000  0000 0000000000000000  0000 0000000000000000  0000 0000000000000000  0000 0000000000000000  0000 0000000000000000  0000 0000000000000000  0000 0000000000000000  0000 0000000000000000  0000 0000000000000000  0000 0000000000000000
Frame 0489    0000 0000000000000000  0000 0000000000000000  0000 0000000000000000  0000 0000000000000000  0000 0000000000000000  0000 0000000000000000  0000 0000000000000000  0000 0000000000000000  0000 0000000000000000  0000 0000000000000000  0000 0000000000000000  0000 0000000000000000
Frame 0490    0000 0000000000000000  0000 0000000000000000  0000 0000000000000000  0000 0000000000000000  0000 0000000000000000  0000 0000000000000000  0000 0000000000000000  0000 0000000000000000  0000 0000000000000000  0000 0000000000000000  0000 0000000000000000  0000 0000000000000000
Frame 0491    0000 0000000000000000  0000 0000000000000000  0000 0000000000000000  0000 0000000000000000  0000 0000000000000000  0000 0000000000000000  0000 0000000000000000  0000 0000000000000000  0000 0000000000000000  0000 0000000000000000  0000 0000000000000000  0000 0000000000000000
Frame 0492    0001 0000000000009c02  0001 00076bff60561202  0001 0007a80060761002  0001 0007f48110a80e02  0001 0000000000000000  0001 00049fc30170083a  0001 0004fe03a1d2063a  0001 0000000000000000  0001 0000000000000000  0000 0000000000000000  0000 0000000000000000  0000 0000000000000000
Frame 0493    0001 000000000000ac7b  0001 0007683b40521603  0001 0007a839801e1403  0001 0007f2793fe01203  0001 0000000000000000  0001 000468f9ef7d1a64  0001 0004a27a6fad1a64  0001 0004f5bbdf811a64  0001 0000000000000000  0000 0000000000000000  0000 0000000000000000  0000 0000000000000000
Frame 0494    0001 0000000000000000  0001 0000000000000000  0001 0000000000000000  0001 0000000000000000  0001 0000000000000000  0001 0000000000000000  0001 0000000000000000  0001 0000000000000000  0001 0000000000000000  0000 0000000000000000  0000 0000000000000000  0000 0000000000000000
Frame 0495    0001 0000000000000000  0001 0000000000000000  0001 0000000000000000  0001 0000000000000000  0001 0000000000000000  0001 0000000000000000  0001 0000000000000000  0001 0000000000000000  0001 0000000000000000  0000 0000000000000000  0000 0000000000000000  0000 0000000000000000
Frame 0496    0001 000000000000cebb  0001 00076c753faa1a03  0001 0007a83b10201803  0001 0007f27fa0ca1603  0001 00043ac501de0c3a  0001 000489cc22354e64  0001 0004dcd373774e64  0001 0000000000000000  0001 0000000000000000  0000 0000000000000000  0000 0000000000000000  0000 0000000000000000
Frame 0497    0001 000000000000cc7f  0001 00076bf96f6e1201  0001 0007a83b4f401001  0001 0007e73d2f160e01  0001 0000000000000000  0001 0004907e3f000c3a  0001 0000000000000000  0001 0000000000000000  0001 0000000000000000  0000 0000000000000000  0000 0000000000000000  0000 0000000000000000
Frame 0498    0001 000000000000cc7d  0001 00076bf8004e1a02  0001 0007a83aafcc1802  0001 0007f27e1f421602  0001 00043c822ea20c3a  0001 000491c6ce420c3a  0001 0000000000000000  0001 0000000000000000  0001 0000000000000000  0000 0000000000000000  0000 0000000000000000  0000 0000000000000000
Frame 0499    0001 000000000000ae5c  0001 00076fbe9f721602  0001 0007a83fbf441402  0001 0007f240af141202  0001 00043c41fefa0a3a  0001 0000000000000000  0001 0000000000000000  0001 0004bf42ae8d1a4d  0001 0000000000000000  0000 0000000000000000  0000 0000000000000000  0000 0000000000000000
Frame 0500    0001 000000000000cd81  0001 00076bc450441a01  0001 0007a80280961001  0001 0000000000000000  0001 00044c0001620c3a  0001 0004a13e625a0c3a  0001 0000000000000000  0001 0000000000000000  0001 0000000000000000  0000 0000000000000000  0000 0000000000000000  0000 0000000000000000
Frame 0501    0001 0000000000000000  0001 0000000000000000  0001 0000000000000000  0001 0000000000000000  0001 0000000000000000  0001 0000000000000000  0001 0000000000000000  0001 0000000000000000  0001 0000000000000000  0000 0000000000000000  0000 0000000000000000  0000 0000000000000000
Frame 0502    0001 000000000000e285  0001 00077643ff6e1204  0001 0007a8025f581004  0001 0007f27f9f3a0e04  0001 0004387d7e44b47a  0001 000468fb3f68b47a  0001 0004b8f86efab47a  0001 0000000000000000  0001 0000000000000000  0000 0000000000000000  0000 0000000000000000  0000 0000000000000000
Frame 0503    0001 000000000000f640  0001 00076bf75fb20a01  0001 0007a83a3fc00801  0001 0007f5be7fd20601  0001 00043b449ff8043a  0001 000490c79038043a  0001 00050f4ee082023a  0001 0000000000000000  0001 0000000000000000  0000 0000000000000000  0000 0000000000000000  0000 0000000000000000
Frame 0504    0001 000000000000d87c  0001 000774b9df8c1402  0001 0007a83bbf4e1202  0001 0007f27fcef81002  0001 00044a839ed4083a  0001 0000000000000000  0001 0000000000000000  0001 0004a247cd9ae84d  0001 0004f58bad9ee84d  0000 0000000000000000  0000 0000000000000000  0000 0000000000000000
Frame 0505    0001 000000000000cb44  0001 00076bb410781a03  0001 0007a835e0d41803  0001 0007f27911581603  0001 0000000000000000  0001 0004513c91334e64  0001 0004817ea2f94e64  0001 0004d141e3934e64  0001 0000000000000000  0000 0000000000000000  0000 0000000000000000  0000 0000000000000000
Frame 0506    0001 0000000000000000  0001 0000000000000000  0001 0000000000000000  0001 0000000000000000  0001 0000000000000000  0001 0000000000000000  0001 0000000000000000  0001 0000000000000000  0001 0000000000000000  0000 0000000000000000  0000 0000000000000000  0000 0000000000000000
Frame 0507    0001 000000000000cd60  0001 00076bfa1f1c1201  0001 0007a83c8ec61001  0001 0007f5fece500e01  0001 00044c008e200c3a  0001 0004a1022d7a0c3a  0001 00050f44ecb20a3a  0001 0000000000000000  0001 0000000000000000  0000 0000000000000000  0000 0000000000000000  0000 0000000000000000
Frame 0508    0001 0000000000000000  0001 0000000000000000  0001 0000000000000000  0001 0000000000000000  0001 0000000000000000  0001 0000000000000000  0001 0000000000000000  0001 0000000000000000  0001 0000000000000000  0000 0000000000000000  0000 0000000000000000  0000 0000000000000000
Frame 0509    0001 000000000000a5a1  0001 00076bc3cfc00e01  0001 0007a802cfd20c01  0001 0007f5821fee0a01  0001 00043b819fea083a  0001 0004a001008e083a  0001 0004ffbfd054063a  0001 0000000000000000  0001 0000000000000000  0000 0000000000000000  0000 0000000000000000  0000 0000000000000000
Frame 0510    0001 0000000000000000  0001 0000000000000000  0001 0000000000000000  0001 0000000000000000  0001 0000000000000000  0001 0000000000000000  0001 0000000000000000  0001 0000000000000000  0001 0000000000000000  0000 0000000000000000  0000 0000000000000000  0000 0000000000000000
Frame 0511    0001 0000000000000000  0001 0000000000000000  0001 0000000000000000  0001 0000000000000000  0001 0000000000000000  0001 0000000000000000  0001 0000000000000000  0001 0000000000000000  0001 0000000000000000  0000 0000000000000000  0000 0000000000000000  0000 0000000000000000
Frame 0512    0001 000000000000d2fc  0001 0000000000000000  0001 0007a8382f5a1402  0001 0007f278df001202  0001 00044b394ed40a3a  0001 0000000000000000  0001 0000000000000000  0001 0004bf7bce8b1a4d  0001 0004f5bd6dc51a4d  0000 0000000000000000  0000 0000000000000000  0000 0000000000000000
Frame 0513    0001 0000000000000000  0001 0000000000000000  0001 0000000000000000  0001 0000000000000000  0001 0000000000000000  0001 0000000000000000  0001 0000000000000000  0001 0000000000000000  0001 0000000000000000  0000 0000000000000000  0000 0000000000000000  0000 0000000000000000
Frame 0514    0001 0000000000000000  0001 0000000000000000  0001 0000000000000000  0001 0000000000000000  0001 0000000000000000  0001 0000000000000000  0001 0000000000000000  0001 0000000000000000  0001 0000000000000000  0000 0000000000000000  0000 0000000000000000  0000 0000000000000000
Frame 0515    0001 0000000000000000  0001 0000000000000000  0001 0000000000000000  0001 0000000000000000  0001 0000000000000000  0001 0000000000000000  0001 0000000000000000  0001 0000000000000000  0001 0000000000000000  0000 0000000000000000  0000 0000000000000000  0000 0000000000000000
Frame 0516    0001 000000000000e2aa  0001 00076bc2bf1c1206  0001 00079b834ed21006  0001 0007ba432e680e06  0001 0007e0c2be160e06  0001 00041602eda40c06  0001 000444c1fdceb4e9  0001 0000000000000000  0001 0000000000000000  0000 0000000000000000  0000 0000000000000000  0000 0000000000000000
Frame 0517    0001 0000000000000000  0001 0000000000000000  0001 0000000000000000  0001 0000000000000000  0001 0000000000000000  0001 0000000000000000  0001 0000000000000000  0001 0000000000000000  0001 0000000000000000  0000 0000000000000000  0000 0000000000000000  0000 0000000000000000
Frame 0518    0001 0000000000000000  0001 0000000000000000  0001 0000000000000000  0001 0000000000000000  0001 0000000000000000  0001 0000000000000000  0001 0000000000000000  0001 0000000000000000  0001 0000000000000000  0000 0000000000000000  0000 0000000000000000  0000 0000000000000000
Frame 0519    0001 0000000000008fc0  0001 00076bc7bfae0a01  0001 0007a8046fb80801  0001 0007e9c0afc80601  0001 00044abbf014043a  0001 00049078604a043a  0001 0000000000000000  0001 0000000000000000  0001 0000000000000000  0000 0000000000000000  0000 0000000000000000  0000 0000000000000000
Frame 0520    0001 000000000000e787  0001 000775773f341205  0001 0007b1373f081005  0001 0007def7aef00e04  0001 000409b88ecc0e04  0001 000444f9dddeb4a7  0001 000477bb6f76b4a7  0001 0004d17ddde6b4a7  0001 0000000000000000  0000 0000000000000000  0000 0000000000000000  0000 0000000000000000
Frame 0521    0001 000000000000e761  0001 00076bf0bf780e01  0001 0007a8347f620c01  0001 0007e738bf4c0a01  0001 00043bfe5f18083a  0001 0004a1046ec6083a  0001 0004fe0a6f56063a  0001 0000000000000000  0001 0000000000000000  0000 0000000000000000  0000 0000000000000000  0000 0000000000000000
Frame 0522    0001 0000000000000000  0001 0000000000000000  0001 0000000000000000  0001 0000000000000000  0001 0000000000000000  0001 0000000000000000  0001 0000000000000000  0001 0000000000000000  0001 0000000000000000  0000 0000000000000000  0000 0000000000000000  0000 0000000000000000
Frame 0523    0001 0000000000000000  0001 0000000000000000  0001 0000000000000000  0001 0000000000000000  0001 0000000000000000  0001 0000000000000000  0001 0000000000000000  0001 0000000000000000  0001 0000000000000000  0000 0000000000000000  0000 0000000000000000  0000 0000000000000000
Frame 0524    0001 0000000000000000  0001 0000000000000000  0001 0000000000000000  0001 0000000000000000  0001 0000000000000000  0001 0000000000000000  0001 0000000000000000  0001 0000000000000000  0001 0000000000000000  0000 0000000000000000  0000 0000000000000000  0000 0000000000000000
Frame 0525    0001 000000000000cee2  0001 00076bcb90c81a02  0001 0007a80861361802  0001 0007f9c431c41602  0001 00043ac132560c3a  0001 0004907d52f00c3a  0001 0000000000000000  0001 0000000000000000  0001 0000000000000000  0000 0000000000000000  0000 0000000000000000  0000 0000000000000000
Frame 0526    0001 000000000000a754  0001 000773f67f961407  0001 00078475afc61407  0001 0007a177101c1407  0001 0007c7bbb0aa1207  0001 0000000000000000  0001 0000000000000000  0001 0000000000000000  0001 0000000000000000  0000 0000000000000000  0000 0000000000000000  0000 0000000000000000
Frame 0527    0001 000000000000b026  0001 00076bc1e0be1a04  0001 0007a80030901804  0001 0000000000000000  0001 0007f17f90501604  0001 0000000000000000  0001 0000000000000000  0001 00049d7c00df4e90  0001 0000000000000000  0000 0000000000000000  0000 0000000000000000  0000 0000000000000000
Frame 0528    0001 0000000000000000  0001 0000000000000000  0001 0000000000000000  0001 0000000000000000  0001 0000000000000000  0001 0000000000000000  0001 0000000000000000  0001 0000000000000000  0001 0000000000000000  0000 0000000000000000  0000 0000000000000000  0000 0000000000000000
Frame 0529    0001 0000000000000000  0001 0000000000000000  0001 0000000000000000  0001 0000000000000000  0001 0000000000000000  0001 0000000000000000  0001 0000000000000000  0001 0000000000000000  0001 0000000000000000  0000 0000000000000000  0000 0000000000000000  0000 0000000000000000
Frame 0530    0001 00000000000097e2  0001 00076bfa50a21002  0001 0007a839f1200e02  0001 0007f53a91c60c02  0001 00044c3ab2e4063a  0001 0004907b531c063a  0001 0000000000000000  0001 0000000000000000  0001 0000000000000000  0000 0000000000000000  0000 0000000000000000  0000 0000000000000000
Frame 0531    0001 0000000000000000  0001 0000000000000000  0001 0000000000000000  0001 0000000000000000  0001 0000000000000000  0001 0000000000000000  0001 0000000000000000  0001 0000000000000000  0001 0000000000000000  0000 0000000000000000  0000 0000000000000000  0000 0000000000000000
Frame 0532    0001 0000000000000000  0001 0000000000000000  0001 0000000000000000  0001 0000000000000000  0001 0000000000000000  0001 0000000000000000  0001 0000000000000000  0001 0000000000000000  0001 0000000000000000  0000 0000000000000000  0000 0000000000000000  0000 0000000000000000
Frame 0533    0001 0000000000000000  0001 0000000000000000  0001 0000000000000000  0001 0000000000000000  0001 0000000000000000  0001 0000000000000000  0001 0000000000000000  0001 0000000000000000  0001 0000000000000000  0000 0000000000000000  0000 0000000000000000  0000 0000000000000000
Frame 0534    0001 0000000000000000  0001 0000000000000000  0001 0000000000000000  0001 0000000000000000  0001 0000000000000000  0001 0000000000000000  0001 0000000000000000  0001 0000000000000000  0001 0000000000000000  0000 0000000000000000  0000 0000000000000000  0000 0000000000000000
Frame 0535    0001 0000000000000000  0001 0000000000000000  0001 0000000000000000  0001 0000000000000000  0001 0000000000000000  0001 0000000000000000  0001 0000000000000000  0001 0000000000000000  0001 0000000000000000  0000 0000000000000000  0000 0000000000000000  0000 0000000000000000
Frame 0536    0001 0000000000000000  0001 0000000000000000  0001 0000000000000000  0001 0000000000000000  0001 0000000000000000  0001 0000000000000000  0001 0000000000000000  0001 0000000000000000  0001 0000000000000000  0000 0000000000000000  0000 0000000000000000  0000 0000000000000000
Frame 0537    0001 0000000000000000  0001 0000000000000000  0001 0000000000000000  0001 0000000000000000  0001 0000000000000000  0001 0000000000000000  0001 0000000000000000  0001 0000000000000000  0001 0000000000000000  0000 0000000000000000  0000 0000000000000000  0000 0000000000000000
Frame 0538    0001 000000000000cb15  0001 00076f30a0381a06  0001 000794b570281806  0001 0007b27720301606  0001 0007d47690201606  0001 0000000000000000  0001 0000000000000000  0001 0000000000000000  0001 0000000000000000  0000 0000000000000000  0000 0000000000000000  0000 0000000000000000
Frame 0539    0001 000000000000cd81  0001 00076bc490421201  0001 0007a80250981001  0001 0000000000000000  0001 00044c0011680c3a  0001 0004a13e72640c3a  0001 0000000000000000  0001 0000000000000000  0001 0000000000000000  0000 0000000000000000  0000 0000000000000000  0000 0000000000000000
Frame 0540    0001 0000000000000000  0001 0000000000000000  0001 0000000000000000  0001 0000000000000000  0001 0000000000000000  0001 0000000000000000  0001 0000000000000000  0001 0000000000000000  0001 0000000000000000  0000 0000000000000000  0000 0000000000000000  0000 0000000000000000
Frame 0541    0001 0000000000000000  0001 0000000000000000  0001 0000000000000000  0001 0000000000000000  0001 0000000000000000  0001 0000000000000000  0001 0000000000000000  0001 0000000000000000  0001 0000000000000000  0000 0000000000000000  0000 0000000000000000  0000 0000000000000000
Frame 0542    0001 000000000000f7c0  0001 00076bfe10040a01  0001 0007a83ba0360801  0001 0000000000000000  0001 0000000000000000  0001 000492326162043a  0001 00050fac7170023a  0001 0000000000000000  0001 0000000000000000  0000 0000000000000000  0000 0000000000000000  0000 0000000000000000
Frame 0543    0001 000000000000b30f  0001 0000000000000000  0001 00077a420dee1a0a  0001 000796009df4180a  0001 0007b47f2dfe160a  0001 0007d73dddc2160a  0001 0000000000000000  0001 0000000000000000  0001 0000000000000000  0000 0000000000000000  0000 0000000000000000  0000 0000000000000000
Frame 0544    0001 0000000000000000  0001 0000000000000000  0001 0000000000000000  0001 0000000000000000  0001 0000000000000000  0001 0000000000000000  0001 0000000000000000  0001 0000000000000000  0001 0000000000000000  0000 0000000000000000  0000 0000000000000000  0000 0000000000000000
Frame 0545    0001 000000000000caf5  0001 0000000000000000  0001 0000000000000000  0001 0007b346e0401606  0001 0007d806702a1606  0001 00040544c0301606  0001 00042c41ee874ee9  0001 0000000000000000  0001 0000000000000000  0000 0000000000000000  0000 0000000000000000  0000 0000000000000000
Frame 0546    0001 000000000000aa02  0001 00076bc570f41602  0001 0007a80660ee1402  0001 0007f50670e81202  0001 00044b05f11e0a3a  0001 00049205c1420a3a  0001 0000000000000000  0001 0000000000000000  0001 0000000000000000  0000 0000000000000000  0000 0000000000000000  0000 0000000000000000
Frame 0547    0001 0000000000000000  0001 0000000000000000  0001 0000000000000000  0001 0000000000000000  0001 0000000000000000  0001 0000000000000000  0001 0000000000000000  0001 0000000000000000  0001 0000000000000000  0000 0000000000000000  0000 0000000000000000  0000 0000000000000000
Frame 0548    0001 0000000000000000  0001 0000000000000000  0001 0000000000000000  0001 0000000000000000  0001 0000000000000000  0001 0000000000000000  0001 0000000000000000  0001 0000000000000000  0001 0000000000000000  0000 0000000000000000  0000 0000000000000000  0000 0000000000000000
Frame 0549    0001 0000000000000000  0001 0000000000000000  0001 0000000000000000  0001 0000000000000000  0001 0000000000000000  0001 0000000000000000  0001 0000000000000000  0001 0000000000000000  0001 0000000000000000  0000 0000000000000000  0000 0000000000000000  0000 0000000000000000
Frame 0550    0001 0000000000000000  0001 0000000000000000  0001 0000000000000000  0001 0000000000000000  0001 0000000000000000  0001 0000000000000000  0001 0000000000000000  0001 0000000000000000  0001 0000000000000000  0000 0000000000000000  0000 0000000000000000  0000 0000000000000000
Frame 0551    0001 0000000000000000  0001 0000000000000000  0001 0000000000000000  0001 0000000000000000  0001 0000000000000000  0001 0000000000000000  0001 0000000000000000  0001 0000000000000000  0001 0000000000000000  0000 0000000000000000  0000 0000000000000000  0000 0000000000000000
Frame 0552    0001 0000000000000000  0001 0000000000000000  0001 0000000000000000  0001 0000000000000000  0001 0000000000000000  0001 0000000000000000  0001 0000000000000000  0001 0000000000000000  0001 0000000000000000  0000 0000000000000000  0000 0000000000000000  0000 0000000000000000
Frame 0553    0001 0000000000000000  0001 0000000000000000  0001 0000000000000000  0001 0000000000000000  0001 0000000000000000  0001 0000000000000000  0001 0000000000000000  0001 0000000000000000  0001 0000000000000000  0000 0000000000000000  0000 0000000000000000  0000 0000000000000000
Frame 0554    0001 0000000000000000  0001 0000000000000000  0001 0000000000000000  0001 0000000000000000  0001 0000000000000000  0001 0000000000000000  0001 0000000000000000  0001 0000000000000000  0001 0000000000000000  0000 0000000000000000  0000 0000000000000000  0000 0000000000000000
Frame 0555    0001 0000000000000000  0001 0000000000000000  0001 0000000000000000  0001 0000000000000000  0001 0000000000000000  0001 0000000000000000  0001 0000000000000000  0001 0000000000000000  0001 0000000000000000  0000 0000000000000000  0000 0000000000000000  0000 0000000000000000
Frame 0556    0001 000000000000ae5e  0001 00075cc0412c1201  0001 00079cbfb10c0e01  0001 0007f27d90e40c01  0001 000443fc21040a3a  0001 00049ffb10ba0a3a  0001 00050df8e060083a  0001 0000000000000000  0001 0000000000000000  0000 0000000000000000  0000 0000000000000000  0000 0000000000000000
Frame 0557    0001 0000000000000000  0001 0000000000000000  0001 0000000000000000  0001 0000000000000000  0001 0000000000000000  0001 0000000000000000  0001 0000000000000000  0001 0000000000000000  0001 0000000000000000  0000 0000000000000000  0000 0000000000000000  0000 0000000000000000
Frame 0558    0001 0000000000000000  0001 0000000000000000  0001 0000000000000000  0001 0000000000000000  0001 0000000000000000  0001 0000000000000000  0001 0000000000000000  0001 0000000000000000  0001 0000000000000000  0000 0000000000000000  0000 0000000000000000  0000 0000000000000000
Frame 0559    0001 0000000000000000  0001 0000000000000000  0001 0000000000000000  0001 0000000000000000  0001 0000000000000000  0001 0000000000000000  0001 0000000000000000  0001 0000000000000000  0001 0000000000000000  0000 0000000000000000  0000 0000000000000000  0000 0000000000000000
Frame 0560    0001 0000000000000000  0001 0000000000000000  0001 0000000000000000  0001 0000000000000000  0001 0000000000000000  0001 0000000000000000  0001 0000000000000000  0001 0000000000000000  0001 0000000000000000  0000 0000000000000000  0000 0000000000000000  0000 0000000000000000
Frame 0561    0001 0000000000000000  0001 0000000000000000  0001 0000000000000000  0001 0000000000000000  0001 0000000000000000  0001 0000000000000000  0001 0000000000000000  0001 0000000000000000  0001 0000000000000000  0000 0000000000000000  0000 0000000000000000  0000 0000000000000000
Frame 0562    0001 0000000000000000  0001 0000000000000000  0001 0000000000000000  0001 0000000000000000  0001 0000000000000000  0001 0000000000000000  0001 0000000000000000  0001 0000000000000000  0001 0000000000000000  0000 0000000000000000  0000 0000000000000000  0000 0000000000000000
Frame 0563    0001 0000000000000000  0001 0000000000000000  0001 0000000000000000  0001 0000000000000000  0001 0000000000000000  0001 0000000000000000  0001 0000000000000000  0001 0000000000000000  0001 0000000000000000  0000 0000000000000000  0000 0000000000000000  0000 0000000000000000
Frame 0564    0001 000000000000cb25  0001 00076bc040c61a04  0001 0007a83fe0421804  0001 0000000000000000  0001 0000000000000000  0001 0004817f9d5f4e7a  0001 0004d17f7cd94e7a  0001 0000000000000000  0001 0000000000000000  0000 0000000000000000  0000 0000000000000000  0000 0000000000000000
Frame 0565    0001 0000000000000000  0001 0000000000000000  0001 0000000000000000  0001 0000000000000000  0001 0000000000000000  0001 0000000000000000  0001 0000000000000000  0001 0000000000000000  0001 0000000000000000  0000 0000000000000000  0000 0000000000000000  0000 0000000000000000
Frame 0566    0001 0000000000000000  0001 0000000000000000  0001 0000000000000000  0001 0000000000000000  0001 0000000000000000  0001 0000000000000000  0001 0000000000000000  0001 0000000000000000  0001 0000000000000000  0000 0000000000000000  0000 0000000000000000  0000 0000000000000000
Frame 0567    0001 000000000000d344  0001 00076bc6a07a1603  0001 0007a803d0ba1403  0001 0000000000000000  0001 0000000000000000  0001 0004513971351a64  0001 000489f5b1ef1a64  0001 0004dcf1e2131a64  0001 0000000000000000  0000 0000000000000000  0000 0000000000000000  0000 0000000000000000
Frame 0568    0001 0000000000000000  0001 0000000000000000  0001 0000000000000000  0001 0000000000000000  0001 0000000000000000  0001 0000000000000000  0001 0000000000000000  0001 0000000000000000  0001 0000000000000000  0000 0000000000000000  0000 0000000000000000  0000 0000000000000000
Frame 0569    0001 0000000000000000  0001 0000000000000000  0001 0000000000000000  0001 0000000000000000  0001 0000000000000000  0001 0000000000000000  0001 0000000000000000  0001 0000000000000000  0001 0000000000000000  0000 0000000000000000  0000 0000000000000000  0000 0000000000000000
Frame 0570    0001 0000000000000000  0001 0000000000000000  0001 0000000000000000  0001 0000000000000000  0001 0000000000000000  0001 0000000000000000  0001 0000000000000000  0001 0000000000000000  0001 0000000000000000  0000 0000000000000000  0000 0000000000000000  0000 0000000000000000
Frame 0571    0001 0000000000009a01  0001 00076844903c0e01  0001 00079e431f720c01  0001 0007f2466f060a01  0001 000443c9de90083a  0001 0004904d4e36083a  0001 00050e132e30063a  0001 0000000000000000  0001 0000000000000000  0000 0000000000000000  0000 0000000000000000  0000 0000000000000000
Frame 0572    0001 0000000000000000  0001 0000000000000000  0001 0000000000000000  0001 0000000000000000  0001 0000000000000000  0001 0000000000000000  0001 0000000000000000  0001 0000000000000000  0001 0000000000000000  0000 0000000000000000  0000 0000000000000000  0000 0000000000000000
Frame 0573    0001 000000000000cb44  0001 00076bf440761a03  0001 0007a83600d01803  0001 0000000000000000  0001 0000000000000000  0001 0004513ef1354e64  0001 0004814162f54e64  0001 0000000000000000  0001 0000000000000000  0000 0000000000000000  0000 0000000000000000  0000 0000000000000000
Frame 0574    0001 0000000000000000  0001 0000000000000000  0001 0000000000000000  0001 0000000000000000  0001 0000000000000000  0001 0000000000000000  0001 0000000000000000  0001 0000000000000000  0001 0000000000000000  0000 0000000000000000  0000 0000000000000000  0000 0000000000000000
Frame 0575    0001 0000000000000000  0001 0000000000000000  0001 0000000000000000  0001 0000000000000000  0001 0000000000000000  0001 0000000000000000  0001 0000000000000000  0001 0000000000000000  0001 0000000000000000  0000 0000000000000000  0000 0000000000000000  0000 0000000000000000
Frame 0576    0001 0000000000000000  0001 0000000000000000  0001 0000000000000000  0001 0000000000000000  0001 0000000000000000  0001 0000000000000000  0001 0000000000000000  0001 0000000000000000  0001 0000000000000000  0000 0000000000000000  0000 0000000000000000  0000 0000000000000000
Frame 0577    0001 0000000000000000  0001 0000000000000000  0001 0000000000000000  0001 0000000000000000  0001 0000000000000000  0001 0000000000000000  0001 0000000000000000  0001 0000000000000000  0001 0000000000000000  0000 0000000000000000  0000 0000000000000000  0000 0000000000000000
Frame 0578    0001 0000000000000000  0001 0000000000000000  0001 0000000000000000  0001 0000000000000000  0001 0000000000000000  0001 0000000000000000  0001 0000000000000000  0001 0000000000000000  0001 0000000000000000  0000 0000000000000000  0000 0000000000000000  0000 0000000000000000
Frame 0579    0001 000000000000d901  0001 00077700b05c1401  0001 00079c4200960c01  0001 0007f244011e1001  0001 000443c58198083a  0001 0004920722a6083a  0001 00050f4943ba063a  0001 0000000000000000  0001 0000000000000000  0000 0000000000000000  0000 0000000000000000  0000 0000000000000000
Frame 0580    0001 0000000000008900  0001 0000000000000000  0001 0007ab80602c0801  0001 0007f24460660601  0001 000443c7e0d2043a  0001 0004a10c0138043a  0001 00050ed15146023a  0001 0000000000000000  0001 0000000000000000  0000 0000000000000000  0000 0000000000000000  0000 0000000000000000
Frame 0581    0001 0000000000008900  0001 0000000000000000  0001 0007ab80502c0801  0001 0007f24410640601  0001 000443c7f0d0043a  0001 0004a10c0136043a  0001 00050ed16144023a  0001 0000000000000000  0001 0000000000000000  0000 0000000000000000  0000 0000000000000000  0000 0000000000000000
Frame 0582    0001 0000000000000000  0001 0000000000000000  0001 0000000000000000  0001 0000000000000000  0001 0000000000000000  0001 0000000000000000  0001 0000000000000000  0001 0000000000000000  0001 0000000000000000  0000 0000000000000000  0000 0000000000000000  0000 0000000000000000
Frame 0583    0001 000000000000a91d  0001 00077880afdc1602  0001 0000000000000000  0001 0007f242e02c1202  0001 000443c5e05e0a3a  0001 0004920910fa0a3a  0001 0004ff8e313e083a  0001 0000000000000000  0001 0000000000000000  0000 0000000000000000  0000 0000000000000000  0000 0000000000000000
Frame 0584    0001 0000000000000000  0001 0000000000000000  0001 0000000000000000  0001 0000000000000000  0001 0000000000000000  0001 0000000000000000  0001 0000000000000000  0001 0000000000000000  0001 0000000000000000  0000 0000000000000000  0000 0000000000000000  0000 0000000000000000
Frame 0585    0001 000000000000e317  0001 00076bfc205c1205  0001 0007a83d8ffc1005  0001 0007b63b5ffc0e05  0001 0000000000000000  0001 0000000000000000  0001 000444c1a05cb4bd  0001 0000000000000000  0001 0000000000000000  0000 0000000000000000  0000 0000000000000000  0000 0000000000000000
Frame 0586    0001 000000000000a91d  0001 00077880cfdc1602  0001 0000000000000000  0001 0007f24330241202  0001 000443c5e0580a3a  0001 0004920910f80a3a  0001 0004ff8e4140083a  0001 0000000000000000  0001 0000000000000000  0000 0000000000000000  0000 0000000000000000  0000 0000000000000000
Frame 0587    0001 000000000000daf7  0001 00076bc500481405  0001 0007a80240001205  0001 0007b6025ffe1205  0001 0007dd3cefbc1205  0001 0000000000000000  0001 0000000000000000  0001 0000000000000000  0001 0000000000000000  0000 0000000000000000  0000 0000000000000000  0000 0000000000000000
Frame 0588    0001 0000000000000000  0001 0000000000000000  0001 0000000000000000  0001 0000000000000000  0001 0000000000000000  0001 0000000000000000  0001 0000000000000000  0001 0000000000000000  0001 0000000000000000  0000 0000000000000000  0000 0000000000000000  0000 0000000000000000
Frame 0589    0001 000000000000cba1  0001 00076eb8708c1a01  0001 0007aebc51221801  0001 0007f24111be1601  0001 000443c5a2120c3a  0001 00049209b37e0c3a  0001 0004ffd0c3ee0a3a  0001 0000000000000000  0001 0000000000000000  0000 0000000000000000  0000 0000000000000000  0000 0000000000000000
Frame 0590    0001 000000000000cba1  0001 00076bf830801a01  0001 0007a83be10c1801  0001 0007fa00f1ce1601  0001 00044ac552440c3a  0001 0000000000000000  0001 0004ffd0a3be0a3a  0001 0000000000000000  0001 0000000000000000  0000 0000000000000000  0000 0000000000000000  0000 0000000000000000
Frame 0591    0001 000000000000cba1  0001 00076bf830801a01  0001 0007a83bd10e1801  0001 0007fa0101d21601  0001 00044ac5524a0c3a  0001 0000000000000000  0001 0004ffd0a3c60a3a  0001 0000000000000000  0001 0000000000000000  0000 0000000000000000  0000 0000000000000000  0000 0000000000000000
Frame 0592    0001 000000000000cba1  0001 00076eb8708c1a01  0001 0007aebc41221801  0001 0007f24161aa1601  0001 000443c5a20e0c3a  0001 00049209b38c0c3a  0001 0004ffd0d3e60a3a  0001 0000000000000000  0001 0000000000000000  0000 0000000000000000  0000 0000000000000000  0000 0000000000000000
Frame 0593    0001 0000000000000000  0001 0000000000000000  0001 0000000000000000  0001 0000000000000000  0001 0000000000000000  0001 0000000000000000  0001 0000000000000000  0001 0000000000000000  0001 0000000000000000  0000 0000000000000000  0000 0000000000000000  0000 0000000000000000
Frame 0594    0001 0000000000000000  0001 0000000000000000  0001 0000000000000000  0001 0000000000000000  0001 0000000000000000  0001 0000000000000000  0001 0000000000000000  0001 0000000000000000  0001 0000000000000000  0000 0000000000000000  0000 0000000000000000  0000 0000000000000000
Frame 0595    0001 0000000000000000  0001 0000000000000000  0001 0000000000000000  0001 0000000000000000  0001 0000000000000000  0001 0000000000000000  0001 0000000000000000  0001 0000000000000000  0001 0000000000000000  0000 0000000000000000  0000 0000000000000000  0000 0000000000000000
Frame 0596    0001 0000000000000000  0001 0000000000000000  0001 0000000000000000  0001 0000000000000000  0001 0000000000000000  0001 0000000000000000  0001 0000000000000000  0001 0000000000000000  0001 0000000000000000  0000 0000000000000000  0000 0000000000000000  0000 0000000000000000
Frame 0597    0001 0000000000000000  0001 0000000000000000  0001 0000000000000000  0001 0000000000000000  0001 0000000000000000  0001 0000000000000000  0001 0000000000000000  0001 0000000000000000  0001 0000000000000000  0000 0000000000000000  0000 0000000000000000  0000 0000000000000000
Frame 0598    0001 0000000000000000  0001 0000000000000000  0001 0000000000000000  0001 0000000000000000  0001 0000000000000000  0001 0000000000000000  0001 0000000000000000  0001 0000000000000000  0001 0000000000000000  0000 0000000000000000  0000 0000000000000000  0000 0000000000000000
Frame 0599    0001 000000000000d901  0001 0007780322f41401  0001 0007af4290ba1201  0001 0007f9c3f1361001  0001 0000000000000000  0001 000498c81284083a  0001 0005068a1352063a  0001 0000000000000000  0001 0000000000000000  0000 0000000000000000  0000 0000000000000000  0000 0000000000000000
Frame 0600    0001 0000000000000000  0001 0000000000000000  0001 0000000000000000  0001 0000000000000000  0001 0000000000000000  0001 0000000000000000  0001 0000000000000000  0001 0000000000000000  0001 0000000000000000  0000 0000000000000000  0000 0000000000000000  0000 0000000000000000
Frame 0601    0001 000000000000d3a2  0001 00075dcbceda1201  0001 0007ae867e7a1402  0001 0007fa01be161202  0001 0000000000000000  0001 000498f90d4e0a3a  0001 000506b26c1c083a  0001 0000000000000000  0001 0000000000000000  0000 0000000000000000  0000 0000000000000000  0000 0000000000000000
Frame 0602    0001 0000000000008900  0001 0000000000000000  0001 0000000000000000  0001 0007eac3c0600601  0001 00043b4780ee043a  0001 000498cba116043a  0001 00050690f12a023a  0001 0000000000000000  0001 0000000000000000  0000 0000000000000000  0000 0000000000000000  0000 0000000000000000
Frame 0603    0001 0000000000000000  0001 0000000000000000  0001 0000000000000000  0001 0000000000000000  0001 0000000000000000  0001 0000000000000000  0001 0000000000000000  0001 0000000000000000  0001 0000000000000000  0000 0000000000000000  0000 0000000000000000  0000 0000000000000000
Frame 0604    0001 0000000000000000  0001 0000000000000000  0001 0000000000000000  0001 0000000000000000  0001 0000000000000000  0001 0000000000000000  0001 0000000000000000  0001 0000000000000000  0001 0000000000000000  0000 0000000000000000  0000 0000000000000000  0000 0000000000000000
Frame 0605    0001 0000000000000000  0001 0000000000000000  0001 0000000000000000  0001 0000000000000000  0001 0000000000000000  0001 0000000000000000  0001 0000000000000000  0001 0000000000000000  0001 0000000000000000  0000 0000000000000000  0000 0000000000000000  0000 0000000000000000
Frame 0606    0001 0000000000000000  0001 0000000000000000  0001 0000000000000000  0001 0000000000000000  0001 0000000000000000  0001 0000000000000000  0001 0000000000000000  0001 0000000000000000  0001 0000000000000000  0000 0000000000000000  0000 0000000000000000  0000 0000000000000000
Frame 0607    0001 0000000000000000  0001 0000000000000000  0001 0000000000000000  0001 0000000000000000  0001 0000000000000000  0001 0000000000000000  0001 0000000000000000  0001 0000000000000000  0001 0000000000000000  0000 0000000000000000  0000 0000000000000000  0000 0000000000000000
Frame 0608    0001 0000000000000000  0001 0000000000000000  0001 0000000000000000  0001 0000000000000000  0001 0000000000000000  0001 0000000000000000  0001 0000000000000000  0001 0000000000000000  0001 0000000000000000  0000 0000000000000000  0000 0000000000000000  0000 0000000000000000
Frame 0609    0001 0000000000000000  0001 0000000000000000  0001 0000000000000000  0001 0000000000000000  0001 0000000000000000  0001 0000000000000000  0001 0000000000000000  0001 0000000000000000  0001 0000000000000000  0000 0000000000000000  0000 0000000000000000  0000 0000000000000000
Frame 0610    0001 0000000000000000  0001 0000000000000000  0001 0000000000000000  0001 0000000000000000  0001 0000000000000000  0001 0000000000000000  0001 0000000000000000  0001 0000000000000000  0001 0000000000000000  0000 0000000000000000  0000 0000000000000000  0000 0000000000000000
Frame 0611    0001 0000000000000000  0001 0000000000000000  0001 0000000000000000  0001 0000000000000000  0001 0000000000000000  0001 0000000000000000  0001 0000000000000000  0001 0000000000000000  0001 0000000000000000  0000 0000000000000000  0000 0000000000000000  0000 0000000000000000
Frame 0612    0001 0000000000000000  0001 0000000000000000  0001 0000000000000000  0001 0000000000000000  0001 0000000000000000  0001 0000000000000000  0001 0000000000000000  0001 0000000000000000  0001 0000000000000000  0000 0000000000000000  0000 0000000000000000  0000 0000000000000000
Frame 0613    0001 0000000000000000  0001 0000000000000000  0001 0000000000000000  0001 0000000000000000  0001 0000000000000000  0001 0000000000000000  0001 0000000000000000  0001 0000000000000000  0001 0000000000000000  0000 0000000000000000  0000 0000000000000000  0000 0000000000000000
Frame 0614    0001 0000000000000000  0001 0000000000000000  0001 0000000000000000  0001 0000000000000000  0001 0000000000000000  0001 0000000000000000  0001 0000000000000000  0001 0000000000000000  0001 0000000000000000  0000 0000000000000000  0000 0000000000000000  0000 0000000000000000
Frame 0615    0001 0000000000000000  0001 0000000000000000  0001 0000000000000000  0001 0000000000000000  0001 0000000000000000  0001 0000000000000000  0001 0000000000000000  0001 0000000000000000  0001 0000000000000000  0000 0000000000000000  0000 0000000000000000  0000 0000000000000000
Frame 0616    0001 0000000000000000  0001 0000000000000000  0001 0000000000000000  0001 0000000000000000  0001 0000000000000000  0001 0000000000000000  0001 0000000000000000  0001 0000000000000000  0001 0000000000000000  0000 0000000000000000  0000 0000000000000000  0000 0000000000000000
Frame 0617    0001 0000000000000000  0001 0000000000000000  0001 0000000000000000  0001 0000000000000000  0001 0000000000000000  0001 0000000000000000  0001 0000000000000000  0001 0000000000000000  0001 0000000000000000  0000 0000000000000000  0000 0000000000000000  0000 0000000000000000
Frame 0618    0001 0000000000000000  0001 0000000000000000  0001 0000000000000000  0001 0000000000000000  0001 0000000000000000  0001 0000000000000000  0001 0000000000000000  0001 0000000000000000  0001 0000000000000000  0000 0000000000000000  0000 0000000000000000  0000 0000000000000000
Frame 0619    0001 0000000000000000  0001 0000000000000000  0001 0000000000000000  0001 0000000000000000  0001 0000000000000000  0001 0000000000000000  0001 0000000000000000  0001 0000000000000000  0001 0000000000000000  0000 0000000000000000  0000 0000000000000000  0000 0000000000000000
Frame 0620    0001 0000000000000000  0001 0000000000000000  0001 0000000000000000  0001 0000000000000000  0001 0000000000000000  0001 0000000000000000  0001 0000000000000000  0001 0000000000000000  0001 0000000000000000  0000 0000000000000000  0000 0000000000000000  0000 0000000000000000
Frame 0621    0001 0000000000000000  0001 0000000000000000  0001 0000000000000000  0001 0000000000000000  0001 0000000000000000  0001 0000000000000000  0001 0000000000000000  0001 0000000000000000  0001 0000000000000000  0000 0000000000000000  0000 0000000000000000  0000 0000000000000000
Frame 0622    0001 0000000000000000  0001 0000000000000000  0001 0000000000000000  0001 0000000000000000  0001 0000000000000000  0001 0000000000000000  0001 0000000000000000  0001 0000000000000000  0001 0000000000000000  0000 0000000000000000  0000 0000000000000000  0000 0000000000000000
Frame 0623    0001 0000000000000000  0001 0000000000000000  0001 0000000000000000  0001 0000000000000000  0001 0000000000000000  0001 0000000000000000  0001 0000000000000000  0001 0000000000000000  0001 0000000000000000  0000 0000000000000000  0000 0000000000000000  0000 0000000000000000
Frame 0624    0001 0000000000000000  0001 0000000000000000  0001 0000000000000000  0001 0000000000000000  0001 0000000000000000  0001 0000000000000000  0001 0000000000000000  0001 0000000000000000  0001 0000000000000000  0000 0000000000000000  0000 0000000000000000  0000 0000000000000000
Frame 0625    0001 0000000000000000  0001 0000000000000000  0001 0000000000000000  0001 0000000000000000  0001 0000000000000000  0001 0000000000000000  0001 0000000000000000  0001 0000000000000000  0001 0000000000000000  0000 0000000000000000  0000 0000000000000000  0000 0000000000000000
Frame 0626    0001 0000000000000000  0001 0000000000000000  0001 0000000000000000  0001 0000000000000000  0001 0000000000000000  0001 0000000000000000  0001 0000000000000000  0001 0000000000000000  0001 0000000000000000  0000 0000000000000000  0000 0000000000000000  0000 0000000000000000
Frame 0627    0001 0000000000000000  0001 0000000000000000  0001 0000000000000000  0001 0000000000000000  0001 0000000000000000  0001 0000000000000000  0001 0000000000000000  0001 0000000000000000  0001 0000000000000000  0000 0000000000000000  0000 0000000000000000  0000 0000000000000000
Frame 0628    0001 0000000000000000  0001 0000000000000000  0001 0000000000000000  0001 0000000000000000  0001 0000000000000000  0001 0000000000000000  0001 0000000000000000  0001 0000000000000000  0001 0000000000000000  0000 0000000000000000  0000 0000000000000000  0000 0000000000000000
Frame 0629    0001 0000000000000000  0001 0000000000000000  0001 0000000000000000  0001 0000000000000000  0001 0000000000000000  0001 0000000000000000  0001 0000000000000000  0001 0000000000000000  0001 0000000000000000  0000 0000000000000000  0000 0000000000000000  0000 0000000000000000
Frame 0630    0001 0000000000000000  0001 0000000000000000  0001 0000000000000000  0001 0000000000000000  0001 0000000000000000  0001 0000000000000000  0001 0000000000000000  0001 0000000000000000  0001 0000000000000000  0000 0000000000000000  0000 0000000000000000  0000 0000000000000000
Frame 0631    0001 0000000000000000  0001 0000000000000000  0001 0000000000000000  0001 0000000000000000  0001 0000000000000000  0001 0000000000000000  0001 0000000000000000  0001 0000000000000000  0001 0000000000000000  0000 0000000000000000  0000 0000000000000000  0000 0000000000000000
Frame 0632    0001 0000000000000000  0001 0000000000000000  0001 0000000000000000  0001 0000000000000000  0001 0000000000000000  0001 0000000000000000  0001 0000000000000000  0001 0000000000000000  0001 0000000000000000  0000 0000000000000000  0000 0000000000000000  0000 0000000000000000
Frame 0633    0001 0000000000000000  0001 0000000000000000  0001 0000000000000000  0001 0000000000000000  0001 0000000000000000  0001 0000000000000000  0001 0000000000000000  0001 0000000000000000  0001 0000000000000000  0000 0000000000000000  0000 0000000000000000  0000 0000000000000000
Frame 0634    0001 0000000000000000  0001 0000000000000000  0001 0000000000000000  0001 0000000000000000  0001 0000000000000000  0001 0000000000000000  0001 0000000000000000  0001 0000000000000000  0001 0000000000000000  0000 0000000000000000  0000 0000000000000000  0000 0000000000000000
Frame 0635    0001 0000000000000000  0001 0000000000000000  0001 0000000000000000  0001 0000000000000000  0001 0000000000000000  0001 0000000000000000  0001 0000000000000000  0001 0000000000000000  0001 0000000000000000  0000 0000000000000000  0000 0000000000000000  0000 0000000000000000
Frame 0636    0001 0000000000000000  0001 0000000000000000  0001 0000000000000000  0001 0000000000000000  0001 0000000000000000  0001 0000000000000000  0001 0000000000000000  0001 0000000000000000  0001 0000000000000000  0000 0000000000000000  0000 0000000000000000  0000 0000000000000000
Frame 0637    0001 0000000000000000  0001 0000000000000000  0001 0000000000000000  0001 0000000000000000  0001 0000000000000000  0001 0000000000000000  0001 0000000000000000  0001 0000000000000000  0001 0000000000000000  0000 0000000000000000  0000 0000000000000000  0000 0000000000000000
Frame 0638    0001 0000000000000000  0001 0000000000000000  0001 0000000000000000  0001 0000000000000000  0001 0000000000000000  0001 0000000000000000  0001 0000000000000000  0001 0000000000000000  0001 0000000000000000  0000 0000000000000000  0000 0000000000000000  0000 0000000000000000
Frame 0639    0001 0000000000000000  0001 0000000000000000  0001 0000000000000000  0001 0000000000000000  0001 0000000000000000  0001 0000000000000000  0001 0000000000000000  0001 0000000000000000  0001 0000000000000000  0000 0000000000000000  0000 0000000000000000  0000 0000000000000000
Frame 0640    0001 0000000000000000  0001 0000000000000000  0001 0000000000000000  0001 0000000000000000  0001 0000000000000000  0001 0000000000000000  0001 0000000000000000  0001 0000000000000000  0001 0000000000000000  0000 0000000000000000  0000 0000000000000000  0000 0000000000000000
Frame 0641    0001 0000000000000000  0001 0000000000000000  0001 0000000000000000  0001 0000000000000000  0001 0000000000000000  0001 0000000000000000  0001 0000000000000000  0001 0000000000000000  0001 0000000000000000  0000 0000000000000000  0000 0000000000000000  0000 0000000000000000
Frame 0642    0001 0000000000000000  0001 0000000000000000  0001 0000000000000000  0001 0000000000000000  0001 0000000000000000  0001 0000000000000000  0001 0000000000000000  0001 0000000000000000  0001 0000000000000000  0000 0000000000000000  0000 0000000000000000  0000 0000000000000000
Frame 0643    0001 0000000000000000  0001 0000000000000000  0001 0000000000000000  0001 0000000000000000  0001 0000000000000000  0001 0000000000000000  0001 0000000000000000  0001 0000000000000000  0001 0000000000000000  0000 0000000000000000  0000 0000000000000000  0000 0000000000000000
Frame 0644    0001 0000000000000000  0001 0000000000000000  0001 0000000000000000  0001 0000000000000000  0001 0000000000000000  0001 0000000000000000  0001 0000000000000000  0001 0000000000000000  0001 0000000000000000  0000 0000000000000000  0000 0000000000000000  0000 0000000000000000
Frame 0645    0001 0000000000000000  0001 0000000000000000  0001 0000000000000000  0001 0000000000000000  0001 0000000000000000  0001 0000000000000000  0001 0000000000000000  0001 0000000000000000  0001 0000000000000000  0000 0000000000000000  0000 0000000000000000  0000 0000000000000000
Frame 0646    0001 0000000000000000  0001 0000000000000000  0001 0000000000000000  0001 0000000000000000  0001 0000000000000000  0001 0000000000000000  0001 0000000000000000  0001 0000000000000000  0001 0000000000000000  0000 0000000000000000  0000 0000000000000000  0000 0000000000000000
Frame 0647    0001 0000000000000000  0001 0000000000000000  0001 0000000000000000  0001 0000000000000000  0001 0000000000000000  0001 0000000000000000  0001 0000000000000000  0001 0000000000000000  0001 0000000000000000  0000 0000000000000000  0000 0000000000000000  0000 0000000000000000
Frame 0648    0000 0000000000000000  0000 0000000000000000  0000 0000000000000000  0000 0000000000000000  0000 0000000000000000  0000 0000000000000000  0000 0000000000000000  0000 0000000000000000  0000 0000000000000000  0000 0000000000000000  0000 0000000000000000  0000 0000000000000000
Frame 0649    0000 0000000000000000  0000 0000000000000000  0000 0000000000000000  0000 0000000000000000  0000 0000000000000000  0000 0000000000000000  0000 0000000000000000  0000 0000000000000000  0000 0000000000000000  0000 0000000000000000  0000 0000000000000000  0000 0000000000000000
Frame 0650    0000 0000000000000000  0000 0000000000000000  0000 0000000000000000  0000 0000000000000000  0000 0000000000000000  0000 0000000000000000  0000 0000000000000000  0000 0000000000000000  0000 0000000000000000  0000 0000000000000000  0000 0000000000000000  0000 0000000000000000
Frame 0651    0000 0000000000000000  0000 0000000000000000  0000 0000000000000000  0000 0000000000000000  0000 0000000000000000  0000 0000000000000000  0000 0000000000000000  0000 0000000000000000  0000 0000000000000000  0000 0000000000000000  0000 0000000000000000  0000 0000000000000000
Frame 0652    0000 0000000000000000  0000 0000000000000000  0000 0000000000000000  0000 0000000000000000  0000 0000000000000000  0000 0000000000000000  0000 0000000000000000  0000 0000000000000000  0000 0000000000000000  0000 0000000000000000  0000 0000000000000000  0000 0000000000000000
Frame 0653    0000 0000000000000000  0000 0000000000000000  0000 0000000000000000  0000 0000000000000000  0000 0000000000000000  0000 0000000000000000  0000 0000000000000000  0000 0000000000000000  0000 0000000000000000  0000 0000000000000000  0000 0000000000000000  0000 0000000000000000
Frame 0654    0001 000000000000ad25  0001 00076bf7df4e1604  0001 0007a839cf2a1404  0001 0007fcfbef021204  0001 0004387c6e351a7a  0001 000468fd7f8f1a7a  0001 0004b8fe3ecf1a7a  0001 0000000000000000  0001 0000000000000000  0000 0000000000000000  0000 0000000000000000  0000 0000000000000000
Frame 0655    0001 000000000000a464  0001 000772b630201403  0001 0007a838304e1203  0001 0007f279d0881003  0001 0000000000000000  0001 000468fbf090e864  0001 0004a27db06ae864  0001 0004dcfc522ce864  0001 0000000000000000  0000 0000000000000000  0000 0000000000000000  0000 0000000000000000
Frame 0656    0001 000000000000b624  0001 0007683cd0bc1a03  0001 0007a83cb1301803  0001 0007f27c91c41603  0001 0000000000000000  0001 0004387d03014e64  0001 0004817d32f34e64  0001 0004d17d534f4e64  0001 0000000000000000  0000 0000000000000000  0000 0000000000000000  0000 0000000000000000
Frame 0657    0001 000000000000ed04  0001 0000000000000000  0001 0007a8041f160e03  0001 0007f2457ee60c03  0001 00043c867ea0063a  0001 000481483f0e8264  0001 0004d7c98df88264  0001 0000000000000000  0001 0000000000000000  0000 0000000000000000  0000 0000000000000000  0000 0000000000000000
Frame 0658    0001 0000000000009d96  0001 00076bc740801206  0001 0000000000000000  0001 0007aa45c0bc1006  0001 0007ca4520e80e06  0001 0007f7c3810a0e06  0001 00042c4221d6b4d3  0001 00045ec12016b4d3  0001 0000000000000000  0000 0000000000000000  0000 0000000000000000  0000 0000000000000000
Frame 0659    0001 000000000000a559  0001 00076bf62f0a1404  0001 0007a8398ec01204  0001 0000000000000000  0001 0007e3bd9e9c1204  0001 0000000000000000  0001 00045ec47f44e890  0001 000484c78cf6e890  0001 0000000000000000  0000 0000000000000000  0000 0000000000000000  0000 0000000000000000
Frame 0660    0001 0000000000000000  0001 0000000000000000  0001 0000000000000000  0001 0000000000000000  0001 0000000000000000  0001 0000000000000000  0001 0000000000000000  0001 0000000000000000  0001 0000000000000000  0000 0000000000000000  0000 0000000000000000  0000 0000000000000000
Frame 0661    0001 0000000000009aa4  0001 00076bc140a61203  0001 0007a802906c1003  0001 0007f24480380e03  0001 0000000000000000  0001 000468c7e05cb464  0001 0004bf4a3f36b464  0001 0000000000000000  0001 0000000000000000  0000 0000000000000000  0000 0000000000000000  0000 0000000000000000
Frame 0662    0001 0000000000008afb  0001 0000000000000000  0001 0007a83c2f780a03  0001 0007f27f4f7c0803  0001 0000000000000000  0001 000468c4ef625064  0001 0004a2470f425064  0001 0004f58aaef85064  0001 0000000000000000  0000 0000000000000000  0000 0000000000000000  0000 0000000000000000
Frame 0663    0001 0000000000000000  0001 0000000000000000  0001 0000000000000000  0001 0000000000000000  0001 0000000000000000  0001 0000000000000000  0001 0000000000000000  0001 0000000000000000  0001 0000000000000000  0000 0000000000000000  0000 0000000000000000  0000 0000000000000000
Frame 0664    0001 0000000000000000  0001 0000000000000000  0001 0000000000000000  0001 0000000000000000  0001 0000000000000000  0001 0000000000000000  0001 0000000000000000  0001 0000000000000000  0001 0000000000000000  0000 0000000000000000  0000 0000000000000000  0000 0000000000000000
Frame 0665    0001 0000000000000000  0001 0000000000000000  0001 0000000000000000  0001 0000000000000000  0001 0000000000000000  0001 0000000000000000  0001 0000000000000000  0001 0000000000000000  0001 0000000000000000  0000 0000000000000000  0000 0000000000000000  0000 0000000000000000
Frame 0666    0001 000000000000b501  0001 00076bc40fb61201  0001 0007a8055fd01001  0001 0007f387affc0e01  0001 00044c0bf0820c3a  0001 0000000000000000  0001 0000000000000000  0001 0000000000000000  0001 0000000000000000  0000 0000000000000000  0000 0000000000000000  0000 0000000000000000
Frame 0667    0001 0000000000000000  0001 0000000000000000  0001 0000000000000000  0001 0000000000000000  0001 0000000000000000  0001 0000000000000000  0001 0000000000000000  0001 0000000000000000  0001 0000000000000000  0000 0000000000000000  0000 0000000000000000  0000 0000000000000000
Frame 0668    0001 0000000000000000  0001 0000000000000000  0001 0000000000000000  0001 0000000000000000  0001 0000000000000000  0001 0000000000000000  0001 0000000000000000  0001 0000000000000000  0001 0000000000000000  0000 0000000000000000  0000 0000000000000000  0000 0000000000000000
Frame 0669    0001 0000000000000000  0001 0000000000000000  0001 0000000000000000  0001 0000000000000000  0001 0000000000000000  0001 0000000000000000  0001 0000000000000000  0001 0000000000000000  0001 0000000000000000  0000 0000000000000000  0000 0000000000000000  0000 0000000000000000
Frame 0670    0001 000000000000a2da  0001 00076f028fec1404  0001 0007a83ff0081204  0001 0007f27e20221004  0001 00042e7d603c1003  0001 000468fb8066e87a  0001 00049d79cf92e87a  0001 0004f5b65fd4e87a  0001 0000000000000000  0000 0000000000000000  0000 0000000000000000  0000 0000000000000000
Frame 0671    0001 000000000000b540  0001 00076bf4eefc1201  0001 0007a8374ec21001  0001 0007f63aee700e01  0001 00044c3eae100c3a  0001 0000000000000000  0001 0000000000000000  0001 0000000000000000  0001 0000000000000000  0000 0000000000000000  0000 0000000000000000  0000 0000000000000000
Frame 0672    0001 000000000000b4fc  0001 00076bc050ea1a02  0001 0007a83d91481802  0001 0007f3f951cc1602  0001 00044b73e2860c3a  0001 00049fef53340c3a  0001 0000000000000000  0001 0000000000000000  0001 0000000000000000  0000 0000000000000000  0000 0000000000000000  0000 0000000000000000
Frame 0673    0001 0000000000000000  0001 0000000000000000  0001 0000000000000000  0001 0000000000000000  0001 0000000000000000  0001 0000000000000000  0001 0000000000000000  0001 0000000000000000  0001 0000000000000000  0000 0000000000000000  0000 0000000000000000  0000 0000000000000000
Frame 0674    0001 000000000000b0ca  0001 00076bfeeea21a06  0001 00079e3e8e7c1806  0001 0007ba3e6e6a1606  0001 0007df7dae6c1606  0001 00040ffc7e681606  0001 000444faedd34ee9  0001 0000000000000000  0001 0000000000000000  0000 0000000000000000  0000 0000000000000000  0000 0000000000000000
Frame 0675    0001 000000000000ecdf  0001 00076bff70160c01  0001 0007a83d00560a01  0001 0007e7ba70a80801  0001 00043af66136063a  0001 000490b231c0063a  0001 0004ffec6188043a  0001 0000000000000000  0001 0000000000000000  0000 0000000000000000  0000 0000000000000000  0000 0000000000000000
Frame 0676    0001 0000000000000000  0001 0000000000000000  0001 0000000000000000  0001 0000000000000000  0001 0000000000000000  0001 0000000000000000  0001 0000000000000000  0001 0000000000000000  0001 0000000000000000  0000 0000000000000000  0000 0000000000000000  0000 0000000000000000
Frame 0677    0001 000000000000d580  0001 00076bf0ef8a1001  0001 0007a833df820e01  0001 0007f5f78f7e0c01  0001 00043d3aef2e0a3a  0001 0004907f5f7c0a3a  0001 0004fe04ef9a083a  0001 0000000000000000  0001 0000000000000000  0000 0000000000000000  0000 0000000000000000  0000 0000000000000000
Frame 0678    0001 000000000000e5a1  0001 00076bc160d81201  0001 0007a80390a20c01  0001 0000000000000000  0001 00044c4a50a8083a  0001 0000000000000000  0001 00050e126ef0063a  0001 0000000000000000  0001 0000000000000000  0000 0000000000000000  0000 0000000000000000  0000 0000000000000000
Frame 0679    0001 000000000000ca07  0001 00076bff107e1a05  0001 0000000000000000  0001 0007ccbbe0e21604  0001 0007f0bad0e81604  0001 00042c7a304f4ea7  0001 00045efa81d54ea7  0001 00049d7a025f4ea7  0001 0000000000000000  0000 0000000000000000  0000 0000000000000000  0000 0000000000000000
Frame 0680    0001 0000000000000000  0001 0000000000000000  0001 0000000000000000  0001 0000000000000000  0001 0000000000000000  0001 0000000000000000  0001 0000000000000000  0001 0000000000000000  0001 0000000000000000  0000 0000000000000000  0000 0000000000000000  0000 0000000000000000
Frame 0681    0001 0000000000000000  0001 0000000000000000  0001 0000000000000000  0001 0000000000000000  0001 0000000000000000  0001 0000000000000000  0001 0000000000000000  0001 0000000000000000  0001 0000000000000000  0000 0000000000000000  0000 0000000000000000  0000 0000000000000000
Frame 0682    0001 000000000000f353  0001 00075c774ea60e08  0001 000772b88ebc0e08  0001 00078c766e9a0c08  0001 0000000000000000  0001 0007d4b51fae0a08  0001 0000000000000000  0001 0000000000000000  0001 0000000000000000  0000 0000000000000000  0000 0000000000000000  0000 0000000000000000
Frame 0683    0001 0000000000000000  0001 0000000000000000  0001 0000000000000000  0001 0000000000000000  0001 0000000000000000  0001 0000000000000000  0001 0000000000000000  0001 0000000000000000  0001 0000000000000000  0000 0000000000000000  0000 0000000000000000  0000 0000000000000000
Frame 0684    0001 0000000000000000  0001 0000000000000000  0001 0000000000000000  0001 0000000000000000  0001 0000000000000000  0001 0000000000000000  0001 0000000000000000  0001 0000000000000000  0001 0000000000000000  0000 0000000000000000  0000 0000000000000000  0000 0000000000000000
Frame 0685    0001 0000000000000000  0001 0000000000000000  0001 0000000000000000  0001 0000000000000000  0001 0000000000000000  0001 0000000000000000  0001 0000000000000000  0001 0000000000000000  0001 0000000000000000  0000 0000000000000000  0000 0000000000000000  0000 0000000000000000
Frame 0686    0001 000000000000b7a1  0001 00076bc830641a01  0001 0007a807d07c1001  0001 0000000000000000  0001 00043d0350d00c3a  0001 0000000000000000  0001 00050f4080cc0a3a  0001 0000000000000000  0001 0000000000000000  0000 0000000000000000  0000 0000000000000000  0000 0000000000000000
Frame 0687    0001 000000000000af88  0001 00076bfdf0aa1605  0001 0007a83ca0ee1405  0001 0000000000000000  0001 0000000000000000  0001 0007fe7dc1481405  0001 00042c7bd2911abd  0001 0000000000000000  0001 0000000000000000  0000 0000000000000000  0000 0000000000000000  0000 0000000000000000
Frame 0688    0001 0000000000000000  0001 0000000000000000  0001 0000000000000000  0001 0000000000000000  0001 0000000000000000  0001 0000000000000000  0001 0000000000000000  0001 0000000000000000  0001 0000000000000000  0000 0000000000000000  0000 0000000000000000  0000 0000000000000000
Frame 0689    0001 0000000000000000  0001 0000000000000000  0001 0000000000000000  0001 0000000000000000  0001 0000000000000000  0001 0000000000000000  0001 0000000000000000  0001 0000000000000000  0001 0000000000000000  0000 0000000000000000  0000 0000000000000000  0000 0000000000000000
Frame 0690    0001 0000000000000000  0001 0000000000000000  0001 0000000000000000  0001 0000000000000000  0001 0000000000000000  0001 0000000000000000  0001 0000000000000000  0001 0000000000000000  0001 0000000000000000  0000 0000000000000000  0000 0000000000000000  0000 0000000000000000
Frame 0691    0001 0000000000000000  0001 0000000000000000  0001 0000000000000000  0001 0000000000000000  0001 0000000000000000  0001 0000000000000000  0001 0000000000000000  0001 0000000000000000  0001 0000000000000000  0000 0000000000000000  0000 0000000000000000  0000 0000000000000000
Frame 0692    0001 0000000000000000  0001 0000000000000000  0001 0000000000000000  0001 0000000000000000  0001 0000000000000000  0001 0000000000000000  0001 0000000000000000  0001 0000000000000000  0001 0000000000000000  0000 0000000000000000  0000 0000000000000000  0000 0000000000000000
Frame 0693    0001 000000000000de1b  0001 00076bc42f861403  0001 0007a804ff2c1203  0001 0000000000000000  0001 0000000000000000  0001 00045108ee80e864  0001 000489ca3e02e864  0001 0004dccc4dcae864  0001 0000000000000000  0000 0000000000000000  0000 0000000000000000  0000 0000000000000000
Frame 0694    0001 0000000000000000  0001 0000000000000000  0001 0000000000000000  0001 0000000000000000  0001 0000000000000000  0001 0000000000000000  0001 0000000000000000  0001 0000000000000000  0001 0000000000000000  0000 0000000000000000  0000 0000000000000000  0000 0000000000000000
Frame 0695    0001 0000000000000000  0001 0000000000000000  0001 0000000000000000  0001 0000000000000000  0001 0000000000000000  0001 0000000000000000  0001 0000000000000000  0001 0000000000000000  0001 0000000000000000  0000 0000000000000000  0000 0000000000000000  0000 0000000000000000
Frame 0696    0001 0000000000000000  0001 0000000000000000  0001 0000000000000000  0001 0000000000000000  0001 0000000000000000  0001 0000000000000000  0001 0000000000000000  0001 0000000000000000  0001 0000000000000000  0000 0000000000000000  0000 0000000000000000  0000 0000000000000000
Frame 0697    0001 0000000000000000  0001 0000000000000000  0001 0000000000000000  0001 0000000000000000  0001 0000000000000000  0001 0000000000000000  0001 0000000000000000  0001 0000000000000000  0001 0000000000000000  0000 0000000000000000  0000 0000000000000000  0000 0000000000000000
Frame 0698    0001 000000000000cf21  0001 00076bf6605e1a01  0001 0007a839a0bc1801  0001 0000000000000000  0001 00044c83c17a0c3a  0001 0004a10972560c3a  0001 00050f4923860a3a  0001 0000000000000000  0001 0000000000000000  0000 0000000000000000  0000 0000000000000000  0000 0000000000000000
Frame 0699    0001 0000000000000000  0001 0000000000000000  0001 0000000000000000  0001 0000000000000000  0001 0000000000000000  0001 0000000000000000  0001 0000000000000000  0001 0000000000000000  0001 0000000000000000  0000 0000000000000000  0000 0000000000000000  0000 0000000000000000
Frame 0700    0001 0000000000000000  0001 0000000000000000  0001 0000000000000000  0001 0000000000000000  0001 0000000000000000  0001 0000000000000000  0001 0000000000000000  0001 0000000000000000  0001 0000000000000000  0000 0000000000000000  0000 0000000000000000  0000 0000000000000000
Frame 0701    0001 0000000000000000  0001 0000000000000000  0001 0000000000000000  0001 0000000000000000  0001 0000000000000000  0001 0000000000000000  0001 0000000000000000  0001 0000000000000000  0001 0000000000000000  0000 0000000000000000  0000 0000000000000000  0000 0000000000000000
Frame 0702    0001 0000000000000000  0001 0000000000000000  0001 0000000000000000  0001 0000000000000000  0001 0000000000000000  0001 0000000000000000  0001 0000000000000000  0001 0000000000000000  0001 0000000000000000  0000 0000000000000000  0000 0000000000000000  0000 0000000000000000
Frame 0703    0001 0000000000000000  0001 0000000000000000  0001 0000000000000000  0001 0000000000000000  0001 0000000000000000  0001 0000000000000000  0001 0000000000000000  0001 0000000000000000  0001 0000000000000000  0000 0000000000000000  0000 0000000000000000  0000 0000000000000000
Frame 0704    0001 000000000000de1b  0001 00076bc47f681403  0001 0007a8051f361203  0001 0000000000000000  0001 0000000000000000  0001 0004510cbe88e864  0001 000489d01e08e864  0001 0000000000000000  0001 0000000000000000  0000 0000000000000000  0000 0000000000000000  0000 0000000000000000
Frame 0705    0001 0000000000000000  0001 0000000000000000  0001 0000000000000000  0001 0000000000000000  0001 0000000000000000  0001 0000000000000000  0001 0000000000000000  0001 0000000000000000  0001 0000000000000000  0000 0000000000000000  0000 0000000000000000  0000 0000000000000000
Frame 0706    0001 000000000000d9d8  0001 00077381c07e1405  0001 0007ae0110a61205  0001 0007dd4110e21204  0001 000408bfb10e1204  0001 0000000000000000  0001 000484fd325ce8a7  0001 0004d17cf212e8a7  0001 0000000000000000  0000 0000000000000000  0000 0000000000000000  0000 0000000000000000
Frame 0707    0001 0000000000000000  0001 0000000000000000  0001 0000000000000000  0001 0000000000000000  0001 0000000000000000  0001 0000000000000000  0001 0000000000000000  0001 0000000000000000  0001 0000000000000000  0000 0000000000000000  0000 0000000000000000  0000 0000000000000000
Frame 0708    0001 0000000000000000  0001 0000000000000000  0001 0000000000000000  0001 0000000000000000  0001 0000000000000000  0001 0000000000000000  0001 0000000000000000  0001 0000000000000000  0001 0000000000000000  0000 0000000000000000  0000 0000000000000000  0000 0000000000000000
Frame 0709    0001 0000000000000000  0001 0000000000000000  0001 0000000000000000  0001 0000000000000000  0001 0000000000000000  0001 0000000000000000  0001 0000000000000000  0001 0000000000000000  0001 0000000000000000  0000 0000000000000000  0000 0000000000000000  0000 0000000000000000
Frame 0710    0001 000000000000cf59  0001 00076bc50f301a04  0001 0007a8046f101804  0001 0000000000000000  0001 0007e9828efe1604  0001 0000000000000000  0001 000444c08dcb4e90  0001 00049d7e8f6d4e90  0001 0000000000000000  0000 0000000000000000  0000 0000000000000000  0000 0000000000000000
Frame 0711    0001 000000000000cf79  0001 00076bf54f3c1a04  0001 0007a836cf7e1804  0001 0000000000000000  0001 0000000000000000  0001 0000000000000000  0001 00045efb3f5b4e90  0001 00049d7d2f734e90  0001 0000000000000000  0000 0000000000000000  0000 0000000000000000  0000 0000000000000000
Frame 0712    0001 000000000000cbf9  0001 00076c06d0061a04  0001 0007ab0460101804  0001 0000000000000000  0001 0007f882e0101604  0001 00042882f0141404  0001 00045ec35f5f4e90  0001 00049d43ef734e90  0001 0004f5867fd14e90  0000 0000000000000000  0000 0000000000000000  0000 0000000000000000
Frame 0713    0001 0000000000000000  0001 0000000000000000  0001 0000000000000000  0001 0000000000000000  0001 0000000000000000  0001 0000000000000000  0001 0000000000000000  0001 0000000000000000  0001 0000000000000000  0000 0000000000000000  0000 0000000000000000  0000 0000000000000000
Frame 0714    0001 0000000000000000  0001 0000000000000000  0001 0000000000000000  0001 0000000000000000  0001 0000000000000000  0001 0000000000000000  0001 0000000000000000  0001 0000000000000000  0001 0000000000000000  0000 0000000000000000  0000 0000000000000000  0000 0000000000000000
Frame 0715    0001 0000000000000000  0001 0000000000000000  0001 0000000000000000  0001 0000000000000000  0001 0000000000000000  0001 0000000000000000  0001 0000000000000000  0001 0000000000000000  0001 0000000000000000  0000 0000000000000000  0000 0000000000000000  0000 0000000000000000
Frame 0716    0001 0000000000000000  0001 0000000000000000  0001 0000000000000000  0001 0000000000000000  0001 0000000000000000  0001 0000000000000000  0001 0000000000000000  0001 0000000000000000  0001 0000000000000000  0000 0000000000000000  0000 0000000000000000  0000 0000000000000000
Frame 0717    0001 0000000000000000  0001 0000000000000000  0001 0000000000000000  0001 0000000000000000  0001 0000000000000000  0001 0000000000000000  0001 0000000000000000  0001 0000000000000000  0001 0000000000000000  0000 0000000000000000  0000 0000000000000000  0000 0000000000000000
Frame 0718    0001 0000000000000000  0001 0000000000000000  0001 0000000000000000  0001 0000000000000000  0001 0000000000000000  0001 0000000000000000  0001 0000000000000000  0001 0000000000000000  0001 0000000000000000  0000 0000000000000000  0000 0000000000000000  0000 0000000000000000
Frame 0719    0001 0000000000000000  0001 0000000000000000  0001 0000000000000000  0001 0000000000000000  0001 0000000000000000  0001 0000000000000000  0001 0000000000000000  0001 0000000000000000  0001 0000000000000000  0000 0000000000000000  0000 0000000000000000  0000 0000000000000000
Frame 0720    0001 0000000000000000  0001 0000000000000000  0001 0000000000000000  0001 0000000000000000  0001 0000000000000000  0001 0000000000000000  0001 0000000000000000  0001 0000000000000000  0001 0000000000000000  0000 0000000000000000  0000 0000000000000000  0000 0000000000000000
Frame 0721    0001 0000000000000000  0001 0000000000000000  0001 0000000000000000  0001 0000000000000000  0001 0000000000000000  0001 0000000000000000  0001 0000000000000000  0001 0000000000000000  0001 0000000000000000  0000 0000000000000000  0000 0000000000000000  0000 0000000000000000
Frame 0722    0001 000000000000b1c0  0001 00076bc970921201  0001 0007a80670ee1001  0001 0007f58171740e01  0001 00043c7cc2140c3a  0001 00049ff6f2d80c3a  0001 0000000000000000  0001 0000000000000000  0001 0000000000000000  0000 0000000000000000  0000 0000000000000000  0000 0000000000000000
Frame 0723    0001 0000000000000000  0001 0000000000000000  0001 0000000000000000  0001 0000000000000000  0001 0000000000000000  0001 0000000000000000  0001 0000000000000000  0001 0000000000000000  0001 0000000000000000  0000 0000000000000000  0000 0000000000000000  0000 0000000000000000
Frame 0724    0001 0000000000000000  0001 0000000000000000  0001 0000000000000000  0001 0000000000000000  0001 0000000000000000  0001 0000000000000000  0001 0000000000000000  0001 0000000000000000  0001 0000000000000000  0000 0000000000000000  0000 0000000000000000  0000 0000000000000000
Frame 0725    0001 000000000000d09c  0001 00076bc69f1a1602  0001 0007a805bf701402  0001 0007f9c49fe41202  0001 00043d036fd80a3a  0001 00049242307e0a3a  0001 0000000000000000  0001 0004dcc350991a4d  0001 0000000000000000  0000 0000000000000000  0000 0000000000000000  0000 0000000000000000
Frame 0726    0001 000000000000b101  0001 00076bff10be1a01  0001 0007a83c61221801  0001 0007ee78c1941601  0001 00044af4e2420c3a  0001 000491f1a2b60c3a  0001 00050facb3860a3a  0001 0000000000000000  0001 0000000000000000  0000 0000000000000000  0000 0000000000000000  0000 0000000000000000
Frame 0727    0001 0000000000000000  0001 0000000000000000  0001 0000000000000000  0001 0000000000000000  0001 0000000000000000  0001 0000000000000000  0001 0000000000000000  0001 0000000000000000  0001 0000000000000000  0000 0000000000000000  0000 0000000000000000  0000 0000000000000000
Frame 0728    0001 0000000000000000  0001 0000000000000000  0001 0000000000000000  0001 0000000000000000  0001 0000000000000000  0001 0000000000000000  0001 0000000000000000  0001 0000000000000000  0001 0000000000000000  0000 0000000000000000  0000 0000000000000000  0000 0000000000000000
Frame 0729    0001 000000000000ab42  0001 00076bc6fffe1602  0001 0007a804701a1402  0001 0007f9c180481202  0001 0000000000000000  0001 000491fc206e0a3a  0001 00050df8012a083a  0001 0000000000000000  0001 0000000000000000  0000 0000000000000000  0000 0000000000000000  0000 0000000000000000
Frame 0730    0001 0000000000000000  0001 0000000000000000  0001 0000000000000000  0001 0000000000000000  0001 0000000000000000  0001 0000000000000000  0001 0000000000000000  0001 0000000000000000  0001 0000000000000000  0000 0000000000000000  0000 0000000000000000  0000 0000000000000000
Frame 0731    0001 0000000000000000  0001 0000000000000000  0001 0000000000000000  0001 0000000000000000  0001 0000000000000000  0001 0000000000000000  0001 0000000000000000  0001 0000000000000000  0001 0000000000000000  0000 0000000000000000  0000 0000000000000000  0000 0000000000000000
Frame 0732    0001 0000000000000000  0001 0000000000000000  0001 0000000000000000  0001 0000000000000000  0001 0000000000000000  0001 0000000000000000  0001 0000000000000000  0001 0000000000000000  0001 0000000000000000  0000 0000000000000000  0000 0000000000000000  0000 0000000000000000
Frame 0733    0001 0000000000000000  0001 0000000000000000  0001 0000000000000000  0001 0000000000000000  0001 0000000000000000  0001 0000000000000000  0001 0000000000000000  0001 0000000000000000  0001 0000000000000000  0000 0000000000000000  0000 0000000000000000  0000 0000000000000000
Frame 0734    0001 0000000000000000  0001 0000000000000000  0001 0000000000000000  0001 0000000000000000  0001 0000000000000000  0001 0000000000000000  0001 0000000000000000  0001 0000000000000000  0001 0000000000000000  0000 0000000000000000  0000 0000000000000000  0000 0000000000000000
Frame 0735    0001 0000000000000000  0001 0000000000000000  0001 0000000000000000  0001 0000000000000000  0001 0000000000000000  0001 0000000000000000  0001 0000000000000000  0001 0000000000000000  0001 0000000000000000  0000 0000000000000000  0000 0000000000000000  0000 0000000000000000
Frame 0736    0001 0000000000000000  0001 0000000000000000  0001 0000000000000000  0001 0000000000000000  0001 0000000000000000  0001 0000000000000000  0001 0000000000000000  0001 0000000000000000  0001 0000000000000000  0000 0000000000000000  0000 0000000000000000  0000 0000000000000000
Frame 0737    0001 0000000000000000  0001 0000000000000000  0001 0000000000000000  0001 0000000000000000  0001 0000000000000000  0001 0000000000000000  0001 0000000000000000  0001 0000000000000000  0001 0000000000000000  0000 0000000000000000  0000 0000000000000000  0000 0000000000000000
Frame 0738    0001 0000000000000000  0001 0000000000000000  0001 0000000000000000  0001 0000000000000000  0001 0000000000000000  0001 0000000000000000  0001 0000000000000000  0001 0000000000000000  0001 0000000000000000  0000 0000000000000000  0000 0000000000000000  0000 0000000000000000
Frame 0739    0001 0000000000000000  0001 0000000000000000  0001 0000000000000000  0001 0000000000000000  0001 0000000000000000  0001 0000000000000000  0001 0000000000000000  0001 0000000000000000  0001 0000000000000000  0000 0000000000000000  0000 0000000000000000  0000 0000000000000000
Frame 0740    0001 0000000000000000  0001 0000000000000000  0001 0000000000000000  0001 0000000000000000  0001 0000000000000000  0001 0000000000000000  0001 0000000000000000  0001 0000000000000000  0001 0000000000000000  0000 0000000000000000  0000 0000000000000000  0000 0000000000000000
Frame 0741    0001 000000000000c2e1  0001 00076bf330aa1c01  0001 0007a83641121a01  0001 0007f2f9519a1801  0001 00043c7cf1a20c3a  0001 000491c1928e0c3a  0001 0000000000000000  0001 0000000000000000  0001 0000000000000000  0000 0000000000000000  0000 0000000000000000  0000 0000000000000000
Frame 0742    0001 0000000000000000  0001 0000000000000000  0001 0000000000000000  0001 0000000000000000  0001 0000000000000000  0001 0000000000000000  0001 0000000000000000  0001 0000000000000000  0001 0000000000000000  0000 0000000000000000  0000 0000000000000000  0000 0000000000000000
Frame 0743    0001 000000000000c2c1  0001 00076bfdb0da1c01  0001 0007a800e0a01001  0001 0007e78450680e01  0001 00043ac86ffc0c3a  0001 000491cc10000c3a  0001 0000000000000000  0001 0000000000000000  0001 0000000000000000  0000 0000000000000000  0000 0000000000000000  0000 0000000000000000
Frame 0744    0001 000000000000c2c1  0001 00076bfda0da1c01  0001 0007a801209e1001  0001 0007f384c0600e01  0001 00043ac85ff40c3a  0001 000491cc0ff60c3a  0001 0000000000000000  0001 0000000000000000  0001 0000000000000000  0000 0000000000000000  0000 0000000000000000  0000 0000000000000000
Frame 0745    0001 000000000000d721  0001 0007718860681601  0001 0007ae0410ca1401  0001 0007f240612e1201  0001 000443fba2000a3a  0001 0004a13532540a3a  0001 00050f6f236e083a  0001 0000000000000000  0001 0000000000000000  0000 0000000000000000  0000 0000000000000000  0000 0000000000000000
Frame 0746    0001 000000000000cb9f  0001 00076bc6b0cc1201  0001 0007a80700f41001  0001 0007e70841220e01  0001 0000000000000000  0001 00049fc791d40c3a  0001 0004ff87118e0a3a  0001 0000000000000000  0001 0000000000000000  0000 0000000000000000  0000 0000000000000000  0000 0000000000000000
Frame 0747    0001 0000000000000000  0001 0000000000000000  0001 0000000000000000  0001 0000000000000000  0001 0000000000000000  0001 0000000000000000  0001 0000000000000000  0001 0000000000000000  0001 0000000000000000  0000 0000000000000000  0000 0000000000000000  0000 0000000000000000
Frame 0748    0001 000000000000d721  0001 00077188706c1601  0001 0007ae0440cc1401  0001 0007f24061381201  0001 000443fb61380a3a  0001 0004a13532580a3a  0001 0000000000000000  0001 0000000000000000  0001 0000000000000000  0000 0000000000000000  0000 0000000000000000  0000 0000000000000000
Frame 0749    0001 000000000000cf21  0001 0000000000000000  0001 0007ab7e40fe1801  0001 0007f24140e21601  0001 000443c4312e0c3a  0001 0000000000000000  0001 00050f49738c0a3a  0001 0000000000000000  0001 0000000000000000  0000 0000000000000000  0000 0000000000000000  0000 0000000000000000
Frame 0750    0001 000000000000afc3  0001 0000000000000000  0001 0007ab7d8fde1402  0001 0007f279afa81202  0001 000443f7bf660a3a  0001 0000000000000000  0001 0000000000000000  0001 0004dcf61f791a4d  0001 0000000000000000  0000 0000000000000000  0000 0000000000000000  0000 0000000000000000
Frame 0751    0001 0000000000000000  0001 0000000000000000  0001 0000000000000000  0001 0000000000000000  0001 0000000000000000  0001 0000000000000000  0001 0000000000000000  0001 0000000000000000  0001 0000000000000000  0000 0000000000000000  0000 0000000000000000  0000 0000000000000000
Frame 0752    0001 0000000000000000  0001 0000000000000000  0001 0000000000000000  0001 0000000000000000  0001 0000000000000000  0001 0000000000000000  0001 0000000000000000  0001 0000000000000000  0001 0000000000000000  0000 0000000000000000  0000 0000000000000000  0000 0000000000000000
Frame 0753    0001 000000000000c2c1  0001 00076f3dd0de1c01  0001 0007b681909a1801  0001 0007f24560500e01  0001 000443c97fa80c3a  0001 000491cc1ff80c3a  0001 0000000000000000  0001 0000000000000000  0001 0000000000000000  0000 0000000000000000  0000 0000000000000000  0000 0000000000000000
Frame 0754    0001 0000000000000000  0001 0000000000000000  0001 0000000000000000  0001 0000000000000000  0001 0000000000000000  0001 0000000000000000  0001 0000000000000000  0001 0000000000000000  0001 0000000000000000  0000 0000000000000000  0000 0000000000000000  0000 0000000000000000
Frame 0755    0001 000000000000b1bd  0001 0007783e8ef81a02  0001 0000000000000000  0001 0007f27e5fcc1602  0001 000443ff506a0c3a  0001 0004a13fe1600c3a  0001 0000000000000000  0001 0000000000000000  0001 0000000000000000  0000 0000000000000000  0000 0000000000000000  0000 0000000000000000
Frame 0756    0001 0000000000000000  0001 0000000000000000  0001 0000000000000000  0001 0000000000000000  0001 0000000000000000  0001 0000000000000000  0001 0000000000000000  0001 0000000000000000  0001 0000000000000000  0000 0000000000000000  0000 0000000000000000  0000 0000000000000000
Frame 0757    0001 0000000000000000  0001 0000000000000000  0001 0000000000000000  0001 0000000000000000  0001 0000000000000000  0001 0000000000000000  0001 0000000000000000  0001 0000000000000000  0001 0000000000000000  0000 0000000000000000  0000 0000000000000000  0000 0000000000000000
Frame 0758    0001 0000000000000000  0001 0000000000000000  0001 0000000000000000  0001 0000000000000000  0001 0000000000000000  0001 0000000000000000  0001 0000000000000000  0001 0000000000000000  0001 0000000000000000  0000 0000000000000000  0000 0000000000000000  0000 0000000000000000
Frame 0759    0001 0000000000000000  0001 0000000000000000  0001 0000000000000000  0001 0000000000000000  0001 0000000000000000  0001 0000000000000000  0001 0000000000000000  0001 0000000000000000  0001 0000000000000000  0000 0000000000000000  0000 0000000000000000  0000 0000000000000000
Frame 0760    0001 000000000000d721  0001 00077188506a1601  0001 0007ae0420cc1401  0001 0000000000000000  0001 0000000000000000  0001 000498f821ee0a3a  0001 000506b25318083a  0001 0000000000000000  0001 0000000000000000  0000 0000000000000000  0000 0000000000000000  0000 0000000000000000
Frame 0761    0001 0000000000000000  0001 0000000000000000  0001 0000000000000000  0001 0000000000000000  0001 0000000000000000  0001 0000000000000000  0001 0000000000000000  0001 0000000000000000  0001 0000000000000000  0000 0000000000000000  0000 0000000000000000  0000 0000000000000000
Frame 0762    0001 000000000000b0e1  0001 00075e8d7eaa1401  0001 0007a8cc71281801  0001 0000000000000000  0001 0000000000000000  0001 000498ff026c0c3a  0001 000506ba43960a3a  0001 0000000000000000  0001 0000000000000000  0000 0000000000000000  0000 0000000000000000  0000 0000000000000000
Frame 0763    0001 000000000000b7a1  0001 00075d0850621401  0001 0007a3c4617e1801  0001 0000000000000000  0001 0000000000000000  0001 000498ff202e0c3a  0001 000506bd407a0a3a  0001 0000000000000000  0001 0000000000000000  0000 0000000000000000  0000 0000000000000000  0000 0000000000000000
Frame 0764    0001 0000000000000000  0001 0000000000000000  0001 0000000000000000  0001 0000000000000000  0001 0000000000000000  0001 0000000000000000  0001 0000000000000000  0001 0000000000000000  0001 0000000000000000  0000 0000000000000000  0000 0000000000000000  0000 0000000000000000
Frame 0765    0001 0000000000000000  0001 0000000000000000  0001 0000000000000000  0001 0000000000000000  0001 0000000000000000  0001 0000000000000000  0001 0000000000000000  0001 0000000000000000  0001 0000000000000000  0000 0000000000000000  0000 0000000000000000  0000 0000000000000000
Frame 0766    0001 0000000000000000  0001 0000000000000000  0001 0000000000000000  0001 0000000000000000  0001 0000000000000000  0001 0000000000000000  0001 0000000000000000  0001 0000000000000000  0001 0000000000000000  0000 0000000000000000  0000 0000000000000000  0000 0000000000000000
Frame 0767    0001 0000000000000000  0001 0000000000000000  0001 0000000000000000  0001 0000000000000000  0001 0000000000000000  0001 0000000000000000  0001 0000000000000000  0001 0000000000000000  0001 0000000000000000  0000 0000000000000000  0000 0000000000000000  0000 0000000000000000
Frame 0768    0001 0000000000000000  0001 0000000000000000  0001 0000000000000000  0001 0000000000000000  0001 0000000000000000  0001 0000000000000000  0001 0000000000000000  0001 0000000000000000  0001 0000000000000000  0000 0000000000000000  0000 0000000000000000  0000 0000000000000000
Frame 0769    0001 0000000000000000  0001 0000000000000000  0001 0000000000000000  0001 0000000000000000  0001 0000000000000000  0001 0000000000000000  0001 0000000000000000  0001 0000000000000000  0001 0000000000000000  0000 0000000000000000  0000 0000000000000000  0000 0000000000000000
Frame 0770    0001 0000000000000000  0001 0000000000000000  0001 0000000000000000  0001 0000000000000000  0001 0000000000000000  0001 0000000000000000  0001 0000000000000000  0001 0000000000000000  0001 0000000000000000  0000 0000000000000000  0000 0000000000000000  0000 0000000000000000
Frame 0771    0001 0000000000000000  0001 0000000000000000  0001 0000000000000000  0001 0000000000000000  0001 0000000000000000  0001 0000000000000000  0001 0000000000000000  0001 0000000000000000  0001 0000000000000000  0000 0000000000000000  0000 0000000000000000  0000 0000000000000000
Frame 0772    0001 0000000000000000  0001 0000000000000000  0001 0000000000000000  0001 0000000000000000  0001 0000000000000000  0001 0000000000000000  0001 0000000000000000  0001 0000000000000000  0001 0000000000000000  0000 0000000000000000  0000 0000000000000000  0000 0000000000000000
Frame 0773    0001 0000000000000000  0001 0000000000000000  0001 0000000000000000  0001 0000000000000000  0001 0000000000000000  0001 0000000000000000  0001 0000000000000000  0001 0000000000000000  0001 0000000000000000  0000 0000000000000000  0000 0000000000000000  0000 0000000000000000
Frame 0774    0001 0000000000000000  0001 0000000000000000  0001 0000000000000000  0001 0000000000000000  0001 0000000000000000  0001 0000000000000000  0001 0000000000000000  0001 0000000000000000  0001 0000000000000000  0000 0000000000000000  0000 0000000000000000  0000 0000000000000000
Frame 0775    0001 0000000000000000  0001 0000000000000000  0001 0000000000000000  0001 0000000000000000  0001 0000000000000000  0001 0000000000000000  0001 0000000000000000  0001 0000000000000000  0001 0000000000000000  0000 0000000000000000  0000 0000000000000000  0000 0000000000000000
Frame 0776    0001 0000000000000000  0001 0000000000000000  0001 0000000000000000  0001 0000000000000000  0001 0000000000000000  0001 0000000000000000  0001 0000000000000000  0001 0000000000000000  0001 0000000000000000  0000 0000000000000000  0000 0000000000000000  0000 0000000000000000
Frame 0777    0001 0000000000000000  0001 0000000000000000  0001 0000000000000000  0001 0000000000000000  0001 0000000000000000  0001 0000000000000000  0001 0000000000000000  0001 0000000000000000  0001 0000000000000000  0000 0000000000000000  0000 0000000000000000  0000 0000000000000000
Frame 0778    0001 0000000000000000  0001 0000000000000000  0001 0000000000000000  0001 0000000000000000  0001 0000000000000000  0001 0000000000000000  0001 0000000000000000  0001 0000000000000000  0001 0000000000000000  0000 0000000000000000  0000 0000000000000000  0000 0000000000000000
Frame 0779    0001 0000000000000000  0001 0000000000000000  0001 0000000000000000  0001 0000000000000000  0001 0000000000000000  0001 0000000000000000  0001 0000000000000000  0001 0000000000000000  0001 0000000000000000  0000 0000000000000000  0000 0000000000000000  0000 0000000000000000
Frame 0780    0001 0000000000000000  0001 0000000000000000  0001 0000000000000000  0001 0000000000000000  0001 0000000000000000  0001 0000000000000000  0001 0000000000000000  0001 0000000000000000  0001 0000000000000000  0000 0000000000000000  0000 0000000000000000  0000 0000000000000000
Frame 0781    0001 0000000000000000  0001 0000000000000000  0001 0000000000000000  0001 0000000000000000  0001 0000000000000000  0001 0000000000000000  0001 0000000000000000  0001 0000000000000000  0001 0000000000000000  0000 0000000000000000  0000 0000000000000000  0000 0000000000000000
Frame 0782    0001 0000000000000000  0001 0000000000000000  0001 0000000000000000  0001 0000000000000000  0001 0000000000000000  0001 0000000000000000  0001 0000000000000000  0001 0000000000000000  0001 0000000000000000  0000 0000000000000000  0000 0000000000000000  0000 0000000000000000
Frame 0783    0001 0000000000000000  0001 0000000000000000  0001 0000000000000000  0001 0000000000000000  0001 0000000000000000  0001 0000000000000000  0001 0000000000000000  0001 0000000000000000  0001 0000000000000000  0000 0000000000000000  0000 0000000000000000  0000 0000000000000000
Frame 0784    0001 0000000000000000  0001 0000000000000000  0001 0000000000000000  0001 0000000000000000  0001 0000000000000000  0001 0000000000000000  0001 0000000000000000  0001 0000000000000000  0001 0000000000000000  0000 0000000000000000  0000 0000000000000000  0000 0000000000000000
Frame 0785    0001 0000000000000000  0001 0000000000000000  0001 0000000000000000  0001 0000000000000000  0001 0000000000000000  0001 0000000000000000  0001 0000000000000000  0001 0000000000000000  0001 0000000000000000  0000 0000000000000000  0000 0000000000000000  0000 0000000000000000
Frame 0786    0001 0000000000000000  0001 0000000000000000  0001 0000000000000000  0001 0000000000000000  0001 0000000000000000  0001 0000000000000000  0001 0000000000000000  0001 0000000000000000  0001 0000000000000000  0000 0000000000000000  0000 0000000000000000  0000 0000000000000000
Frame 0787    0001 0000000000000000  0001 0000000000000000  0001 0000000000000000  0001 0000000000000000  0001 0000000000000000  0001 0000000000000000  0001 0000000000000000  0001 0000000000000000  0001 0000000000000000  0000 0000000000000000  0000 0000000000000000  0000 0000000000000000
Frame 0788    0001 0000000000000000  0001 0000000000000000  0001 0000000000000000  0001 0000000000000000  0001 0000000000000000  0001 0000000000000000  0001 0000000000000000  0001 0000000000000000  0001 0000000000000000  0000 0000000000000000  0000 0000000000000000  0000 0000000000000000
Frame 0789    0001 0000000000000000  0001 0000000000000000  0001 0000000000000000  0001 0000000000000000  0001 0000000000000000  0001 0000000000000000  0001 0000000000000000  0001 0000000000000000  0001 0000000000000000  0000 0000000000000000  0000 0000000000000000  0000 0000000000000000
Frame 0790    0001 0000000000000000  0001 0000000000000000  0001 0000000000000000  0001 0000000000000000  0001 0000000000000000  0001 0000000000000000  0001 0000000000000000  0001 0000000000000000  0001 0000000000000000  0000 0000000000000000  0000 0000000000000000  0000 0000000000000000
Frame 0791    0001 0000000000000000  0001 0000000000000000  0001 0000000000000000  0001 0000000000000000  0001 0000000000000000  0001 0000000000000000  0001 0000000000000000  0001 0000000000000000  0001 0000000000000000  0000 0000000000000000  0000 0000000000000000  0000 0000000000000000
Frame 0792    0001 0000000000000000  0001 0000000000000000  0001 0000000000000000  0001 0000000000000000  0001 0000000000000000  0001 0000000000000000  0001 0000000000000000  0001 0000000000000000  0001 0000000000000000  0000 0000000000000000  0000 0000000000000000  0000 0000000000000000
Frame 0793    0001 0000000000000000  0001 0000000000000000  0001 0000000000000000  0001 0000000000000000  0001 0000000000000000  0001 0000000000000000  0001 0000000000000000  0001 0000000000000000  0001 0000000000000000  0000 0000000000000000  0000 0000000000000000  0000 0000000000000000
Frame 0794    0001 0000000000000000  0001 0000000000000000  0001 0000000000000000  0001 0000000000000000  0001 0000000000000000  0001 0000000000000000  0001 0000000000000000  0001 0000000000000000  0001 0000000000000000  0000 0000000000000000  0000 0000000000000000  0000 0000000000000000
Frame 0795    0001 0000000000000000  0001 0000000000000000  0001 0000000000000000  0001 0000000000000000  0001 0000000000000000  0001 0000000000000000  0001 0000000000000000  0001 0000000000000000  0001 0000000000000000  0000 0000000000000000  0000 0000000000000000  0000 0000000000000000
Frame 0796    0001 0000000000000000  0001 0000000000000000  0001 0000000000000000  0001 0000000000000000  0001 0000000000000000  0001 0000000000000000  0001 0000000000000000  0001 0000000000000000  0001 0000000000000000  0000 0000000000000000  0000 0000000000000000  0000 0000000000000000
Frame 0797    0001 0000000000000000  0001 0000000000000000  0001 0000000000000000  0001 0000000000000000  0001 0000000000000000  0001 0000000000000000  0001 0000000000000000  0001 0000000000000000  0001 0000000000000000  0000 0000000000000000  0000 0000000000000000  0000 0000000000000000
Frame 0798    0001 0000000000000000  0001 0000000000000000  0001 0000000000000000  0001 0000000000000000  0001 0000000000000000  0001 0000000000000000  0001 0000000000000000  0001 0000000000000000  0001 0000000000000000  0000 0000000000000000  0000 0000000000000000  0000 0000000000000000
Frame 0799    0001 0000000000000000  0001 0000000000000000  0001 0000000000000000  0001 0000000000000000  0001 0000000000000000  0001 0000000000000000  0001 0000000000000000  0001 0000000000000000  0001 0000000000000000  0000 0000000000000000  0000 0000000000000000  0000 0000000000000000
Frame 0800    0001 0000000000000000  0001 0000000000000000  0001 0000000000000000  0001 0000000000000000  0001 0000000000000000  0001 0000000000000000  0001 0000000000000000  0001 0000000000000000  0001 0000000000000000  0000 0000000000000000  0000 0000000000000000  0000 0000000000000000
Frame 0801    0001 0000000000000000  0001 0000000000000000  0001 0000000000000000  0001 0000000000000000  0001 0000000000000000  0001 0000000000000000  0001 0000000000000000  0001 0000000000000000  0001 0000000000000000  0000 0000000000000000  0000 0000000000000000  0000 0000000000000000
Frame 0802    0001 0000000000000000  0001 0000000000000000  0001 0000000000000000  0001 0000000000000000  0001 0000000000000000  0001 0000000000000000  0001 0000000000000000  0001 0000000000000000  0001 0000000000000000  0000 0000000000000000  0000 0000000000000000  0000 0000000000000000
Frame 0803    0001 0000000000000000  0001 0000000000000000  0001 0000000000000000  0001 0000000000000000  0001 0000000000000000  0001 0000000000000000  0001 0000000000000000  0001 0000000000000000  0001 0000000000000000  0000 0000000000000000  0000 0000000000000000  0000 0000000000000000
Frame 0804    0001 0000000000000000  0001 0000000000000000  0001 0000000000000000  0001 0000000000000000  0001 0000000000000000  0001 0000000000000000  0001 0000000000000000  0001 0000000000000000  0001 0000000000000000  0000 0000000000000000  0000 0000000000000000  0000 0000000000000000
Frame 0805    0001 0000000000000000  0001 0000000000000000  0001 0000000000000000  0001 0000000000000000  0001 0000000000000000  0001 0000000000000000  0001 0000000000000000  0001 0000000000000000  0001 0000000000000000  0000 0000000000000000  0000 0000000000000000  0000 0000000000000000
Frame 0806    0001 0000000000000000  0001 0000000000000000  0001 0000000000000000  0001 0000000000000000  0001 0000000000000000  0001 0000000000000000  0001 0000000000000000  0001 0000000000000000  0001 0000000000000000  0000 0000000000000000  0000 0000000000000000  0000 0000000000000000
Frame 0807    0001 0000000000000000  0001 0000000000000000  0001 0000000000000000  0001 0000000000000000  0001 0000000000000000  0001 0000000000000000  0001 0000000000000000  0001 0000000000000000  0001 0000000000000000  0000 0000000000000000  0000 0000000000000000  0000 0000000000000000
Frame 0808    0001 0000000000000000  0001 0000000000000000  0001 0000000000000000  0001 0000000000000000  0001 0000000000000000  0001 0000000000000000  0001 0000000000000000  0001 0000000000000000  0001 0000000000000000  0000 0000000000000000  0000 0000000000000000  0000 0000000000000000
Frame 0809    0001 0000000000000000  0001 0000000000000000  0001 0000000000000000  0001 0000000000000000  0001 0000000000000000  0001 0000000000000000  0001 0000000000000000  0001 0000000000000000  0001 0000000000000000  0000 0000000000000000  0000 0000000000000000  0000 0000000000000000
Frame 0810    0000 0000000000000000  0000 0000000000000000  0000 0000000000000000  0000 0000000000000000  0000 0000000000000000  0000 0000000000000000  0000 0000000000000000  0000 0000000000000000  0000 0000000000000000  0000 0000000000000000  0000 0000000000000000  0000 0000000000000000
Frame 0811    0000 0000000000000000  0000 0000000000000000  0000 0000000000000000  0000 0000000000000000  0000 0000000000000000  0000 0000000000000000  0000 0000000000000000  0000 0000000000000000  0000 0000000000000000  0000 0000000000000000  0000 0000000000000000  0000 0000000000000000
Frame 0812    0000 0000000000000000  0000 0000000000000000  0000 0000000000000000  0000 0000000000000000  0000 0000000000000000  0000 0000000000000000  0000 0000000000000000  0000 0000000000000000  0000 0000000000000000  0000 0000000000000000  0000 0000000000000000  0000 0000000000000000
Frame 0813    0000 0000000000000000  0000 0000000000000000  0000 0000000000000000  0000 0000000000000000  0000 0000000000000000  0000 0000000000000000  0000 0000000000000000  0000 0000000000000000  0000 0000000000000000  0000 0000000000000000  0000 0000000000000000  0000 0000000000000000
Frame 0814    0000 0000000000000000  0000 0000000000000000  0000 0000000000000000  0000 0000000000000000  0000 0000000000000000  0000 0000000000000000  0000 0000000000000000  0000 0000000000000000  0000 0000000000000000  0000 0000000000000000  0000 0000000000000000  0000 0000000000000000
Frame 0815    0000 0000000000000000  0000 0000000000000000  0000 0000000000000000  0000 0000000000000000  0000 0000000000000000  0000 0000000000000000  0000 0000000000000000  0000 0000000000000000  0000 0000000000000000  0000 0000000000000000  0000 0000000000000000  0000 0000000000000000
Frame 0816    0001 000000000000d6fb  0001 00076efeffde1603  0001 0007a83e1fe61403  0001 0007f27e7ff81203  0001 0000000000000000  0001 000468c07f7d1a64  0001 0004bf4130af1a64  0001 0000000000000000  0001 0000000000000000  0000 0000000000000000  0000 0000000000000000  0000 0000000000000000
Frame 0817    0001 000000000000b0b4  0001 00076bf4c0541a07  0001 000788f650881807  0001 0007a7bb40e41807  0001 0007cc7d614a1607  0001 0007f63d11aa1607  0001 00041eb4b0561407  0001 0000000000000000  0001 0000000000000000  0000 0000000000000000  0000 0000000000000000  0000 0000000000000000
Frame 0818    0001 000000000000b55f  0001 00076bc660e81201  0001 0007a80641421001  0001 0007f60651c00e01  0001 00043b46a2040c3a  0001 0004904752ac0c3a  0001 00050dc833900a3a  0001 0000000000000000  0001 0000000000000000  0000 0000000000000000  0000 0000000000000000  0000 0000000000000000
Frame 0819    0001 0000000000000000  0001 0000000000000000  0001 0000000000000000  0001 0000000000000000  0001 0000000000000000  0001 0000000000000000  0001 0000000000000000  0001 0000000000000000  0001 0000000000000000  0000 0000000000000000  0000 0000000000000000  0000 0000000000000000
Frame 0820    0001 0000000000000000  0001 0000000000000000  0001 0000000000000000  0001 0000000000000000  0001 0000000000000000  0001 0000000000000000  0001 0000000000000000  0001 0000000000000000  0001 0000000000000000  0000 0000000000000000  0000 0000000000000000  0000 0000000000000000
Frame 0821    0001 000000000000cd1f  0001 00076bfd01621201  0001 0007a83e31921001  0001 0007f640c1ea0e01  0001 00044b02e22a0c3a  0001 00049044c2b80c3a  0001 00050e0772980a3a  0001 0000000000000000  0001 0000000000000000  0000 0000000000000000  0000 0000000000000000  0000 0000000000000000
Frame 0822    0001 000000000000bf20  0001 00076bc28faa1201  0001 0007a83f8fbc1001  0001 0007eabc0fc60e01  0001 00044b7800000c3a  0001 000490f5503e0c3a  0001 0000000000000000  0001 0000000000000000  0001 0000000000000000  0000 0000000000000000  0000 0000000000000000  0000 0000000000000000
Frame 0823    0001 000000000000d6fb  0001 00076efeffde1603  0001 0007a83c3fe61403  0001 0007f27e6ff81203  0001 0000000000000000  0001 000468c13fb91a64  0001 0004a240ff6f1a64  0001 0000000000000000  0001 0000000000000000  0000 0000000000000000  0000 0000000000000000  0000 0000000000000000
Frame 0824    0001 000000000000dcdf  0001 00076bc4e00a0e01  0001 0007a801f0140c01  0001 0007eabe302a0a01  0001 00044c792044083a  0001 000491f5bff6083a  0001 00050faf50ba063a  0001 0000000000000000  0001 0000000000000000  0000 0000000000000000  0000 0000000000000000  0000 0000000000000000
Frame 0825    0001 000000000000bebf  0001 00076bc230161201  0001 0007a83f103a1001  0001 0007f5faf06e0e01  0001 0000000000000000  0001 0004a131a0e40c3a  0001 00050f6bf0ce0a3a  0001 0000000000000000  0001 0000000000000000  0000 0000000000000000  0000 0000000000000000  0000 0000000000000000
Frame 0826    0001 0000000000000000  0001 0000000000000000  0001 0000000000000000  0001 0000000000000000  0001 0000000000000000  0001 0000000000000000  0001 0000000000000000  0001 0000000000000000  0001 0000000000000000  0000 0000000000000000  0000 0000000000000000  0000 0000000000000000
Frame 0827    0001 000000000000a041  0001 00076bfd608c1401  0001 0007a83ef0d01201  0001 0007f401c1341001  0001 00043c43e1b6083a  0001 00049046a1bc083a  0001 0004fe0a32e4063a  0001 0000000000000000  0001 0000000000000000  0000 0000000000000000  0000 0000000000000000  0000 0000000000000000
Frame 0828    0001 0000000000000000  0001 0000000000000000  0001 0000000000000000  0001 0000000000000000  0001 0000000000000000  0001 0000000000000000  0001 0000000000000000  0001 0000000000000000  0001 0000000000000000  0000 0000000000000000  0000 0000000000000000  0000 0000000000000000
Frame 0829    0001 000000000000a85a  0001 0000000000000000  0001 0007a804c06a1404  0001 0007f24180b41204  0001 0004387e918d1a7a  0001 000468fc70a71a7a  0001 0004b8f8b12b1a7a  0001 0000000000000000  0001 0000000000000000  0000 0000000000000000  0000 0000000000000000  0000 0000000000000000
Frame 0830    0001 0000000000000000  0001 0000000000000000  0001 0000000000000000  0001 0000000000000000  0001 0000000000000000  0001 0000000000000000  0001 0000000000000000  0001 0000000000000000  0001 0000000000000000  0000 0000000000000000  0000 0000000000000000  0000 0000000000000000
Frame 0831    0001 0000000000009984  0001 0007703bd0481203  0001 0007a83e90501003  0001 0007f242a0620e03  0001 0000000000000000  0001 000468c8305ab464  0001 0000000000000000  0001 0000000000000000  0001 0000000000000000  0000 0000000000000000  0000 0000000000000000  0000 0000000000000000
Frame 0832    0001 000000000000d87a  0001 000767c470b81404  0001 0007a80390fa1204  0001 0007f243113e1004  0001 00043842718ce87a  0001 000481417256e87a  0001 0000000000000000  0001 0000000000000000  0001 0000000000000000  0000 0000000000000000  0000 0000000000000000  0000 0000000000000000
Frame 0833    0001 0000000000000000  0001 0000000000000000  0001 0000000000000000  0001 0000000000000000  0001 0000000000000000  0001 0000000000000000  0001 0000000000000000  0001 0000000000000000  0001 0000000000000000  0000 0000000000000000  0000 0000000000000000  0000 0000000000000000
Frame 0834    0001 000000000000cf68  0001 00076bc3f0081a05  0001 0000000000000000  0001 0007b745c04a1605  0001 0007dc4610541605  0001 00040486a0761605  0001 000444c8df8b4ebd  0001 000484cb4fb34ebd  0001 0000000000000000  0000 0000000000000000  0000 0000000000000000  0000 0000000000000000
Frame 0835    0001 000000000000c055  0001 00076bfcef841c06  0001 000790becf8c1c06  0001 0007b07f9f9a1c06  0001 0007d4819fa21a06  0001 0007fcc2bf9a1a06  0001 00042c457ed980e9  0001 0000000000000000  0001 0000000000000000  0000 0000000000000000  0000 0000000000000000  0000 0000000000000000
Frame 0836    0001 0000000000000000  0001 0000000000000000  0001 0000000000000000  0001 0000000000000000  0001 0000000000000000  0001 0000000000000000  0001 0000000000000000  0001 0000000000000000  0001 0000000000000000  0000 0000000000000000  0000 0000000000000000  0000 0000000000000000
Frame 0837    0001 0000000000000000  0001 0000000000000000  0001 0000000000000000  0001 0000000000000000  0001 0000000000000000  0001 0000000000000000  0001 0000000000000000  0001 0000000000000000  0001 0000000000000000  0000 0000000000000000  0000 0000000000000000  0000 0000000000000000
Frame 0838    0001 0000000000000000  0001 0000000000000000  0001 0000000000000000  0001 0000000000000000  0001 0000000000000000  0001 0000000000000000  0001 0000000000000000  0001 0000000000000000  0001 0000000000000000  0000 0000000000000000  0000 0000000000000000  0000 0000000000000000
Frame 0839    0001 0000000000000000  0001 0000000000000000  0001 0000000000000000  0001 0000000000000000  0001 0000000000000000  0001 0000000000000000  0001 0000000000000000  0001 0000000000000000  0001 0000000000000000  0000 0000000000000000  0000 0000000000000000  0000 0000000000000000
Frame 0840    0001 00000000000092a1  0001 00076bfbf02e0c01  0001 0007a83c10540a01  0001 0007f33d108a0801  0001 00043d3dd0f4063a  0001 0004907f00d0063a  0001 0000000000000000  0001 0000000000000000  0001 0000000000000000  0000 0000000000000000  0000 0000000000000000  0000 0000000000000000
Frame 0841    0001 00000000000088d4  0001 00076bc0efb60c07  0001 000784016fc80c07  0001 00079e414fe00c07  0001 0000000000000000  0001 0007ec80bff20a07  0001 00041f40300c0807  0001 0000000000000000  0001 0000000000000000  0000 0000000000000000  0000 0000000000000000  0000 0000000000000000
Frame 0842    0001 0000000000000000  0001 0000000000000000  0001 0000000000000000  0001 0000000000000000  0001 0000000000000000  0001 0000000000000000  0001 0000000000000000  0001 0000000000000000  0001 0000000000000000  0000 0000000000000000  0000 0000000000000000  0000 0000000000000000
Frame 0843    0001 000000000000ab74  0001 00076bfbcf1a1607  0001 0007807c1f241807  0001 000797fbdf1e1607  0001 0007b9fb5f0a1407  0001 0007e63a6ec21407  0001 000415790ec21207  0001 0000000000000000  0001 0000000000000000  0000 0000000000000000  0000 0000000000000000  0000 0000000000000000
Frame 0844    0001 0000000000000000  0001 0000000000000000  0001 0000000000000000  0001 0000000000000000  0001 0000000000000000  0001 0000000000000000  0001 0000000000000000  0001 0000000000000000  0001 0000000000000000  0000 0000000000000000  0000 0000000000000000  0000 0000000000000000
Frame 0845    0001 000000000000a2ff  0001 00076bc16fa20e01  0001 0007a83faf740c01  0001 0007f3be7f400a01  0001 00043c7cef42083a  0001 0004907b7f00083a  0001 0000000000000000  0001 0000000000000000  0001 0000000000000000  0000 0000000000000000  0000 0000000000000000  0000 0000000000000000
Frame 0846    0001 0000000000000000  0001 0000000000000000  0001 0000000000000000  0001 0000000000000000  0001 0000000000000000  0001 0000000000000000  0001 0000000000000000  0001 0000000000000000  0001 0000000000000000  0000 0000000000000000  0000 0000000000000000  0000 0000000000000000
Frame 0847    0001 0000000000000000  0001 0000000000000000  0001 0000000000000000  0001 0000000000000000  0001 0000000000000000  0001 0000000000000000  0001 0000000000000000  0001 0000000000000000  0001 0000000000000000  0000 0000000000000000  0000 0000000000000000  0000 0000000000000000
Frame 0848    0001 0000000000000000  0001 0000000000000000  0001 0000000000000000  0001 0000000000000000  0001 0000000000000000  0001 0000000000000000  0001 0000000000000000  0001 0000000000000000  0001 0000000000000000  0000 0000000000000000  0000 0000000000000000  0000 0000000000000000
Frame 0849    0001 000000000000d103  0001 00076bc510081602  0001 0007a8057f801402  0001 0007fec44eda1202  0001 0000000000000000  0001 000492037e0c0a3a  0001 0000000000000000  0001 0000000000000000  0001 0000000000000000  0000 0000000000000000  0000 0000000000000000  0000 0000000000000000
Frame 0850    0001 0000000000000000  0001 0000000000000000  0001 0000000000000000  0001 0000000000000000  0001 0000000000000000  0001 0000000000000000  0001 0000000000000000  0001 0000000000000000  0001 0000000000000000  0000 0000000000000000  0000 0000000000000000  0000 0000000000000000
Frame 0851    0001 0000000000000000  0001 0000000000000000  0001 0000000000000000  0001 0000000000000000  0001 0000000000000000  0001 0000000000000000  0001 0000000000000000  0001 0000000000000000  0001 0000000000000000  0000 0000000000000000  0000 0000000000000000  0000 0000000000000000
Frame 0852    0001 000000000000a223  0001 00076bf8b0181402  0001 0007a83a10161202  0001 0007fdfc301a1002  0001 00044b3dafa2083a  0001 0004907fcfa0083a  0001 0000000000000000  0001 0004d7c2601ae84d  0001 0000000000000000  0000 0000000000000000  0000 0000000000000000  0000 0000000000000000
Frame 0853    0001 0000000000000000  0001 0000000000000000  0001 0000000000000000  0001 0000000000000000  0001 0000000000000000  0001 0000000000000000  0001 0000000000000000  0001 0000000000000000  0001 0000000000000000  0000 0000000000000000  0000 0000000000000000  0000 0000000000000000
Frame 0854    0001 000000000000a243  0001 00076bc3a1761402  0001 0007a800d1361202  0001 0000000000000000  0001 0000000000000000  0001 000490702fd2083a  0001 0000000000000000  0001 0004d7f1d022e84d  0001 0000000000000000  0000 0000000000000000  0000 0000000000000000  0000 0000000000000000
Frame 0855    0001 000000000000b3bb  0001 00076bc0407c1a03  0001 0007a80310821803  0001 0000000000000000  0001 0000000000000000  0001 0004814c11294e64  0001 0004bf4ea1134e64  0001 0000000000000000  0001 0000000000000000  0000 0000000000000000  0000 0000000000000000  0000 0000000000000000
Frame 0856    0001 0000000000000000  0001 0000000000000000  0001 0000000000000000  0001 0000000000000000  0001 0000000000000000  0001 0000000000000000  0001 0000000000000000  0001 0000000000000000  0001 0000000000000000  0000 0000000000000000  0000 0000000000000000  0000 0000000000000000
Frame 0857    0001 0000000000000000  0001 0000000000000000  0001 0000000000000000  0001 0000000000000000  0001 0000000000000000  0001 0000000000000000  0001 0000000000000000  0001 0000000000000000  0001 0000000000000000  0000 0000000000000000  0000 0000000000000000  0000 0000000000000000
Frame 0858    0001 000000000000b3bb  0001 00076bc0407c1a03  0001 0007a802f0841803  0001 0000000000000000  0001 0000000000000000  0001 0004814b41294e64  0001 0004bf4db1174e64  0001 0000000000000000  0001 0000000000000000  0000 0000000000000000  0000 0000000000000000  0000 0000000000000000
Frame 0859    0001 0000000000000000  0001 0000000000000000  0001 0000000000000000  0001 0000000000000000  0001 0000000000000000  0001 0000000000000000  0001 0000000000000000  0001 0000000000000000  0001 0000000000000000  0000 0000000000000000  0000 0000000000000000  0000 0000000000000000
Frame 0860    0001 0000000000000000  0001 0000000000000000  0001 0000000000000000  0001 0000000000000000  0001 0000000000000000  0001 0000000000000000  0001 0000000000000000  0001 0000000000000000  0001 0000000000000000  0000 0000000000000000  0000 0000000000000000  0000 0000000000000000
Frame 0861    0001 000000000000d3e4  0001 00076bc21fa01603  0001 0007a8034fb21403  0001 0000000000000000  0001 00043ac6d0220a3a  0001 000468c860891a64  0001 0004bf496f571a64  0001 0000000000000000  0001 0000000000000000  0000 0000000000000000  0000 0000000000000000  0000 0000000000000000
Frame 0862    0001 0000000000000000  0001 0000000000000000  0001 0000000000000000  0001 0000000000000000  0001 0000000000000000  0001 0000000000000000  0001 0000000000000000  0001 0000000000000000  0001 0000000000000000  0000 0000000000000000  0000 0000000000000000  0000 0000000000000000
Frame 0863    0001 0000000000000000  0001 0000000000000000  0001 0000000000000000  0001 0000000000000000  0001 0000000000000000  0001 0000000000000000  0001 0000000000000000  0001 0000000000000000  0001 0000000000000000  0000 0000000000000000  0000 0000000000000000  0000 0000000000000000
Frame 0864    0001 0000000000000000  0001 0000000000000000  0001 0000000000000000  0001 0000000000000000  0001 0000000000000000  0001 0000000000000000  0001 0000000000000000  0001 0000000000000000  0001 0000000000000000  0000 0000000000000000  0000 0000000000000000  0000 0000000000000000
Frame 0865    0001 0000000000000000  0001 0000000000000000  0001 0000000000000000  0001 0000000000000000  0001 0000000000000000  0001 0000000000000000  0001 0000000000000000  0001 0000000000000000  0001 0000000000000000  0000 0000000000000000  0000 0000000000000000  0000 0000000000000000
Frame 0866    0001 0000000000000000  0001 0000000000000000  0001 0000000000000000  0001 0000000000000000  0001 0000000000000000  0001 0000000000000000  0001 0000000000000000  0001 0000000000000000  0001 0000000000000000  0000 0000000000000000  0000 0000000000000000  0000 0000000000000000
Frame 0867    0001 000000000000e4c0  0001 00075f398f8e1001  0001 0000000000000000  0001 0007f27aeefe0a01  0001 000443facef0083a  0001 000491fa8ea2083a  0001 0004ffba0dde063a  0001 0000000000000000  0001 0000000000000000  0000 0000000000000000  0000 0000000000000000  0000 0000000000000000
Frame 0868    0001 0000000000000000  0001 0000000000000000  0001 0000000000000000  0001 0000000000000000  0001 0000000000000000  0001 0000000000000000  0001 0000000000000000  0001 0000000000000000  0001 0000000000000000  0000 0000000000000000  0000 0000000000000000  0000 0000000000000000
Frame 0869    0001 0000000000000000  0001 0000000000000000  0001 0000000000000000  0001 0000000000000000  0001 0000000000000000  0001 0000000000000000  0001 0000000000000000  0001 0000000000000000  0001 0000000000000000  0000 0000000000000000  0000 0000000000000000  0000 0000000000000000
Frame 0870    0001 000000000000ade3  0001 0000000000000000  0001 0007ad014fbe1402  0001 0007f240bf3a1202  0001 000443c23eb00a3a  0001 000491c4dde80a3a  0001 0000000000000000  0001 0000000000000000  0001 0000000000000000  0000 0000000000000000  0000 0000000000000000  0000 0000000000000000
Frame 0871    0001 0000000000000000  0001 0000000000000000  0001 0000000000000000  0001 0000000000000000  0001 0000000000000000  0001 0000000000000000  0001 0000000000000000  0001 0000000000000000  0001 0000000000000000  0000 0000000000000000  0000 0000000000000000  0000 0000000000000000
Frame 0872    0001 0000000000000000  0001 0000000000000000  0001 0000000000000000  0001 0000000000000000  0001 0000000000000000  0001 0000000000000000  0001 0000000000000000  0001 0000000000000000  0001 0000000000000000  0000 0000000000000000  0000 0000000000000000  0000 0000000000000000
Frame 0873    0001 0000000000000000  0001 0000000000000000  0001 0000000000000000  0001 0000000000000000  0001 0000000000000000  0001 0000000000000000  0001 0000000000000000  0001 0000000000000000  0001 0000000000000000  0000 0000000000000000  0000 0000000000000000  0000 0000000000000000
Frame 0874    0001 0000000000000000  0001 0000000000000000  0001 0000000000000000  0001 0000000000000000  0001 0000000000000000  0001 0000000000000000  0001 0000000000000000  0001 0000000000000000  0001 0000000000000000  0000 0000000000000000  0000 0000000000000000  0000 0000000000000000
Frame 0875    0001 0000000000000000  0001 0000000000000000  0001 0000000000000000  0001 0000000000000000  0001 0000000000000000  0001 0000000000000000  0001 0000000000000000  0001 0000000000000000  0001 0000000000000000  0000 0000000000000000  0000 0000000000000000  0000 0000000000000000
Frame 0876    0001 0000000000000000  0001 0000000000000000  0001 0000000000000000  0001 0000000000000000  0001 0000000000000000  0001 0000000000000000  0001 0000000000000000  0001 0000000000000000  0001 0000000000000000  0000 0000000000000000  0000 0000000000000000  0000 0000000000000000
Frame 0877    0001 0000000000000000  0001 0000000000000000  0001 0000000000000000  0001 0000000000000000  0001 0000000000000000  0001 0000000000000000  0001 0000000000000000  0001 0000000000000000  0001 0000000000000000  0000 0000000000000000  0000 0000000000000000  0000 0000000000000000
Frame 0878    0001 0000000000000000  0001 0000000000000000  0001 0000000000000000  0001 0000000000000000  0001 0000000000000000  0001 0000000000000000  0001 0000000000000000  0001 0000000000000000  0001 0000000000000000  0000 0000000000000000  0000 0000000000000000  0000 0000000000000000
Frame 0879    0001 0000000000000000  0001 0000000000000000  0001 0000000000000000  0001 0000000000000000  0001 0000000000000000  0001 0000000000000000  0001 0000000000000000  0001 0000000000000000  0001 0000000000000000  0000 0000000000000000  0000 0000000000000000  0000 0000000000000000
Frame 0880    0001 0000000000000000  0001 0000000000000000  0001 0000000000000000  0001 0000000000000000  0001 0000000000000000  0001 0000000000000000  0001 0000000000000000  0001 0000000000000000  0001 0000000000000000  0000 0000000000000000  0000 0000000000000000  0000 0000000000000000
Frame 0881    0001 0000000000000000  0001 0000000000000000  0001 0000000000000000  0001 0000000000000000  0001 0000000000000000  0001 0000000000000000  0001 0000000000000000  0001 0000000000000000  0001 0000000000000000  0000 0000000000000000  0000 0000000000000000  0000 0000000000000000
Frame 0882    0001 0000000000000000  0001 0000000000000000  0001 0000000000000000  0001 0000000000000000  0001 0000000000000000  0001 0000000000000000  0001 0000000000000000  0001 0000000000000000  0001 0000000000000000  0000 0000000000000000  0000 0000000000000000  0000 0000000000000000
Frame 0883    0001 0000000000000000  0001 0000000000000000  0001 0000000000000000  0001 0000000000000000  0001 0000000000000000  0001 0000000000000000  0001 0000000000000000  0001 0000000000000000  0001 0000000000000000  0000 0000000000000000  0000 0000000000000000  0000 0000000000000000
Frame 0884    0001 0000000000000000  0001 0000000000000000  0001 0000000000000000  0001 0000000000000000  0001 0000000000000000  0001 0000000000000000  0001 0000000000000000  0001 0000000000000000  0001 0000000000000000  0000 0000000000000000  0000 0000000000000000  0000 0000000000000000
Frame 0885    0001 0000000000000000  0001 0000000000000000  0001 0000000000000000  0001 0000000000000000  0001 0000000000000000  0001 0000000000000000  0001 0000000000000000  0001 0000000000000000  0001 0000000000000000  0000 0000000000000000  0000 0000000000000000  0000 0000000000000000
Frame 0886    0001 0000000000000000  0001 0000000000000000  0001 0000000000000000  0001 0000000000000000  0001 0000000000000000  0001 0000000000000000  0001 0000000000000000  0001 0000000000000000  0001 0000000000000000  0000 0000000000000000  0000 0000000000000000  0000 0000000000000000
Frame 0887    0001 0000000000000000  0001 0000000000000000  0001 0000000000000000  0001 0000000000000000  0001 0000000000000000  0001 0000000000000000  0001 0000000000000000  0001 0000000000000000  0001 0000000000000000  0000 0000000000000000  0000 0000000000000000  0000 0000000000000000
Frame 0888    0001 0000000000000000  0001 0000000000000000  0001 0000000000000000  0001 0000000000000000  0001 0000000000000000  0001 0000000000000000  0001 0000000000000000  0001 0000000000000000  0001 0000000000000000  0000 0000000000000000  0000 0000000000000000  0000 0000000000000000
Frame 0889    0001 0000000000000000  0001 0000000000000000  0001 0000000000000000  0001 0000000000000000  0001 0000000000000000  0001 0000000000000000  0001 0000000000000000  0001 0000000000000000  0001 0000000000000000  0000 0000000000000000  0000 0000000000000000  0000 0000000000000000
Frame 0890    0001 0000000000000000  0001 0000000000000000  0001 0000000000000000  0001 0000000000000000  0001 0000000000000000  0001 0000000000000000  0001 0000000000000000  0001 0000000000000000  0001 0000000000000000  0000 0000000000000000  0000 0000000000000000  0000 0000000000000000
Frame 0891    0001 0000000000000000  0001 0000000000000000  0001 0000000000000000  0001 0000000000000000  0001 0000000000000000  0001 0000000000000000  0001 0000000000000000  0001 0000000000000000  0001 0000000000000000  0000 0000000000000000  0000 0000000000000000  0000 0000000000000000
Frame 0892    0001 0000000000000000  0001 0000000000000000  0001 0000000000000000  0001 0000000000000000  0001 0000000000000000  0001 0000000000000000  0001 0000000000000000  0001 0000000000000000  0001 0000000000000000  0000 0000000000000000  0000 0000000000000000  0000 0000000000000000
Frame 0893    0001 0000000000000000  0001 0000000000000000  0001 0000000000000000  0001 0000000000000000  0001 0000000000000000  0001 0000000000000000  0001 0000000000000000  0001 0000000000000000  0001 0000000000000000  0000 0000000000000000  0000 0000000000000000  0000 0000000000000000
Frame 0894    0001 0000000000000000  0001 0000000000000000  0001 0000000000000000  0001 0000000000000000  0001 0000000000000000  0001 0000000000000000  0001 0000000000000000  0001 0000000000000000  0001 0000000000000000  0000 0000000000000000  0000 0000000000000000  0000 0000000000000000
Frame 0895    0001 0000000000000000  0001 0000000000000000  0001 0000000000000000  0001 0000000000000000  0001 0000000000000000  0001 0000000000000000  0001 0000000000000000  0001 0000000000000000  0001 0000000000000000  0000 0000000000000000  0000 0000000000000000  0000 0000000000000000
Frame 0896    0001 0000000000000000  0001 0000000000000000  0001 0000000000000000  0001 0000000000000000  0001 0000000000000000  0001 0000000000000000  0001 0000000000000000  0001 0000000000000000  0001 0000000000000000  0000 0000000000000000  0000 0000000000000000  0000 0000000000000000
Frame 0897    0001 0000000000000000  0001 0000000000000000  0001 0000000000000000  0001 0000000000000000  0001 0000000000000000  0001 0000000000000000  0001 0000000000000000  0001 0000000000000000  0001 0000000000000000  0000 0000000000000000  0000 0000000000000000  0000 0000000000000000
Frame 0898    0001 0000000000000000  0001 0000000000000000  0001 0000000000000000  0001 0000000000000000  0001 0000000000000000  0001 0000000000000000  0001 0000000000000000  0001 0000000000000000  0001 0000000000000000  0000 0000000000000000  0000 0000000000000000  0000 0000000000000000
Frame 0899    0001 0000000000000000  0001 0000000000000000  0001 0000000000000000  0001 0000000000000000  0001 0000000000000000  0001 0000000000000000  0001 0000000000000000  0001 0000000000000000  0001 0000000000000000  0000 0000000000000000  0000 0000000000000000  0000 0000000000000000
Frame 0900    0001 0000000000000000  0001 0000000000000000  0001 0000000000000000  0001 0000000000000000  0001 0000000000000000  0001 0000000000000000  0001 0000000000000000  0001 0000000000000000  0001 0000000000000000  0000 0000000000000000  0000 0000000000000000  0000 0000000000000000
Frame 0901    0001 0000000000000000  0001 0000000000000000  0001 0000000000000000  0001 0000000000000000  0001 0000000000000000  0001 0000000000000000  0001 0000000000000000  0001 0000000000000000  0001 0000000000000000  0000 0000000000000000  0000 0000000000000000  0000 0000000000000000
Frame 0902    0001 0000000000000000  0001 0000000000000000  0001 0000000000000000  0001 0000000000000000  0001 0000000000000000  0001 0000000000000000  0001 0000000000000000  0001 0000000000000000  0001 0000000000000000  0000 0000000000000000  0000 0000000000000000  0000 0000000000000000
Frame 0903    0001 0000000000000000  0001 0000000000000000  0001 0000000000000000  0001 0000000000000000  0001 0000000000000000  0001 0000000000000000  0001 0000000000000000  0001 0000000000000000  0001 0000000000000000  0000 0000000000000000  0000 0000000000000000  0000 0000000000000000
Frame 0904    0001 0000000000000000  0001 0000000000000000  0001 0000000000000000  0001 0000000000000000  0001 0000000000000000  0001 0000000000000000  0001 0000000000000000  0001 0000000000000000  0001 0000000000000000  0000 0000000000000000  0000 0000000000000000  0000 0000000000000000
Frame 0905    0001 0000000000000000  0001 0000000000000000  0001 0000000000000000  0001 0000000000000000  0001 0000000000000000  0001 0000000000000000  0001 0000000000000000  0001 0000000000000000  0001 0000000000000000  0000 0000000000000000  0000 0000000000000000  0000 0000000000000000
Frame 0906    0001 0000000000000000  0001 0000000000000000  0001 0000000000000000  0001 0000000000000000  0001 0000000000000000  0001 0000000000000000  0001 0000000000000000  0001 0000000000000000  0001 0000000000000000  0000 0000000000000000  0000 0000000000000000  0000 0000000000000000
Frame 0907    0001 0000000000000000  0001 0000000000000000  0001 0000000000000000  0001 0000000000000000  0001 0000000000000000  0001 0000000000000000  0001 0000000000000000  0001 0000000000000000  0001 0000000000000000  0000 0000000000000000  0000 0000000000000000  0000 0000000000000000
Frame 0908    0001 0000000000000000  0001 0000000000000000  0001 0000000000000000  0001 0000000000000000  0001 0000000000000000  0001 0000000000000000  0001 0000000000000000  0001 0000000000000000  0001 0000000000000000  0000 0000000000000000  0000 0000000000000000  0000 0000000000000000
Frame 0909    0001 0000000000000000  0001 0000000000000000  0001 0000000000000000  0001 0000000000000000  0001 0000000000000000  0001 0000000000000000  0001 0000000000000000  0001 0000000000000000  0001 0000000000000000  0000 0000000000000000  0000 0000000000000000  0000 0000000000000000
Frame 0910    0001 0000000000000000  0001 0000000000000000  0001 0000000000000000  0001 0000000000000000  0001 0000000000000000  0001 0000000000000000  0001 0000000000000000  0001 0000000000000000  0001 0000000000000000  0000 0000000000000000  0000 0000000000000000  0000 0000000000000000
Frame 0911    0001 0000000000000000  0001 0000000000000000  0001 0000000000000000  0001 0000000000000000  0001 0000000000000000  0001 0000000000000000  0001 0000000000000000  0001 0000000000000000  0001 0000000000000000  0000 0000000000000000  0000 0000000000000000  0000 0000000000000000
Frame 0912    0001 0000000000000000  0001 0000000000000000  0001 0000000000000000  0001 0000000000000000  0001 0000000000000000  0001 0000000000000000  0001 0000000000000000  0001 0000000000000000  0001 0000000000000000  0000 0000000000000000  0000 0000000000000000  0000 0000000000000000
Frame 0913    0001 0000000000000000  0001 0000000000000000  0001 0000000000000000  0001 0000000000000000  0001 0000000000000000  0001 0000000000000000  0001 0000000000000000  0001 0000000000000000  0001 0000000000000000  0000 0000000000000000  0000 0000000000000000  0000 0000000000000000
Frame 0914    0001 0000000000000000  0001 0000000000000000  0001 0000000000000000  0001 0000000000000000  0001 0000000000000000  0001 0000000000000000  0001 0000000000000000  0001 0000000000000000  0001 0000000000000000  0000 0000000000000000  0000 0000000000000000  0000 0000000000000000
Frame 0915    0001 0000000000000000  0001 0000000000000000  0001 0000000000000000  0001 0000000000000000  0001 0000000000000000  0001 0000000000000000  0001 0000000000000000  0001 0000000000000000  0001 0000000000000000  0000 0000000000000000  0000 0000000000000000  0000 0000000000000000
Frame 0916    0001 0000000000000000  0001 0000000000000000  0001 0000000000000000  0001 0000000000000000  0001 0000000000000000  0001 0000000000000000  0001 0000000000000000  0001 0000000000000000  0001 0000000000000000  0000 0000000000000000  0000 0000000000000000  0000 0000000000000000
Frame 0917    0001 0000000000000000  0001 0000000000000000  0001 0000000000000000  0001 0000000000000000  0001 0000000000000000  0001 0000000000000000  0001 0000000000000000  0001 0000000000000000  0001 0000000000000000  0000 0000000000000000  0000 0000000000000000  0000 0000000000000000
Frame 0918    0001 0000000000000000  0001 0000000000000000  0001 0000000000000000  0001 0000000000000000  0001 0000000000000000  0001 0000000000000000  0001 0000000000000000  0001 0000000000000000  0001 0000000000000000  0000 0000000000000000  0000 0000000000000000  0000 0000000000000000
Frame 0919    0001 0000000000000000  0001 0000000000000000  0001 0000000000000000  0001 0000000000000000  0001 0000000000000000  0001 0000000000000000  0001 0000000000000000  0001 0000000000000000  0001 0000000000000000  0000 0000000000000000  0000 0000000000000000  0000 0000000000000000
Frame 0920    0001 0000000000000000  0001 0000000000000000  0001 0000000000000000  0001 0000000000000000  0001 0000000000000000  0001 0000000000000000  0001 0000000000000000  0001 0000000000000000  0001 0000000000000000  0000 0000000000000000  0000 0000000000000000  0000 0000000000000000
Frame 0921    0001 0000000000000000  0001 0000000000000000  0001 0000000000000000  0001 0000000000000000  0001 0000000000000000  0001 0000000000000000  0001 0000000000000000  0001 0000000000000000  0001 0000000000000000  0000 0000000000000000  0000 0000000000000000  0000 0000000000000000
Frame 0922    0001 0000000000000000  0001 0000000000000000  0001 0000000000000000  0001 0000000000000000  0001 0000000000000000  0001 0000000000000000  0001 0000000000000000  0001 0000000000000000  0001 0000000000000000  0000 0000000000000000  0000 0000000000000000  0000 0000000000000000
Frame 0923    0001 0000000000000000  0001 0000000000000000  0001 0000000000000000  0001 0000000000000000  0001 0000000000000000  0001 0000000000000000  0001 0000000000000000  0001 0000000000000000  0001 0000000000000000  0000 0000000000000000  0000 0000000000000000  0000 0000000000000000
Frame 0924    0001 0000000000000000  0001 0000000000000000  0001 0000000000000000  0001 0000000000000000  0001 0000000000000000  0001 0000000000000000  0001 0000000000000000  0001 0000000000000000  0001 0000000000000000  0000 0000000000000000  0000 0000000000000000  0000 0000000000000000
Frame 0925    0001 0000000000000000  0001 0000000000000000  0001 0000000000000000  0001 0000000000000000  0001 0000000000000000  0001 0000000000000000  0001 0000000000000000  0001 0000000000000000  0001 0000000000000000  0000 0000000000000000  0000 0000000000000000  0000 0000000000000000
Frame 0926    0001 0000000000000000  0001 0000000000000000  0001 0000000000000000  0001 0000000000000000  0001 0000000000000000  0001 0000000000000000  0001 0000000000000000  0001 0000000000000000  0001 0000000000000000  0000 0000000000000000  0000 0000000000000000  0000 0000000000000000
Frame 0927    0001 0000000000000000  0001 0000000000000000  0001 0000000000000000  0001 0000000000000000  0001 0000000000000000  0001 0000000000000000  0001 0000000000000000  0001 0000000000000000  0001 0000000000000000  0000 0000000000000000  0000 0000000000000000  0000 0000000000000000
Frame 0928    0001 0000000000000000  0001 0000000000000000  0001 0000000000000000  0001 0000000000000000  0001 0000000000000000  0001 0000000000000000  0001 0000000000000000  0001 0000000000000000  0001 0000000000000000  0000 0000000000000000  0000 0000000000000000  0000 0000000000000000
Frame 0929    0001 0000000000000000  0001 0000000000000000  0001 0000000000000000  0001 0000000000000000  0001 0000000000000000  0001 0000000000000000  0001 0000000000000000  0001 0000000000000000  0001 0000000000000000  0000 0000000000000000  0000 0000000000000000  0000 0000000000000000
Frame 0930    0001 0000000000000000  0001 0000000000000000  0001 0000000000000000  0001 0000000000000000  0001 0000000000000000  0001 0000000000000000  0001 0000000000000000  0001 0000000000000000  0001 0000000000000000  0000 0000000000000000  0000 0000000000000000  0000 0000000000000000
Frame 0931    0001 0000000000000000  0001 0000000000000000  0001 0000000000000000  0001 0000000000000000  0001 0000000000000000  0001 0000000000000000  0001 0000000000000000  0001 0000000000000000  0001 0000000000000000  0000 0000000000000000  0000 0000000000000000  0000 0000000000000000
Frame 0932    0001 0000000000000000  0001 0000000000000000  0001 0000000000000000  0001 0000000000000000  0001 0000000000000000  0001 0000000000000000  0001 0000000000000000  0001 0000000000000000  0001 0000000000000000  0000 0000000000000000  0000 0000000000000000  0000 0000000000000000
Frame 0933    0001 0000000000000000  0001 0000000000000000  0001 0000000000000000  0001 0000000000000000  0001 0000000000000000  0001 0000000000000000  0001 0000000000000000  0001 0000000000000000  0001 0000000000000000  0000 0000000000000000  0000 0000000000000000  0000 0000000000000000
Frame 0934    0001 0000000000000000  0001 0000000000000000  0001 0000000000000000  0001 0000000000000000  0001 0000000000000000  0001 0000000000000000  0001 0000000000000000  0001 0000000000000000  0001 0000000000000000  0000 0000000000000000  0000 0000000000000000  0000 0000000000000000
Frame 0935    0001 0000000000000000  0001 0000000000000000  0001 0000000000000000  0001 0000000000000000  0001 0000000000000000  0001 0000000000000000  0001 0000000000000000  0001 0000000000000000  0001 0000000000000000  0000 0000000000000000  0000 0000000000000000  0000 0000000000000000
Frame 0936    0001 0000000000000000  0001 0000000000000000  0001 0000000000000000  0001 0000000000000000  0001 0000000000000000  0001 0000000000000000  0001 0000000000000000  0001 0000000000000000  0001 0000000000000000  0000 0000000000000000  0000 0000000000000000  0000 0000000000000000
Frame 0937    0001 0000000000000000  0001 0000000000000000  0001 0000000000000000  0001 0000000000000000  0001 0000000000000000  0001 0000000000000000  0001 0000000000000000  0001 0000000000000000  0001 0000000000000000  0000 0000000000000000  0000 0000000000000000  0000 0000000000000000
Frame 0938    0001 0000000000000000  0001 0000000000000000  0001 0000000000000000  0001 0000000000000000  0001 0000000000000000  0001 0000000000000000  0001 0000000000000000  0001 0000000000000000  0001 0000000000000000  0000 0000000000000000  0000 0000000000000000  0000 0000000000000000
Frame 0939    0001 0000000000000000  0001 0000000000000000  0001 0000000000000000  0001 0000000000000000  0001 0000000000000000  0001 0000000000000000  0001 0000000000000000  0001 0000000000000000  0001 0000000000000000  0000 0000000000000000  0000 0000000000000000  0000 0000000000000000
Frame 0940    0001 0000000000000000  0001 0000000000000000  0001 0000000000000000  0001 0000000000000000  0001 0000000000000000  0001 0000000000000000  0001 0000000000000000  0001 0000000000000000  0001 0000000000000000  0000 0000000000000000  0000 0000000000000000  0000 0000000000000000
Frame 0941    0001 0000000000000000  0001 0000000000000000  0001 0000000000000000  0001 0000000000000000  0001 0000000000000000  0001 0000000000000000  0001 0000000000000000  0001 0000000000000000  0001 0000000000000000  0000 0000000000000000  0000 0000000000000000  0000 0000000000000000
Frame 0942    0001 0000000000000000  0001 0000000000000000  0001 0000000000000000  0001 0000000000000000  0001 0000000000000000  0001 0000000000000000  0001 0000000000000000  0001 0000000000000000  0001 0000000000000000  0000 0000000000000000  0000 0000000000000000  0000 0000000000000000
Frame 0943    0001 0000000000000000  0001 0000000000000000  0001 0000000000000000  0001 0000000000000000  0001 0000000000000000  0001 0000000000000000  0001 0000000000000000  0001 0000000000000000  0001 0000000000000000  0000 0000000000000000  0000 0000000000000000  0000 0000000000000000
Frame 0944    0001 0000000000000000  0001 0000000000000000  0001 0000000000000000  0001 0000000000000000  0001 0000000000000000  0001 0000000000000000  0001 0000000000000000  0001 0000000000000000  0001 0000000000000000  0000 0000000000000000  0000 0000000000000000  0000 0000000000000000
Frame 0945    0001 0000000000000000  0001 0000000000000000  0001 0000000000000000  0001 0000000000000000  0001 0000000000000000  0001 0000000000000000  0001 0000000000000000  0001 0000000000000000  0001 0000000000000000  0000 0000000000000000  0000 0000000000000000  0000 0000000000000000
Frame 0946    0001 0000000000000000  0001 0000000000000000  0001 0000000000000000  0001 0000000000000000  0001 0000000000000000  0001 0000000000000000  0001 0000000000000000  0001 0000000000000000  0001 0000000000000000  0000 0000000000000000  0000 0000000000000000  0000 0000000000000000
Frame 0947    0001 0000000000000000  0001 0000000000000000  0001 0000000000000000  0001 0000000000000000  0001 0000000000000000  0001 0000000000000000  0001 0000000000000000  0001 0000000000000000  0001 0000000000000000  0000 0000000000000000  0000 0000000000000000  0000 0000000000000000
Frame 0948    0001 0000000000000000  0001 0000000000000000  0001 0000000000000000  0001 0000000000000000  0001 0000000000000000  0001 0000000000000000  0001 0000000000000000  0001 0000000000000000  0001 0000000000000000  0000 0000000000000000  0000 0000000000000000  0000 0000000000000000
Frame 0949    0001 0000000000000000  0001 0000000000000000  0001 0000000000000000  0001 0000000000000000  0001 0000000000000000  0001 0000000000000000  0001 0000000000000000  0001 0000000000000000  0001 0000000000000000  0000 0000000000000000  0000 0000000000000000  0000 0000000000000000
Frame 0950    0001 0000000000000000  0001 0000000000000000  0001 0000000000000000  0001 0000000000000000  0001 0000000000000000  0001 0000000000000000  0001 0000000000000000  0001 0000000000000000  0001 0000000000000000  0000 0000000000000000  0000 0000000000000000  0000 0000000000000000
Frame 0951    0001 0000000000000000  0001 0000000000000000  0001 0000000000000000  0001 0000000000000000  0001 0000000000000000  0001 0000000000000000  0001 0000000000000000  0001 0000000000000000  0001 0000000000000000  0000 0000000000000000  0000 0000000000000000  0000 0000000000000000
Frame 0952    0001 0000000000000000  0001 0000000000000000  0001 0000000000000000  0001 0000000000000000  0001 0000000000000000  0001 0000000000000000  0001 0000000000000000  0001 0000000000000000  0001 0000000000000000  0000 0000000000000000  0000 0000000000000000  0000 0000000000000000
Frame 0953    0001 0000000000000000  0001 0000000000000000  0001 0000000000000000  0001 0000000000000000  0001 0000000000000000  0001 0000000000000000  0001 0000000000000000  0001 0000000000000000  0001 0000000000000000  0000 0000000000000000  0000 0000000000000000  0000 0000000000000000
Frame 0954    0001 0000000000000000  0001 0000000000000000  0001 0000000000000000  0001 0000000000000000  0001 0000000000000000  0001 0000000000000000  0001 0000000000000000  0001 0000000000000000  0001 0000000000000000  0000 0000000000000000  0000 0000000000000000  0000 0000000000000000
Frame 0955    0001 0000000000000000  0001 0000000000000000  0001 0000000000000000  0001 0000000000000000  0001 0000000000000000  0001 0000000000000000  0001 0000000000000000  0001 0000000000000000  0001 0000000000000000  0000 0000000000000000  0000 0000000000000000  0000 0000000000000000
Frame 0956    0001 0000000000000000  0001 0000000000000000  0001 0000000000000000  0001 0000000000000000  0001 0000000000000000  0001 0000000000000000  0001 0000000000000000  0001 0000000000000000  0001 0000000000000000  0000 0000000000000000  0000 0000000000000000  0000 0000000000000000
Frame 0957    0001 0000000000000000  0001 0000000000000000  0001 0000000000000000  0001 0000000000000000  0001 0000000000000000  0001 0000000000000000  0001 0000000000000000  0001 0000000000000000  0001 0000000000000000  0000 0000000000000000  0000 0000000000000000  0000 0000000000000000
Frame 0958    0001 0000000000000000  0001 0000000000000000  0001 0000000000000000  0001 0000000000000000  0001 0000000000000000  0001 0000000000000000  0001 0000000000000000  0001 0000000000000000  0001 0000000000000000  0000 0000000000000000  0000 0000000000000000  0000 0000000000000000
Frame 0959    0001 0000000000000000  0001 0000000000000000  0001 0000000000000000  0001 0000000000000000  0001 0000000000000000  0001 0000000000000000  0001 0000000000000000  0001 0000000000000000  0001 0000000000000000  0000 0000000000000000  0000 0000000000000000  0000 0000000000000000
Frame 0960    0001 0000000000000000  0001 0000000000000000  0001 0000000000000000  0001 0000000000000000  0001 0000000000000000  0001 0000000000000000  0001 0000000000000000  0001 0000000000000000  0001 0000000000000000  0000 0000000000000000  0000 0000000000000000  0000 0000000000000000
Frame 0961    0001 0000000000000000  0001 0000000000000000  0001 0000000000000000  0001 0000000000000000  0001 0000000000000000  0001 0000000000000000  0001 0000000000000000  0001 0000000000000000  0001 0000000000000000  0000 0000000000000000  0000 0000000000000000  0000 0000000000000000
Frame 0962    0001 0000000000000000  0001 0000000000000000  0001 0000000000000000  0001 0000000000000000  0001 0000000000000000  0001 0000000000000000  0001 0000000000000000  0001 0000000000000000  0001 0000000000000000  0000 0000000000000000  0000 0000000000000000  0000 0000000000000000
Frame 0963    0001 0000000000000000  0001 0000000000000000  0001 0000000000000000  0001 0000000000000000  0001 0000000000000000  0001 0000000000000000  0001 0000000000000000  0001 0000000000000000  0001 0000000000000000  0000 0000000000000000  0000 0000000000000000  0000 0000000000000000
Frame 0964    0001 0000000000000000  0001 0000000000000000  0001 0000000000000000  0001 0000000000000000  0001 0000000000000000  0001 0000000000000000  0001 0000000000000000  0001 0000000000000000  0001 0000000000000000  0000 0000000000000000  0000 0000000000000000  0000 0000000000000000
Frame 0965    0001 0000000000000000  0001 0000000000000000  0001 0000000000000000  0001 0000000000000000  0001 0000000000000000  0001 0000000000000000  0001 0000000000000000  0001 0000000000000000  0001 0000000000000000  0000 0000000000000000  0000 0000000000000000  0000 0000000000000000
Frame 0966    0001 0000000000000000  0001 0000000000000000  0001 0000000000000000  0001 0000000000000000  0001 0000000000000000  0001 0000000000000000  0001 0000000000000000  0001 0000000000000000  0001 0000000000000000  0000 0000000000000000  0000 0000000000000000  0000 0000000000000000
Frame 0967    0001 0000000000000000  0001 0000000000000000  0001 0000000000000000  0001 0000000000000000  0001 0000000000000000  0001 0000000000000000  0001 0000000000000000  0001 0000000000000000  0001 0000000000000000  0000 0000000000000000  0000 0000000000000000  0000 0000000000000000
Frame 0968    0001 0000000000000000  0001 0000000000000000  0001 0000000000000000  0001 0000000000000000  0001 0000000000000000  0001 0000000000000000  0001 0000000000000000  0001 0000000000000000  0001 0000000000000000  0000 0000000000000000  0000 0000000000000000  0000 0000000000000000
Frame 0969    0001 0000000000000000  0001 0000000000000000  0001 0000000000000000  0001 0000000000000000  0001 0000000000000000  0001 0000000000000000  0001 0000000000000000  0001 0000000000000000  0001 0000000000000000  0000 0000000000000000  0000 0000000000000000  0000 0000000000000000
Frame 0970    0001 0000000000000000  0001 0000000000000000  0001 0000000000000000  0001 0000000000000000  0001 0000000000000000  0001 0000000000000000  0001 0000000000000000  0001 0000000000000000  0001 0000000000000000  0000 0000000000000000  0000 0000000000000000  0000 0000000000000000
Frame 0971    0001 0000000000000000  0001 0000000000000000  0001 0000000000000000  0001 0000000000000000  0001 0000000000000000  0001 0000000000000000  0001 0000000000000000  0001 0000000000000000  0001 0000000000000000  0000 0000000000000000  0000 0000000000000000  0000 0000000000000000
Frame 0972    0000 0000000000000000  0000 0000000000000000  0000 0000000000000000  0000 0000000000000000  0000 0000000000000000  0000 0000000000000000  0000 0000000000000000  0000 0000000000000000  0000 0000000000000000  0000 0000000000000000  0000 0000000000000000  0000 0000000000000000
Frame 0973    0000 0000000000000000  0000 0000000000000000  0000 0000000000000000  0000 0000000000000000  0000 0000000000000000  0000 0000000000000000  0000 0000000000000000  0000 0000000000000000  0000 0000000000000000  0000 0000000000000000  0000 0000000000000000  0000 0000000000000000
Frame 0974    0000 0000000000000000  0000 0000000000000000  0000 0000000000000000  0000 0000000000000000  0000 0000000000000000  0000 0000000000000000  0000 0000000000000000  0000 0000000000000000  0000 0000000000000000  0000 0000000000000000  0000 0000000000000000  0000 0000000000000000
Frame 0975    0000 0000000000000000  0000 0000000000000000  0000 0000000000000000  0000 0000000000000000  0000 0000000000000000  0000 0000000000000000  0000 0000000000000000  0000 0000000000000000  0000 0000000000000000  0000 0000000000000000  0000 0000000000000000  0000 0000000000000000
Frame 0976    0000 0000000000000000  0000 0000000000000000  0000 0000000000000000  0000 0000000000000000  0000 0000000000000000  0000 0000000000000000  0000 0000000000000000  0000 0000000000000000  0000 0000000000000000  0000 0000000000000000  0000 0000000000000000  0000 0000000000000000
Frame 0977    0000 0000000000000000  0000 0000000000000000  0000 0000000000000000  0000 0000000000000000  0000 0000000000000000  0000 0000000000000000  0000 0000000000000000  0000 0000000000000000  0000 0000000000000000  0000 0000000000000000  0000 0000000000000000  0000 0000000000000000
Frame 0978    0001 000000000000b427  0001 00076bfd20a81a05  0001 0007a83b208e1805  0001 0007d23920621604  0001 0007fe76f03e1604  0001 00042c75001f4ea7  0001 000477b1ef854ea7  0001 0000000000000000  0001 0000000000000000  0000 0000000000000000  0000 0000000000000000  0000 0000000000000000
Frame 0979    0001 0000000000000000  0001 0000000000000000  0001 0000000000000000  0001 0000000000000000  0001 0000000000000000  0001 0000000000000000  0001 0000000000000000  0001 0000000000000000  0001 0000000000000000  0000 0000000000000000  0000 0000000000000000  0000 0000000000000000
Frame 0980    0001 000000000000e440  0001 00076bff80440e01  0001 0007a83e907a0c01  0001 0007e73de0b80a01  0001 00043bbcb110083a  0001 0004927af15c083a  0001 0004ffb88164063a  0001 0000000000000000  0001 0000000000000000  0000 0000000000000000  0000 0000000000000000  0000 0000000000000000
Frame 0981    0001 000000000000cc03  0001 00076bc3ffcc1a02  0001 0007a802cfba1802  0001 0007f100afae1602  0001 00043c7e4fa60c3a  0001 0004907ccf900c3a  0001 0000000000000000  0001 0004dcfcbf574e4d  0001 0000000000000000  0000 0000000000000000  0000 0000000000000000  0000 0000000000000000
Frame 0982    0001 000000000000af2d  0001 00075c453ff21808  0001 00076f857ff61808  0001 000788059fd61608  0001 0007a685cfc01608  0001 0007c905ffc61408  0001 0007f245afb21408  0001 0000000000000000  0001 0000000000000000  0000 0000000000000000  0000 0000000000000000  0000 0000000000000000
Frame 0983    0001 000000000000d5b6  0001 00076bc0af7a1606  0001 0000000000000000  0001 00079ffeef541606  0001 0007bcfdff4e1406  0001 0007e9bdbf401406  0001 00041abdbefe1206  0001 000444fe4d931ad3  0001 0000000000000000  0000 0000000000000000  0000 0000000000000000  0000 0000000000000000
Frame 0984    0001 000000000000b563  0001 00076bfc10161a02  0001 0007a83d4fce1802  0001 0007f7be9f741602  0001 00043d3f5f880c3a  0001 00049fc13ee60c3a  0001 0000000000000000  0001 0004f5818ddd4e4d  0001 0000000000000000  0000 0000000000000000  0000 0000000000000000  0000 0000000000000000
Frame 0985    0001 0000000000000000  0001 0000000000000000  0001 0000000000000000  0001 0000000000000000  0001 0000000000000000  0001 0000000000000000  0001 0000000000000000  0001 0000000000000000  0001 0000000000000000  0000 0000000000000000  0000 0000000000000000  0000 0000000000000000
Frame 0986    0001 000000000000b78c  0001 00075c4bb14a1c08  0001 0007724ae14c1a08  0001 00078b0a716a1808  0001 0007a6c9f1ba1808  0001 0007cd4aa1e21608  0001 0007f64b82321608  0001 0000000000000000  0001 0000000000000000  0000 0000000000000000  0000 0000000000000000  0000 0000000000000000
Frame 0987    0001 000000000000a767  0001 00076bcd71061405  0001 0000000000000000  0001 0007cc4870e41204  0001 0007f245e0c61204  0001 00042c42106ae8a7  0001 00045efe5208e8a7  0001 0004b8f73070e8a7  0001 0000000000000000  0000 0000000000000000  0000 0000000000000000  0000 0000000000000000
Frame 0988    0001 0000000000000000  0001 0000000000000000  0001 0000000000000000  0001 0000000000000000  0001 0000000000000000  0001 0000000000000000  0001 0000000000000000  0001 0000000000000000  0001 0000000000000000  0000 0000000000000000  0000 0000000000000000  0000 0000000000000000
Frame 0989    0001 0000000000000000  0001 0000000000000000  0001 0000000000000000  0001 0000000000000000  0001 0000000000000000  0001 0000000000000000  0001 0000000000000000  0001 0000000000000000  0001 0000000000000000  0000 0000000000000000  0000 0000000000000000  0000 0000000000000000
Frame 0990    0001 000000000000ace1  0001 00076bf85f801001  0001 0007a8399f400e01  0001 0007e7ba3ef40c01  0001 00044afbeea60a3a  0001 0000000000000000  0001 00050dffde2c083a  0001 0000000000000000  0001 0000000000000000  0000 0000000000000000  0000 0000000000000000  0000 0000000000000000
Frame 0991    0001 000000000000d8b7  0001 00076bcac1961405  0001 0000000000000000  0001 0007c80821b01205  0001 0007e94791c61205  0001 00041dc6a1cc1005  0001 000444c670a6e8bd  0001 000484c68070e8bd  0001 0000000000000000  0000 0000000000000000  0000 0000000000000000  0000 0000000000000000
Frame 0992    0001 0000000000000000  0001 0000000000000000  0001 0000000000000000  0001 0000000000000000  0001 0000000000000000  0001 0000000000000000  0001 0000000000000000  0001 0000000000000000  0001 0000000000000000  0000 0000000000000000  0000 0000000000000000  0000 0000000000000000
Frame 0993    0001 0000000000000000  0001 0000000000000000  0001 0000000000000000  0001 0000000000000000  0001 0000000000000000  0001 0000000000000000  0001 0000000000000000  0001 0000000000000000  0001 0000000000000000  0000 0000000000000000  0000 0000000000000000  0000 0000000000000000
Frame 0994    0001 000000000000e3d8  0001 00076bf89f7a1205  0001 0000000000000000  0001 0007c9f88ed80e04  0001 0007eef85ea40e04  0001 000425389e340c04  0001 00045ef8bdf0b4a7  0001 00049d793d08b4a7  0001 0000000000000000  0000 0000000000000000  0000 0000000000000000  0000 0000000000000000
Frame 0995    0001 000000000000b506  0001 00076bfb50461a04  0001 0007a83d7fcc1804  0001 0000000000000000  0001 000403042f0e1604  0001 00043846ce274e90  0001 000477894e214e90  0001 0000000000000000  0001 0000000000000000  0000 0000000000000000  0000 0000000000000000  0000 0000000000000000
Frame 0996    0001 0000000000000000  0001 0000000000000000  0001 0000000000000000  0001 0000000000000000  0001 0000000000000000  0001 0000000000000000  0001 0000000000000000  0001 0000000000000000  0001 0000000000000000  0000 0000000000000000  0000 0000000000000000  0000 0000000000000000
Frame 0997    0001 000000000000dbcc  0001 00076bc120121408  0001 00077941500c1608  0001 000791409fc41408  0001 0007b37faf821208  0001 0007d8be5f701208  0001 000408bccf161208  0001 0000000000000000  0001 0000000000000000  0000 0000000000000000  0000 0000000000000000  0000 0000000000000000
Frame 0998    0001 0000000000000000  0001 0000000000000000  0001 0000000000000000  0001 0000000000000000  0001 0000000000000000  0001 0000000000000000  0001 0000000000000000  0001 0000000000000000  0001 0000000000000000  0000 0000000000000000  0000 0000000000000000  0000 0000000000000000
Frame 0999    0001 0000000000000000  0001 0000000000000000  0001 0000000000000000  0001 0000000000000000  0001 0000000000000000  0001 0000000000000000  0001 0000000000000000  0001 0000000000000000  0001 0000000000000000  0000 0000000000000000  0000 0000000000000000  0000 0000000000000000
Frame 1000    0001 0000000000000000  0001 0000000000000000  0001 0000000000000000  0001 0000000000000000  0001 0000000000000000  0001 0000000000000000  0001 0000000000000000  0001 0000000000000000  0001 0000000000000000  0000 0000000000000000  0000 0000000000000000  0000 0000000000000000
Frame 1001    0001 000000000000b4bf  0001 00076bf72e301201  0001 0007a83aee4a1001  0001 0007e9febe640e01  0001 0000000000000000  0001 00049047bf1e0c3a  0001 0000000000000000  0001 0000000000000000  0001 0000000000000000  0000 0000000000000000  0000 0000000000000000  0000 0000000000000000
Frame 1002    0001 0000000000000000  0001 0000000000000000  0001 0000000000000000  0001 0000000000000000  0001 0000000000000000  0001 0000000000000000  0001 0000000000000000  0001 0000000000000000  0001 0000000000000000  0000 0000000000000000  0000 0000000000000000  0000 0000000000000000
Frame 1003    0001 0000000000000000  0001 0000000000000000  0001 0000000000000000  0001 0000000000000000  0001 0000000000000000  0001 0000000000000000  0001 0000000000000000  0001 0000000000000000  0001 0000000000000000  0000 0000000000000000  0000 0000000000000000  0000 0000000000000000
Frame 1004    0001 0000000000000000  0001 0000000000000000  0001 0000000000000000  0001 0000000000000000  0001 0000000000000000  0001 0000000000000000  0001 0000000000000000  0001 0000000000000000  0001 0000000000000000  0000 0000000000000000  0000 0000000000000000  0000 0000000000000000
Frame 1005    0001 000000000000b6be  0001 00076bc6f0481201  0001 0007a803504e1001  0001 0007f5ff305a0e01  0001 0000000000000000  0001 000490b6807a0c3a  0001 00050df0305a0a3a  0001 0000000000000000  0001 0000000000000000  0000 0000000000000000  0000 0000000000000000  0000 0000000000000000
Frame 1006    0001 0000000000000000  0001 0000000000000000  0001 0000000000000000  0001 0000000000000000  0001 0000000000000000  0001 0000000000000000  0001 0000000000000000  0001 0000000000000000  0001 0000000000000000  0000 0000000000000000  0000 0000000000000000  0000 0000000000000000
Frame 1007    0001 0000000000000000  0001 0000000000000000  0001 0000000000000000  0001 0000000000000000  0001 0000000000000000  0001 0000000000000000  0001 0000000000000000  0001 0000000000000000  0001 0000000000000000  0000 0000000000000000  0000 0000000000000000  0000 0000000000000000
Frame 1008    0001 0000000000000000  0001 0000000000000000  0001 0000000000000000  0001 0000000000000000  0001 0000000000000000  0001 0000000000000000  0001 0000000000000000  0001 0000000000000000  0001 0000000000000000  0000 0000000000000000  0000 0000000000000000  0000 0000000000000000
Frame 1009    0001 0000000000000000  0001 0000000000000000  0001 0000000000000000  0001 0000000000000000  0001 0000000000000000  0001 0000000000000000  0001 0000000000000000  0001 0000000000000000  0001 0000000000000000  0000 0000000000000000  0000 0000000000000000  0000 0000000000000000
Frame 1010    0001 0000000000000000  0001 0000000000000000  0001 0000000000000000  0001 0000000000000000  0001 0000000000000000  0001 0000000000000000  0001 0000000000000000  0001 0000000000000000  0001 0000000000000000  0000 0000000000000000  0000 0000000000000000  0000 0000000000000000
Frame 1011    0001 0000000000000000  0001 0000000000000000  0001 0000000000000000  0001 0000000000000000  0001 0000000000000000  0001 0000000000000000  0001 0000000000000000  0001 0000000000000000  0001 0000000000000000  0000 0000000000000000  0000 0000000000000000  0000 0000000000000000
Frame 1012    0001 0000000000000000  0001 0000000000000000  0001 0000000000000000  0001 0000000000000000  0001 0000000000000000  0001 0000000000000000  0001 0000000000000000  0001 0000000000000000  0001 0000000000000000  0000 0000000000000000  0000 0000000000000000  0000 0000000000000000
Frame 1013    0001 0000000000000000  0001 0000000000000000  0001 0000000000000000  0001 0000000000000000  0001 0000000000000000  0001 0000000000000000  0001 0000000000000000  0001 0000000000000000  0001 0000000000000000  0000 0000000000000000  0000 0000000000000000  0000 0000000000000000
Frame 1014    0001 0000000000000000  0001 0000000000000000  0001 0000000000000000  0001 0000000000000000  0001 0000000000000000  0001 0000000000000000  0001 0000000000000000  0001 0000000000000000  0001 0000000000000000  0000 0000000000000000  0000 0000000000000000  0000 0000000000000000
Frame 1015    0001 0000000000000000  0001 0000000000000000  0001 0000000000000000  0001 0000000000000000  0001 0000000000000000  0001 0000000000000000  0001 0000000000000000  0001 0000000000000000  0001 0000000000000000  0000 0000000000000000  0000 0000000000000000  0000 0000000000000000
Frame 1016    0001 0000000000008add  0001 00076bf0cf6c0c02  0001 0007a8341f700a02  0001 0007fa38ef7a0802  0001 00044c3d8f3a043a  0001 0004a0825f9a043a  0001 0004fe079f74023a  0001 0000000000000000  0001 0000000000000000  0000 0000000000000000  0000 0000000000000000  0000 0000000000000000
Frame 1017    0001 0000000000000000  0001 0000000000000000  0001 0000000000000000  0001 0000000000000000  0001 0000000000000000  0001 0000000000000000  0001 0000000000000000  0001 0000000000000000  0001 0000000000000000  0000 0000000000000000  0000 0000000000000000  0000 0000000000000000
Frame 1018    0001 0000000000000000  0001 0000000000000000  0001 0000000000000000  0001 0000000000000000  0001 0000000000000000  0001 0000000000000000  0001 0000000000000000  0001 0000000000000000  0001 0000000000000000  0000 0000000000000000  0000 0000000000000000  0000 0000000000000000
Frame 1019    0001 0000000000000000  0001 0000000000000000  0001 0000000000000000  0001 0000000000000000  0001 0000000000000000  0001 0000000000000000  0001 0000000000000000  0001 0000000000000000  0001 0000000000000000  0000 0000000000000000  0000 0000000000000000  0000 0000000000000000
Frame 1020    0001 0000000000000000  0001 0000000000000000  0001 0000000000000000  0001 0000000000000000  0001 0000000000000000  0001 0000000000000000  0001 0000000000000000  0001 0000000000000000  0001 0000000000000000  0000 0000000000000000  0000 0000000000000000  0000 0000000000000000
Frame 1021    0001 0000000000008ff2  0001 0000000000000000  0001 00076d7c7fa60e08  0001 0007843d5f920c08  0001 0007a0feef640c08  0001 0007c400bf360a08  0001 0007ebc26eda0a08  0001 0000000000000000  0001 0000000000000000  0000 0000000000000000  0000 0000000000000000  0000 0000000000000000
Frame 1022    0001 0000000000000000  0001 0000000000000000  0001 0000000000000000  0001 0000000000000000  0001 0000000000000000  0001 0000000000000000  0001 0000000000000000  0001 0000000000000000  0001 0000000000000000  0000 0000000000000000  0000 0000000000000000  0000 0000000000000000
Frame 1023    0001 00000000000097f2  0001 0000000000000000  0001 00076d8ecfa41008  0001 0007840d9f860e08  0001 0007a0caef640e08  0001 0007c68b1fc20c08  0001 0007eb854eee0c08  0001 0000000000000000  0001 0000000000000000  0000 0000000000000000  0000 0000000000000000  0000 0000000000000000
Frame 1024    0001 0000000000000000  0001 0000000000000000  0001 0000000000000000  0001 0000000000000000  0001 0000000000000000  0001 0000000000000000  0001 0000000000000000  0001 0000000000000000  0001 0000000000000000  0000 0000000000000000  0000 0000000000000000  0000 0000000000000000
Frame 1025    0001 0000000000000000  0001 0000000000000000  0001 0000000000000000  0001 0000000000000000  0001 0000000000000000  0001 0000000000000000  0001 0000000000000000  0001 0000000000000000  0001 0000000000000000  0000 0000000000000000  0000 0000000000000000  0000 0000000000000000
Frame 1026    0001 0000000000000000  0001 0000000000000000  0001 0000000000000000  0001 0000000000000000  0001 0000000000000000  0001 0000000000000000  0001 0000000000000000  0001 0000000000000000  0001 0000000000000000  0000 0000000000000000  0000 0000000000000000  0000 0000000000000000
Frame 1027    0001 0000000000000000  0001 0000000000000000  0001 0000000000000000  0001 0000000000000000  0001 0000000000000000  0001 0000000000000000  0001 0000000000000000  0001 0000000000000000  0001 0000000000000000  0000 0000000000000000  0000 0000000000000000  0000 0000000000000000
Frame 1028    0001 0000000000000000  0001 0000000000000000  0001 0000000000000000  0001 0000000000000000  0001 0000000000000000  0001 0000000000000000  0001 0000000000000000  0001 0000000000000000  0001 0000000000000000  0000 0000000000000000  0000 0000000000000000  0000 0000000000000000
Frame 1029    0001 0000000000000000  0001 0000000000000000  0001 0000000000000000  0001 0000000000000000  0001 0000000000000000  0001 0000000000000000  0001 0000000000000000  0001 0000000000000000  0001 0000000000000000  0000 0000000000000000  0000 0000000000000000  0000 0000000000000000
Frame 1030    0001 0000000000000000  0001 0000000000000000  0001 0000000000000000  0001 0000000000000000  0001 0000000000000000  0001 0000000000000000  0001 0000000000000000  0001 0000000000000000  0001 0000000000000000  0000 0000000000000000  0000 0000000000000000  0000 0000000000000000
Frame 1031    0001 0000000000000000  0001 0000000000000000  0001 0000000000000000  0001 0000000000000000  0001 0000000000000000  0001 0000000000000000  0001 0000000000000000  0001 0000000000000000  0001 0000000000000000  0000 0000000000000000  0000 0000000000000000  0000 0000000000000000
Frame 1032    0001 0000000000000000  0001 0000000000000000  0001 0000000000000000  0001 0000000000000000  0001 0000000000000000  0001 0000000000000000  0001 0000000000000000  0001 0000000000000000  0001 0000000000000000  0000 0000000000000000  0000 0000000000000000  0000 0000000000000000
Frame 1033    0001 0000000000000000  0001 0000000000000000  0001 0000000000000000  0001 0000000000000000  0001 0000000000000000  0001 0000000000000000  0001 0000000000000000  0001 0000000000000000  0001 0000000000000000  0000 0000000000000000  0000 0000000000000000  0000 0000000000000000
Frame 1034    0001 0000000000000000  0001 0000000000000000  0001 0000000000000000  0001 0000000000000000  0001 0000000000000000  0001 0000000000000000  0001 0000000000000000  0001 0000000000000000  0001 0000000000000000  0000 0000000000000000  0000 0000000000000000  0000 0000000000000000
Frame 1035    0001 0000000000000000  0001 0000000000000000  0001 0000000000000000  0001 0000000000000000  0001 0000000000000000  0001 0000000000000000  0001 0000000000000000  0001 0000000000000000  0001 0000000000000000  0000 0000000000000000  0000 0000000000000000  0000 0000000000000000
Frame 1036    0001 0000000000000000  0001 0000000000000000  0001 0000000000000000  0001 0000000000000000  0001 0000000000000000  0001 0000000000000000  0001 0000000000000000  0001 0000000000000000  0001 0000000000000000  0000 0000000000000000  0000 0000000000000000  0000 0000000000000000
Frame 1037    0001 0000000000000000  0001 0000000000000000  0001 0000000000000000  0001 0000000000000000  0001 0000000000000000  0001 0000000000000000  0001 0000000000000000  0001 0000000000000000  0001 0000000000000000  0000 0000000000000000  0000 0000000000000000  0000 0000000000000000
Frame 1038    0001 0000000000000000  0001 0000000000000000  0001 0000000000000000  0001 0000000000000000  0001 0000000000000000  0001 0000000000000000  0001 0000000000000000  0001 0000000000000000  0001 0000000000000000  0000 0000000000000000  0000 0000000000000000  0000 0000000000000000
Frame 1039    0001 0000000000000000  0001 0000000000000000  0001 0000000000000000  0001 0000000000000000  0001 0000000000000000  0001 0000000000000000  0001 0000000000000000  0001 0000000000000000  0001 0000000000000000  0000 0000000000000000  0000 0000000000000000  0000 0000000000000000
Frame 1040    0001 0000000000000000  0001 0000000000000000  0001 0000000000000000  0001 0000000000000000  0001 0000000000000000  0001 0000000000000000  0001 0000000000000000  0001 0000000000000000  0001 0000000000000000  0000 0000000000000000  0000 0000000000000000  0000 0000000000000000
Frame 1041    0001 0000000000000000  0001 0000000000000000  0001 0000000000000000  0001 0000000000000000  0001 0000000000000000  0001 0000000000000000  0001 0000000000000000  0001 0000000000000000  0001 0000000000000000  0000 0000000000000000  0000 0000000000000000  0000 0000000000000000
Frame 1042    0001 0000000000000000  0001 0000000000000000  0001 0000000000000000  0001 0000000000000000  0001 0000000000000000  0001 0000000000000000  0001 0000000000000000  0001 0000000000000000  0001 0000000000000000  0000 0000000000000000  0000 0000000000000000  0000 0000000000000000
Frame 1043    0001 0000000000000000  0001 0000000000000000  0001 0000000000000000  0001 0000000000000000  0001 0000000000000000  0001 0000000000000000  0001 0000000000000000  0001 0000000000000000  0001 0000000000000000  0000 0000000000000000  0000 0000000000000000  0000 0000000000000000
Frame 1044    0001 0000000000000000  0001 0000000000000000  0001 0000000000000000  0001 0000000000000000  0001 0000000000000000  0001 0000000000000000  0001 0000000000000000  0001 0000000000000000  0001 0000000000000000  0000 0000000000000000  0000 0000000000000000  0000 0000000000000000
Frame 1045    0001 000000000000ace0  0001 00076a34bfca1001  0001 0007ab3981dc0e01  0001 0007e7ba326a0c01  0001 0000000000000000  0001 000498fbb3c80a3a  0001 000506bda558083a  0001 0000000000000000  0001 0000000000000000  0000 0000000000000000  0000 0000000000000000  0000 0000000000000000
Frame 1046    0001 0000000000000000  0001 0000000000000000  0001 0000000000000000  0001 0000000000000000  0001 0000000000000000  0001 0000000000000000  0001 0000000000000000  0001 0000000000000000  0001 0000000000000000  0000 0000000000000000  0000 0000000000000000  0000 0000000000000000
Frame 1047    0001 0000000000000000  0001 0000000000000000  0001 0000000000000000  0001 0000000000000000  0001 0000000000000000  0001 0000000000000000  0001 0000000000000000  0001 0000000000000000  0001 0000000000000000  0000 0000000000000000  0000 0000000000000000  0000 0000000000000000
Frame 1048    0001 0000000000000000  0001 0000000000000000  0001 0000000000000000  0001 0000000000000000  0001 0000000000000000  0001 0000000000000000  0001 0000000000000000  0001 0000000000000000  0001 0000000000000000  0000 0000000000000000  0000 0000000000000000  0000 0000000000000000
Frame 1049    0001 0000000000000000  0001 0000000000000000  0001 0000000000000000  0001 0000000000000000  0001 0000000000000000  0001 0000000000000000  0001 0000000000000000  0001 0000000000000000  0001 0000000000000000  0000 0000000000000000  0000 0000000000000000  0000 0000000000000000
Frame 1050    0001 0000000000000000  0001 0000000000000000  0001 0000000000000000  0001 0000000000000000  0001 0000000000000000  0001 0000000000000000  0001 0000000000000000  0001 0000000000000000  0001 0000000000000000  0000 0000000000000000  0000 0000000000000000  0000 0000000000000000
Frame 1051    0001 0000000000000000  0001 0000000000000000  0001 0000000000000000  0001 0000000000000000  0001 0000000000000000  0001 0000000000000000  0001 0000000000000000  0001 0000000000000000  0001 0000000000000000  0000 0000000000000000  0000 0000000000000000  0000 0000000000000000
Frame 1052    0001 0000000000000000  0001 0000000000000000  0001 0000000000000000  0001 0000000000000000  0001 0000000000000000  0001 0000000000000000  0001 0000000000000000  0001 0000000000000000  0001 0000000000000000  0000 0000000000000000  0000 0000000000000000  0000 0000000000000000
Frame 1053    0001 0000000000000000  0001 0000000000000000  0001 0000000000000000  0001 0000000000000000  0001 0000000000000000  0001 0000000000000000  0001 0000000000000000  0001 0000000000000000  0001 0000000000000000  0000 0000000000000000  0000 0000000000000000  0000 0000000000000000
Frame 1054    0001 0000000000000000  0001 0000000000000000  0001 0000000000000000  0001 0000000000000000  0001 0000000000000000  0001 0000000000000000  0001 0000000000000000  0001 0000000000000000  0001 0000000000000000  0000 0000000000000000  0000 0000000000000000  0000 0000000000000000
Frame 1055    0001 0000000000000000  0001 0000000000000000  0001 0000000000000000  0001 0000000000000000  0001 0000000000000000  0001 0000000000000000  0001 0000000000000000  0001 0000000000000000  0001 0000000000000000  0000 0000000000000000  0000 0000000000000000  0000 0000000000000000
Frame 1056    0001 0000000000000000  0001 0000000000000000  0001 0000000000000000  0001 0000000000000000  0001 0000000000000000  0001 0000000000000000  0001 0000000000000000  0001 0000000000000000  0001 0000000000000000  0000 0000000000000000  0000 0000000000000000  0000 0000000000000000
Frame 1057    0001 0000000000000000  0001 0000000000000000  0001 0000000000000000  0001 0000000000000000  0001 0000000000000000  0001 0000000000000000  0001 0000000000000000  0001 0000000000000000  0001 0000000000000000  0000 0000000000000000  0000 0000000000000000  0000 0000000000000000
Frame 1058    0001 0000000000000000  0001 0000000000000000  0001 0000000000000000  0001 0000000000000000  0001 0000000000000000  0001 0000000000000000  0001 0000000000000000  0001 0000000000000000  0001 0000000000000000  0000 0000000000000000  0000 0000000000000000  0000 0000000000000000
Frame 1059    0001 0000000000000000  0001 0000000000000000  0001 0000000000000000  0001 0000000000000000  0001 0000000000000000  0001 0000000000000000  0001 0000000000000000  0001 0000000000000000  0001 0000000000000000  0000 0000000000000000  0000 0000000000000000  0000 0000000000000000
Frame 1060    0001 0000000000000000  0001 0000000000000000  0001 0000000000000000  0001 0000000000000000  0001 0000000000000000  0001 0000000000000000  0001 0000000000000000  0001 0000000000000000  0001 0000000000000000  0000 0000000000000000  0000 0000000000000000  0000 0000000000000000
Frame 1061    0001 0000000000000000  0001 0000000000000000  0001 0000000000000000  0001 0000000000000000  0001 0000000000000000  0001 0000000000000000  0001 0000000000000000  0001 0000000000000000  0001 0000000000000000  0000 0000000000000000  0000 0000000000000000  0000 0000000000000000
Frame 1062    0001 0000000000000000  0001 0000000000000000  0001 0000000000000000  0001 0000000000000000  0001 0000000000000000  0001 0000000000000000  0001 0000000000000000  0001 0000000000000000  0001 0000000000000000  0000 0000000000000000  0000 0000000000000000  0000 0000000000000000
Frame 1063    0001 0000000000000000  0001 0000000000000000  0001 0000000000000000  0001 0000000000000000  0001 0000000000000000  0001 0000000000000000  0001 0000000000000000  0001 0000000000000000  0001 0000000000000000  0000 0000000000000000  0000 0000000000000000  0000 0000000000000000
Frame 1064    0001 0000000000000000  0001 0000000000000000  0001 0000000000000000  0001 0000000000000000  0001 0000000000000000  0001 0000000000000000  0001 0000000000000000  0001 0000000000000000  0001 0000000000000000  0000 0000000000000000  0000 0000000000000000  0000 0000000000000000
Frame 1065    0001 0000000000000000  0001 0000000000000000  0001 0000000000000000  0001 0000000000000000  0001 0000000000000000  0001 0000000000000000  0001 0000000000000000  0001 0000000000000000  0001 0000000000000000  0000 0000000000000000  0000 0000000000000000  0000 0000000000000000
Frame 1066    0001 0000000000000000  0001 0000000000000000  0001 0000000000000000  0001 0000000000000000  0001 0000000000000000  0001 0000000000000000  0001 0000000000000000  0001 0000000000000000  0001 0000000000000000  0000 0000000000000000  0000 0000000000000000  0000 0000000000000000
Frame 1067    0001 0000000000000000  0001 0000000000000000  0001 0000000000000000  0001 0000000000000000  0001 0000000000000000  0001 0000000000000000  0001 0000000000000000  0001 0000000000000000  0001 0000000000000000  0000 0000000000000000  0000 0000000000000000  0000 0000000000000000
Frame 1068    0001 0000000000000000  0001 0000000000000000  0001 0000000000000000  0001 0000000000000000  0001 0000000000000000  0001 0000000000000000  0001 0000000000000000  0001 0000000000000000  0001 0000000000000000  0000 0000000000000000  0000 0000000000000000  0000 0000000000000000
Frame 1069    0001 0000000000000000  0001 0000000000000000  0001 0000000000000000  0001 0000000000000000  0001 0000000000000000  0001 0000000000000000  0001 0000000000000000  0001 0000000000000000  0001 0000000000000000  0000 0000000000000000  0000 0000000000000000  0000 0000000000000000
Frame 1070    0001 0000000000000000  0001 0000000000000000  0001 0000000000000000  0001 0000000000000000  0001 0000000000000000  0001 0000000000000000  0001 0000000000000000  0001 0000000000000000  0001 0000000000000000  0000 0000000000000000  0000 0000000000000000  0000 0000000000000000
Frame 1071    0001 0000000000000000  0001 0000000000000000  0001 0000000000000000  0001 0000000000000000  0001 0000000000000000  0001 0000000000000000  0001 0000000000000000  0001 0000000000000000  0001 0000000000000000  0000 0000000000000000  0000 0000000000000000  0000 0000000000000000
Frame 1072    0001 0000000000000000  0001 0000000000000000  0001 0000000000000000  0001 0000000000000000  0001 0000000000000000  0001 0000000000000000  0001 0000000000000000  0001 0000000000000000  0001 0000000000000000  0000 0000000000000000  0000 0000000000000000  0000 0000000000000000
Frame 1073    0001 0000000000000000  0001 0000000000000000  0001 0000000000000000  0001 0000000000000000  0001 0000000000000000  0001 0000000000000000  0001 0000000000000000  0001 0000000000000000  0001 0000000000000000  0000 0000000000000000  0000 0000000000000000  0000 0000000000000000
Frame 1074    0001 0000000000000000  0001 0000000000000000  0001 0000000000000000  0001 0000000000000000  0001 0000000000000000  0001 0000000000000000  0001 0000000000000000  0001 0000000000000000  0001 0000000000000000  0000 0000000000000000  0000 0000000000000000  0000 0000000000000000
Frame 1075    0001 0000000000000000  0001 0000000000000000  0001 0000000000000000  0001 0000000000000000  0001 0000000000000000  0001 0000000000000000  0001 0000000000000000  0001 0000000000000000  0001 0000000000000000  0000 0000000000000000  0000 0000000000000000  0000 0000000000000000
Frame 1076    0001 0000000000000000  0001 0000000000000000  0001 0000000000000000  0001 0000000000000000  0001 0000000000000000  0001 0000000000000000  0001 0000000000000000  0001 0000000000000000  0001 0000000000000000  0000 0000000000000000  0000 0000000000000000  0000 0000000000000000
Frame 1077    0001 0000000000000000  0001 0000000000000000  0001 0000000000000000  0001 0000000000000000  0001 0000000000000000  0001 0000000000000000  0001 0000000000000000  0001 0000000000000000  0001 0000000000000000  0000 0000000000000000  0000 0000000000000000  0000 0000000000000000
Frame 1078    0001 0000000000000000  0001 0000000000000000  0001 0000000000000000  0001 0000000000000000  0001 0000000000000000  0001 0000000000000000  0001 0000000000000000  0001 0000000000000000  0001 0000000000000000  0000 0000000000000000  0000 0000000000000000  0000 0000000000000000
Frame 1079    0001 0000000000000000  0001 0000000000000000  0001 0000000000000000  0001 0000000000000000  0001 0000000000000000  0001 0000000000000000  0001 0000000000000000  0001 0000000000000000  0001 0000000000000000  0000 0000000000000000  0000 0000000000000000  0000 0000000000000000
Frame 1080    0001 0000000000000000  0001 0000000000000000  0001 0000000000000000  0001 0000000000000000  0001 0000000000000000  0001 0000000000000000  0001 0000000000000000  0001 0000000000000000  0001 0000000000000000  0000 0000000000000000  0000 0000000000000000  0000 0000000000000000
Frame 1081    0001 0000000000000000  0001 0000000000000000  0001 0000000000000000  0001 0000000000000000  0001 0000000000000000  0001 0000000000000000  0001 0000000000000000  0001 0000000000000000  0001 0000000000000000  0000 0000000000000000  0000 0000000000000000  0000 0000000000000000
Frame 1082    0001 0000000000000000  0001 0000000000000000  0001 0000000000000000  0001 0000000000000000  0001 0000000000000000  0001 0000000000000000  0001 0000000000000000  0001 0000000000000000  0001 0000000000000000  0000 0000000000000000  0000 0000000000000000  0000 0000000000000000
Frame 1083    0001 0000000000000000  0001 0000000000000000  0001 0000000000000000  0001 0000000000000000  0001 0000000000000000  0001 0000000000000000  0001 0000000000000000  0001 0000000000000000  0001 0000000000000000  0000 0000000000000000  0000 0000000000000000  0000 0000000000000000
Frame 1084    0001 0000000000000000  0001 0000000000000000  0001 0000000000000000  0001 0000000000000000  0001 0000000000000000  0001 0000000000000000  0001 0000000000000000  0001 0000000000000000  0001 0000000000000000  0000 0000000000000000  0000 0000000000000000  0000 0000000000000000
Frame 1085    0001 0000000000000000  0001 0000000000000000  0001 0000000000000000  0001 0000000000000000  0001 0000000000000000  0001 0000000000000000  0001 0000000000000000  0001 0000000000000000  0001 0000000000000000  0000 0000000000000000  0000 0000000000000000  0000 0000000000000000
Frame 1086    0001 0000000000000000  0001 0000000000000000  0001 0000000000000000  0001 0000000000000000  0001 0000000000000000  0001 0000000000000000  0001 0000000000000000  0001 0000000000000000  0001 0000000000000000  0000 0000000000000000  0000 0000000000000000  0000 0000000000000000
Frame 1087    0001 0000000000000000  0001 0000000000000000  0001 0000000000000000  0001 0000000000000000  0001 0000000000000000  0001 0000000000000000  0001 0000000000000000  0001 0000000000000000  0001 0000000000000000  0000 0000000000000000  0000 0000000000000000  0000 0000000000000000
Frame 1088    0001 0000000000000000  0001 0000000000000000  0001 0000000000000000  0001 0000000000000000  0001 0000000000000000  0001 0000000000000000  0001 0000000000000000  0001 0000000000000000  0001 0000000000000000  0000 0000000000000000  0000 0000000000000000  0000 0000000000000000
Frame 1089    0001 0000000000000000  0001 0000000000000000  0001 0000000000000000  0001 0000000000000000  0001 0000000000000000  0001 0000000000000000  0001 0000000000000000  0001 0000000000000000  0001 0000000000000000  0000 0000000000000000  0000 0000000000000000  0000 0000000000000000
Frame 1090    0001 0000000000000000  0001 0000000000000000  0001 0000000000000000  0001 0000000000000000  0001 0000000000000000  0001 0000000000000000  0001 0000000000000000  0001 0000000000000000  0001 0000000000000000  0000 0000000000000000  0000 0000000000000000  0000 0000000000000000
Frame 1091    0001 0000000000000000  0001 0000000000000000  0001 0000000000000000  0001 0000000000000000  0001 0000000000000000  0001 0000000000000000  0001 0000000000000000  0001 0000000000000000  0001 0000000000000000  0000 0000000000000000  0000 0000000000000000  0000 0000000000000000
Frame 1092    0001 0000000000000000  0001 0000000000000000  0001 0000000000000000  0001 0000000000000000  0001 0000000000000000  0001 0000000000000000  0001 0000000000000000  0001 0000000000000000  0001 0000000000000000  0000 0000000000000000  0000 0000000000000000  0000 0000000000000000
Frame 1093    0001 0000000000000000  0001 0000000000000000  0001 0000000000000000  0001 0000000000000000  0001 0000000000000000  0001 0000000000000000  0001 0000000000000000  0001 0000000000000000  0001 0000000000000000  0000 0000000000000000  0000 0000000000000000  0000 0000000000000000
Frame 1094    0001 0000000000000000  0001 0000000000000000  0001 0000000000000000  0001 0000000000000000  0001 0000000000000000  0001 0000000000000000  0001 0000000000000000  0001 0000000000000000  0001 0000000000000000  0000 0000000000000000  0000 0000000000000000  0000 0000000000000000
Frame 1095    0001 0000000000000000  0001 0000000000000000  0001 0000000000000000  0001 0000000000000000  0001 0000000000000000  0001 0000000000000000  0001 0000000000000000  0001 0000000000000000  0001 0000000000000000  0000 0000000000000000  0000 0000000000000000  0000 0000000000000000
Frame 1096    0001 0000000000000000  0001 0000000000000000  0001 0000000000000000  0001 0000000000000000  0001 0000000000000000  0001 0000000000000000  0001 0000000000000000  0001 0000000000000000  0001 0000000000000000  0000 0000000000000000  0000 0000000000000000  0000 0000000000000000
Frame 1097    0001 0000000000000000  0001 0000000000000000  0001 0000000000000000  0001 0000000000000000  0001 0000000000000000  0001 0000000000000000  0001 0000000000000000  0001 0000000000000000  0001 0000000000000000  0000 0000000000000000  0000 0000000000000000  0000 0000000000000000
Frame 1098    0001 0000000000000000  0001 0000000000000000  0001 0000000000000000  0001 0000000000000000  0001 0000000000000000  0001 0000000000000000  0001 0000000000000000  0001 0000000000000000  0001 0000000000000000  0000 0000000000000000  0000 0000000000000000  0000 0000000000000000
Frame 1099    0001 0000000000000000  0001 0000000000000000  0001 0000000000000000  0001 0000000000000000  0001 0000000000000000  0001 0000000000000000  0001 0000000000000000  0001 0000000000000000  0001 0000000000000000  0000 0000000000000000  0000 0000000000000000  0000 0000000000000000
Frame 1100    0001 0000000000000000  0001 0000000000000000  0001 0000000000000000  0001 0000000000000000  0001 0000000000000000  0001 0000000000000000  0001 0000000000000000  0001 0000000000000000  0001 0000000000000000  0000 0000000000000000  0000 0000000000000000  0000 0000000000000000
Frame 1101    0001 0000000000000000  0001 0000000000000000  0001 0000000000000000  0001 0000000000000000  0001 0000000000000000  0001 0000000000000000  0001 0000000000000000  0001 0000000000000000  0001 0000000000000000  0000 0000000000000000  0000 0000000000000000  0000 0000000000000000
Frame 1102    0001 0000000000000000  0001 0000000000000000  0001 0000000000000000  0001 0000000000000000  0001 0000000000000000  0001 0000000000000000  0001 0000000000000000  0001 0000000000000000  0001 0000000000000000  0000 0000000000000000  0000 0000000000000000  0000 0000000000000000
Frame 1103    0001 0000000000000000  0001 0000000000000000  0001 0000000000000000  0001 0000000000000000  0001 0000000000000000  0001 0000000000000000  0001 0000000000000000  0001 0000000000000000  0001 0000000000000000  0000 0000000000000000  0000 0000000000000000  0000 0000000000000000
Frame 1104    0001 0000000000000000  0001 0000000000000000  0001 0000000000000000  0001 0000000000000000  0001 0000000000000000  0001 0000000000000000  0001 0000000000000000  0001 0000000000000000  0001 0000000000000000  0000 0000000000000000  0000 0000000000000000  0000 0000000000000000
Frame 1105    0001 0000000000000000  0001 0000000000000000  0001 0000000000000000  0001 0000000000000000  0001 0000000000000000  0001 0000000000000000  0001 0000000000000000  0001 0000000000000000  0001 0000000000000000  0000 0000000000000000  0000 0000000000000000  0000 0000000000000000
Frame 1106    0001 0000000000000000  0001 0000000000000000  0001 0000000000000000  0001 0000000000000000  0001 0000000000000000  0001 0000000000000000  0001 0000000000000000  0001 0000000000000000  0001 0000000000000000  0000 0000000000000000  0000 0000000000000000  0000 0000000000000000
Frame 1107    0001 0000000000000000  0001 0000000000000000  0001 0000000000000000  0001 0000000000000000  0001 0000000000000000  0001 0000000000000000  0001 0000000000000000  0001 0000000000000000  0001 0000000000000000  0000 0000000000000000  0000 0000000000000000  0000 0000000000000000
Frame 1108    0001 0000000000000000  0001 0000000000000000  0001 0000000000000000  0001 0000000000000000  0001 0000000000000000  0001 0000000000000000  0001 0000000000000000  0001 0000000000000000  0001 0000000000000000  0000 0000000000000000  0000 0000000000000000  0000 0000000000000000
Frame 1109    0001 0000000000000000  0001 0000000000000000  0001 0000000000000000  0001 0000000000000000  0001 0000000000000000  0001 0000000000000000  0001 0000000000000000  0001 0000000000000000  0001 0000000000000000  0000 0000000000000000  0000 0000000000000000  0000 0000000000000000
Frame 1110    0001 0000000000000000  0001 0000000000000000  0001 0000000000000000  0001 0000000000000000  0001 0000000000000000  0001 0000000000000000  0001 0000000000000000  0001 0000000000000000  0001 0000000000000000  0000 0000000000000000  0000 0000000000000000  0000 0000000000000000
Frame 1111    0001 0000000000000000  0001 0000000000000000  0001 0000000000000000  0001 0000000000000000  0001 0000000000000000  0001 0000000000000000  0001 0000000000000000  0001 0000000000000000  0001 0000000000000000  0000 0000000000000000  0000 0000000000000000  0000 0000000000000000
Frame 1112    0001 0000000000000000  0001 0000000000000000  0001 0000000000000000  0001 0000000000000000  0001 0000000000000000  0001 0000000000000000  0001 0000000000000000  0001 0000000000000000  0001 0000000000000000  0000 0000000000000000  0000 0000000000000000  0000 0000000000000000
Frame 1113    0001 0000000000000000  0001 0000000000000000  0001 0000000000000000  0001 0000000000000000  0001 0000000000000000  0001 0000000000000000  0001 0000000000000000  0001 0000000000000000  0001 0000000000000000  0000 0000000000000000  0000 0000000000000000  0000 0000000000000000
Frame 1114    0001 0000000000000000  0001 0000000000000000  0001 0000000000000000  0001 0000000000000000  0001 0000000000000000  0001 0000000000000000  0001 0000000000000000  0001 0000000000000000  0001 0000000000000000  0000 0000000000000000  0000 0000000000000000  0000 0000000000000000
Frame 1115    0001 0000000000000000  0001 0000000000000000  0001 0000000000000000  0001 0000000000000000  0001 0000000000000000  0001 0000000000000000  0001 0000000000000000  0001 0000000000000000  0001 0000000000000000  0000 0000000000000000  0000 0000000000000000  0000 0000000000000000
Frame 1116    0001 0000000000000000  0001 0000000000000000  0001 0000000000000000  0001 0000000000000000  0001 0000000000000000  0001 0000000000000000  0001 0000000000000000  0001 0000000000000000  0001 0000000000000000  0000 0000000000000000  0000 0000000000000000  0000 0000000000000000
Frame 1117    0001 0000000000000000  0001 0000000000000000  0001 0000000000000000  0001 0000000000000000  0001 0000000000000000  0001 0000000000000000  0001 0000000000000000  0001 0000000000000000  0001 0000000000000000  0000 0000000000000000  0000 0000000000000000  0000 0000000000000000
Frame 1118    0001 0000000000000000  0001 0000000000000000  0001 0000000000000000  0001 0000000000000000  0001 0000000000000000  0001 0000000000000000  0001 0000000000000000  0001 0000000000000000  0001 0000000000000000  0000 0000000000000000  0000 0000000000000000  0000 0000000000000000
Frame 1119    0001 0000000000000000  0001 0000000000000000  0001 0000000000000000  0001 0000000000000000  0001 0000000000000000  0001 0000000000000000  0001 0000000000000000  0001 0000000000000000  0001 0000000000000000  0000 0000000000000000  0000 0000000000000000  0000 0000000000000000
Frame 1120    0001 0000000000000000  0001 0000000000000000  0001 0000000000000000  0001 0000000000000000  0001 0000000000000000  0001 0000000000000000  0001 0000000000000000  0001 0000000000000000  0001 0000000000000000  0000 0000000000000000  0000 0000000000000000  0000 0000000000000000
Frame 1121    0001 0000000000000000  0001 0000000000000000  0001 0000000000000000  0001 0000000000000000  0001 0000000000000000  0001 0000000000000000  0001 0000000000000000  0001 0000000000000000  0001 0000000000000000  0000 0000000000000000  0000 0000000000000000  0000 0000000000000000
Frame 1122    0001 0000000000000000  0001 0000000000000000  0001 0000000000000000  0001 0000000000000000  0001 0000000000000000  0001 0000000000000000  0001 0000000000000000  0001 0000000000000000  0001 0000000000000000  0000 0000000000000000  0000 0000000000000000  0000 0000000000000000
Frame 1123    0001 0000000000000000  0001 0000000000000000  0001 0000000000000000  0001 0000000000000000  0001 0000000000000000  0001 0000000000000000  0001 0000000000000000  0001 0000000000000000  0001 0000000000000000  0000 0000000000000000  0000 0000000000000000  0000 0000000000000000
Frame 1124    0001 0000000000000000  0001 0000000000000000  0001 0000000000000000  0001 0000000000000000  0001 0000000000000000  0001 0000000000000000  0001 0000000000000000  0001 0000000000000000  0001 0000000000000000  0000 0000000000000000  0000 0000000000000000  0000 0000000000000000
Frame 1125    0001 0000000000000000  0001 0000000000000000  0001 0000000000000000  0001 0000000000000000  0001 0000000000000000  0001 0000000000000000  0001 0000000000000000  0001 0000000000000000  0001 0000000000000000  0000 0000000000000000  0000 0000000000000000  0000 0000000000000000
Frame 1126    0001 0000000000000000  0001 0000000000000000  0001 0000000000000000  0001 0000000000000000  0001 0000000000000000  0001 0000000000000000  0001 0000000000000000  0001 0000000000000000  0001 0000000000000000  0000 0000000000000000  0000 0000000000000000  0000 0000000000000000
Frame 1127    0001 0000000000000000  0001 0000000000000000  0001 0000000000000000  0001 0000000000000000  0001 0000000000000000  0001 0000000000000000  0001 0000000000000000  0001 0000000000000000  0001 0000000000000000  0000 0000000000000000  0000 0000000000000000  0000 0000000000000000
Frame 1128    0001 0000000000000000  0001 0000000000000000  0001 0000000000000000  0001 0000000000000000  0001 0000000000000000  0001 0000000000000000  0001 0000000000000000  0001 0000000000000000  0001 0000000000000000  0000 0000000000000000  0000 0000000000000000  0000 0000000000000000
Frame 1129    0001 0000000000000000  0001 0000000000000000  0001 0000000000000000  0001 0000000000000000  0001 0000000000000000  0001 0000000000000000  0001 0000000000000000  0001 0000000000000000  0001 0000000000000000  0000 0000000000000000  0000 0000000000000000  0000 0000000000000000
Frame 1130    0001 0000000000000000  0001 0000000000000000  0001 0000000000000000  0001 0000000000000000  0001 0000000000000000  0001 0000000000000000  0001 0000000000000000  0001 0000000000000000  0001 0000000000000000  0000 0000000000000000  0000 0000000000000000  0000 0000000000000000
Frame 1131    0001 0000000000000000  0001 0000000000000000  0001 0000000000000000  0001 0000000000000000  0001 0000000000000000  0001 0000000000000000  0001 0000000000000000  0001 0000000000000000  0001 0000000000000000  0000 0000000000000000  0000 0000000000000000  0000 0000000000000000
Frame 1132    0001 0000000000000000  0001 0000000000000000  0001 0000000000000000  0001 0000000000000000  0001 0000000000000000  0001 0000000000000000  0001 0000000000000000  0001 0000000000000000  0001 0000000000000000  0000 0000000000000000  0000 0000000000000000  0000 0000000000000000
Frame 1133    0001 0000000000000000  0001 0000000000000000  0001 0000000000000000  0001 0000000000000000  0001 0000000000000000  0001 0000000000000000  0001 0000000000000000  0001 0000000000000000  0001 0000000000000000  0000 0000000000000000  0000 0000000000000000  0000 0000000000000000
Frame 1134    0000 0000000000000000  0000 0000000000000000  0000 0000000000000000  0000 0000000000000000  0000 0000000000000000  0000 0000000000000000  0000 0000000000000000  0000 0000000000000000  0000 0000000000000000  0000 0000000000000000  0000 0000000000000000  0000 0000000000000000
Frame 1135    0000 0000000000000000  0000 0000000000000000  0000 0000000000000000  0000 0000000000000000  0000 0000000000000000  0000 0000000000000000  0000 0000000000000000  0000 0000000000000000  0000 0000000000000000  0000 0000000000000000  0000 0000000000000000  0000 0000000000000000
Frame 1136    0000 0000000000000000  0000 0000000000000000  0000 0000000000000000  0000 0000000000000000  0000 0000000000000000  0000 0000000000000000  0000 0000000000000000  0000 0000000000000000  0000 0000000000000000  0000 0000000000000000  0000 0000000000000000  0000 0000000000000000
Frame 1137    0000 0000000000000000  0000 0000000000000000  0000 0000000000000000  0000 0000000000000000  0000 0000000000000000  0000 0000000000000000  0000 0000000000000000  0000 0000000000000000  0000 0000000000000000  0000 0000000000000000  0000 0000000000000000  0000 0000000000000000
Frame 1138    0000 0000000000000000  0000 0000000000000000  0000 0000000000000000  0000 0000000000000000  0000 0000000000000000  0000 0000000000000000  0000 0000000000000000  0000 0000000000000000  0000 0000000000000000  0000 0000000000000000  0000 0000000000000000  0000 0000000000000000
Frame 1139    0000 0000000000000000  0000 0000000000000000  0000 0000000000000000  0000 0000000000000000  0000 0000000000000000  0000 0000000000000000  0000 0000000000000000  0000 0000000000000000  0000 0000000000000000  0000 0000000000000000  0000 0000000000000000  0000 0000000000000000
Frame 1140    0001 000000000000b420  0001 00076bca70cc1201  0001 0007a806d0481001  0001 0007e982efc40e01  0001 00043c7daf420c3a  0001 000491f8deb20c3a  0001 0000000000000000  0001 0000000000000000  0001 0000000000000000  0000 0000000000000000  0000 0000000000000000  0000 0000000000000000
Frame 1141    0001 000000000000b005  0001 0000000000000000  0001 0007a83d2fe01804  0001 0007f27c2fb01604  0001 000430bc8f981403  0001 000468fd2f4b4e7a  0001 0004b8fd9e854e7a  0001 0000000000000000  0001 0000000000000000  0000 0000000000000000  0000 0000000000000000  0000 0000000000000000
Frame 1142    0001 0000000000000000  0001 0000000000000000  0001 0000000000000000  0001 0000000000000000  0001 0000000000000000  0001 0000000000000000  0001 0000000000000000  0001 0000000000000000  0001 0000000000000000  0000 0000000000000000  0000 0000000000000000  0000 0000000000000000
Frame 1143    0001 0000000000000000  0001 0000000000000000  0001 0000000000000000  0001 0000000000000000  0001 0000000000000000  0001 0000000000000000  0001 0000000000000000  0001 0000000000000000  0001 0000000000000000  0000 0000000000000000  0000 0000000000000000  0000 0000000000000000
Frame 1144    0001 000000000000b698  0001 00076bf34f701a05  0001 0000000000000000  0001 0007cab91eee1604  0001 0007f03bbed81604  0001 0000000000000000  0001 00045ec04e3b4ea7  0001 00049d418d714ea7  0001 0000000000000000  0000 0000000000000000  0000 0000000000000000  0000 0000000000000000
Frame 1145    0001 0000000000009e41  0001 00076bc16f040e01  0001 0007a8036eb40c01  0001 0007f2c46e660a01  0001 00044c853dc4083a  0001 0000000000000000  0001 0000000000000000  0001 0000000000000000  0001 0000000000000000  0000 0000000000000000  0000 0000000000000000  0000 0000000000000000
Frame 1146    0001 0000000000009661  0001 00076bf81f2a0c01  0001 0007a83b7ef40a01  0001 0007f2fefeb00801  0001 00044b034ea2063a  0001 00049046ae38063a  0001 0004ff8bcda6043a  0001 0000000000000000  0001 0000000000000000  0000 0000000000000000  0000 0000000000000000  0000 0000000000000000
Frame 1147    0001 000000000000b145  0001 00076f0a102a1a04  0001 0007a80790481804  0001 0007f245f0641604  0001 000421c580841403  0001 00045103d0974e7a  0001 00049d4210174e7a  0001 0004dcc1e1db4e7a  0001 0000000000000000  0000 0000000000000000  0000 0000000000000000  0000 0000000000000000
Frame 1148    0001 0000000000009e81  0001 00076bf1af960e01  0001 0007a8346f560c01  0001 0007f2f76f0e0a01  0001 0000000000000000  0001 0004907c2e22083a  0001 00050e3fae22063a  0001 0000000000000000  0001 0000000000000000  0000 0000000000000000  0000 0000000000000000  0000 0000000000000000
Frame 1149    0001 000000000000ed60  0001 00076bf490960c01  0001 0007a836c1140a01  0001 0007f5f971bc0801  0001 00043d3bf20a063a  0001 0004907f233c063a  0001 0004ff834450043a  0001 0000000000000000  0001 0000000000000000  0000 0000000000000000  0000 0000000000000000  0000 0000000000000000
Frame 1150    0001 000000000000b1a5  0001 00077881cf361a04  0001 0007a83fdf0a1804  0001 0007f27d6ed61604  0001 0004387a3e2f4e7a  0001 00048176dd994e7a  0001 0004b8f40e894e7a  0001 0000000000000000  0001 0000000000000000  0000 0000000000000000  0000 0000000000000000  0000 0000000000000000
Frame 1151    0001 0000000000000000  0001 0000000000000000  0001 0000000000000000  0001 0000000000000000  0001 0000000000000000  0001 0000000000000000  0001 0000000000000000  0001 0000000000000000  0001 0000000000000000  0000 0000000000000000  0000 0000000000000000  0000 0000000000000000
Frame 1152    0001 000000000000a87f  0001 00076bc2d0541001  0001 0007a83f907c0e01  0001 0007e73bb0a80c01  0001 00044af5f1280a3a  0001 00049231e0d20a3a  0001 00050eeb21a8083a  0001 0000000000000000  0001 0000000000000000  0000 0000000000000000  0000 0000000000000000  0000 0000000000000000
Frame 1153    0001 000000000000cb23  0001 0007714260801a02  0001 0007a80400f81802  0001 0007f24721901602  0001 00043c4a32120c3a  0001 0000000000000000  0001 0000000000000000  0001 000489ce234b4e4d  0001 0004dcd1e3714e4d  0000 0000000000000000  0000 0000000000000000  0000 0000000000000000
Frame 1154    0001 000000000000dedd  0001 00076bfb40661402  0001 0007a83aa0101202  0001 0007fc37efa61002  0001 00044c759f3c083a  0001 0004a1328ec4083a  0001 0000000000000000  0001 0000000000000000  0001 0000000000000000  0000 0000000000000000  0000 0000000000000000  0000 0000000000000000
Frame 1155    0001 0000000000000000  0001 0000000000000000  0001 0000000000000000  0001 0000000000000000  0001 0000000000000000  0001 0000000000000000  0001 0000000000000000  0001 0000000000000000  0001 0000000000000000  0000 0000000000000000  0000 0000000000000000  0000 0000000000000000
Frame 1156    0001 000000000000b6f4  0001 00076bf26f2e1a07  0001 00078173af581a07  0001 00079b73dfa81807  0001 0007c2f14fe81607  0001 0000000000000000  0001 0000000000000000  0001 0000000000000000  0001 0000000000000000  0000 0000000000000000  0000 0000000000000000  0000 0000000000000000
Frame 1157    0001 0000000000000000  0001 0000000000000000  0001 0000000000000000  0001 0000000000000000  0001 0000000000000000  0001 0000000000000000  0001 0000000000000000  0001 0000000000000000  0001 0000000000000000  0000 0000000000000000  0000 0000000000000000  0000 0000000000000000
Frame 1158    0001 000000000000cfe6  0001 00076bc6e0541a04  0001 0007a80390b01804  0001 0000000000000000  0001 0007e6ffa1141604  0001 000414fc81601404  0001 000444f922334e90  0001 000484f4e3114e90  0001 0000000000000000  0000 0000000000000000  0000 0000000000000000  0000 0000000000000000
Frame 1159    0001 0000000000000000  0001 0000000000000000  0001 0000000000000000  0001 0000000000000000  0001 0000000000000000  0001 0000000000000000  0001 0000000000000000  0001 0000000000000000  0001 0000000000000000  0000 0000000000000000  0000 0000000000000000  0000 0000000000000000
Frame 1160    0001 0000000000000000  0001 0000000000000000  0001 0000000000000000  0001 0000000000000000  0001 0000000000000000  0001 0000000000000000  0001 0000000000000000  0001 0000000000000000  0001 0000000000000000  0000 0000000000000000  0000 0000000000000000  0000 0000000000000000
Frame 1161    0001 0000000000000000  0001 0000000000000000  0001 0000000000000000  0001 0000000000000000  0001 0000000000000000  0001 0000000000000000  0001 0000000000000000  0001 0000000000000000  0001 0000000000000000  0000 0000000000000000  0000 0000000000000000  0000 0000000000000000
Frame 1162    0001 000000000000d634  0001 00076bc330501607  0001 000785c2900a1607  0001 00079c801fde1607  0001 0000000000000000  0001 0000000000000000  0001 000418017f4a1207  0001 0000000000000000  0001 0000000000000000  0000 0000000000000000  0000 0000000000000000  0000 0000000000000000
Frame 1163    0001 000000000000d8be  0001 00076bc7b0da0e01  0001 0007a807b1340c01  0001 0007ea47419c0a01  0001 00044b079294083a  0001 0004a1475290083a  0001 0000000000000000  0001 0000000000000000  0001 0000000000000000  0000 0000000000000000  0000 0000000000000000  0000 0000000000000000
Frame 1164    0001 0000000000000000  0001 0000000000000000  0001 0000000000000000  0001 0000000000000000  0001 0000000000000000  0001 0000000000000000  0001 0000000000000000  0001 0000000000000000  0001 0000000000000000  0000 0000000000000000  0000 0000000000000000  0000 0000000000000000
Frame 1165    0001 0000000000000000  0001 0000000000000000  0001 0000000000000000  0001 0000000000000000  0001 0000000000000000  0001 0000000000000000  0001 0000000000000000  0001 0000000000000000  0001 0000000000000000  0000 0000000000000000  0000 0000000000000000  0000 0000000000000000
Frame 1166    0001 000000000000b129  0001 00076bc380c61a06  0001 0000000000000000  0001 0007a203f05c1806  0001 0007c18460081606  0001 0007f3c55f9e1606  0001 00042c45fdcf4ed3  0001 00045ec71f754ed3  0001 0000000000000000  0000 0000000000000000  0000 0000000000000000  0000 0000000000000000
Frame 1167    0001 000000000000ab97  0001 00076bfab1941605  0001 0000000000000000  0001 0007c8fa31cc1405  0001 0007ec7a41f41405  0001 0000000000000000  0001 00045ef913351abd  0001 00049d77f3371abd  0001 0000000000000000  0000 0000000000000000  0000 0000000000000000  0000 0000000000000000
Frame 1168    0001 000000000000cb0a  0001 00076bfe4eba1a06  0001 00079c3fcec01806  0001 0007b7818ebc1606  0001 0007dc835ee01606  0001 000408860eee1606  0001 000444c95ddb4ee9  0001 0000000000000000  0001 0000000000000000  0000 0000000000000000  0000 0000000000000000  0000 0000000000000000
Frame 1169    0001 0000000000000000  0001 0000000000000000  0001 0000000000000000  0001 0000000000000000  0001 0000000000000000  0001 0000000000000000  0001 0000000000000000  0001 0000000000000000  0001 0000000000000000  0000 0000000000000000  0000 0000000000000000  0000 0000000000000000
Frame 1170    0001 0000000000000000  0001 0000000000000000  0001 0000000000000000  0001 0000000000000000  0001 0000000000000000  0001 0000000000000000  0001 0000000000000000  0001 0000000000000000  0001 0000000000000000  0000 0000000000000000  0000 0000000000000000  0000 0000000000000000
Frame 1171    0001 000000000000b615  0001 0000000000000000  0001 0007960000621806  0001 0007b67f70c01606  0001 0007dd40014e1606  0001 00040bff61c41606  0001 000444fe722f4ee9  0001 0000000000000000  0001 0000000000000000  0000 0000000000000000  0000 0000000000000000  0000 0000000000000000
Frame 1172    0001 0000000000000000  0001 0000000000000000  0001 0000000000000000  0001 0000000000000000  0001 0000000000000000  0001 0000000000000000  0001 0000000000000000  0001 0000000000000000  0001 0000000000000000  0000 0000000000000000  0000 0000000000000000  0000 0000000000000000
Frame 1173    0001 0000000000000000  0001 0000000000000000  0001 0000000000000000  0001 0000000000000000  0001 0000000000000000  0001 0000000000000000  0001 0000000000000000  0001 0000000000000000  0001 0000000000000000  0000 0000000000000000  0000 0000000000000000  0000 0000000000000000
Frame 1174    0001 000000000000ce14  0001 000777c2303e1a07  0001 000785c360121807  0001 00079f03bfc41807  0001 0007c0431f881607  0001 0007e380cf361607  0001 0000000000000000  0001 0000000000000000  0001 0000000000000000  0000 0000000000000000  0000 0000000000000000  0000 0000000000000000
Frame 1175    0001 000000000000d282  0001 00076bc7e0aa1602  0001 0007a80420781402  0001 0007fe7c903c1202  0001 00043c772fbc0a3a  0001 0004906fef760a3a  0001 0000000000000000  0001 0000000000000000  0001 0000000000000000  0000 0000000000000000  0000 0000000000000000  0000 0000000000000000
Frame 1176    0001 0000000000000000  0001 0000000000000000  0001 0000000000000000  0001 0000000000000000  0001 0000000000000000  0001 0000000000000000  0001 0000000000000000  0001 0000000000000000  0001 0000000000000000  0000 0000000000000000  0000 0000000000000000  0000 0000000000000000
Frame 1177    0001 0000000000000000  0001 0000000000000000  0001 0000000000000000  0001 0000000000000000  0001 0000000000000000  0001 0000000000000000  0001 0000000000000000  0001 0000000000000000  0001 0000000000000000  0000 0000000000000000  0000 0000000000000000  0000 0000000000000000
Frame 1178    0001 0000000000000000  0001 0000000000000000  0001 0000000000000000  0001 0000000000000000  0001 0000000000000000  0001 0000000000000000  0001 0000000000000000  0001 0000000000000000  0001 0000000000000000  0000 0000000000000000  0000 0000000000000000  0000 0000000000000000
Frame 1179    0001 0000000000000000  0001 0000000000000000  0001 0000000000000000  0001 0000000000000000  0001 0000000000000000  0001 0000000000000000  0001 0000000000000000  0001 0000000000000000  0001 0000000000000000  0000 0000000000000000  0000 0000000000000000  0000 0000000000000000
Frame 1180    0001 0000000000000000  0001 0000000000000000  0001 0000000000000000  0001 0000000000000000  0001 0000000000000000  0001 0000000000000000  0001 0000000000000000  0001 0000000000000000  0001 0000000000000000  0000 0000000000000000  0000 0000000000000000  0000 0000000000000000
Frame 1181    0001 0000000000000000  0001 0000000000000000  0001 0000000000000000  0001 0000000000000000  0001 0000000000000000  0001 0000000000000000  0001 0000000000000000  0001 0000000000000000  0001 0000000000000000  0000 0000000000000000  0000 0000000000000000  0000 0000000000000000
Frame 1182    0001 0000000000000000  0001 0000000000000000  0001 0000000000000000  0001 0000000000000000  0001 0000000000000000  0001 0000000000000000  0001 0000000000000000  0001 0000000000000000  0001 0000000000000000  0000 0000000000000000  0000 0000000000000000  0000 0000000000000000
Frame 1183    0001 0000000000000000  0001 0000000000000000  0001 0000000000000000  0001 0000000000000000  0001 0000000000000000  0001 0000000000000000  0001 0000000000000000  0001 0000000000000000  0001 0000000000000000  0000 0000000000000000  0000 0000000000000000  0000 0000000000000000
Frame 1184    0001 0000000000000000  0001 0000000000000000  0001 0000000000000000  0001 0000000000000000  0001 0000000000000000  0001 0000000000000000  0001 0000000000000000  0001 0000000000000000  0001 0000000000000000  0000 0000000000000000  0000 0000000000000000  0000 0000000000000000
Frame 1185    0001 0000000000000000  0001 0000000000000000  0001 0000000000000000  0001 0000000000000000  0001 0000000000000000  0001 0000000000000000  0001 0000000000000000  0001 0000000000000000  0001 0000000000000000  0000 0000000000000000  0000 0000000000000000  0000 0000000000000000
Frame 1186    0001 0000000000000000  0001 0000000000000000  0001 0000000000000000  0001 0000000000000000  0001 0000000000000000  0001 0000000000000000  0001 0000000000000000  0001 0000000000000000  0001 0000000000000000  0000 0000000000000000  0000 0000000000000000  0000 0000000000000000
Frame 1187    0001 0000000000000000  0001 0000000000000000  0001 0000000000000000  0001 0000000000000000  0001 0000000000000000  0001 0000000000000000  0001 0000000000000000  0001 0000000000000000  0001 0000000000000000  0000 0000000000000000  0000 0000000000000000  0000 0000000000000000
Frame 1188    0001 000000000000aed4  0001 0000000000000000  0001 000783f32f641607  0001 00079b765fa41607  0001 0007c2793fe41407  0001 0007ecba60161407  0001 000421ba00881207  0001 0000000000000000  0001 0000000000000000  0000 0000000000000000  0000 0000000000000000  0000 0000000000000000
Frame 1189    0001 0000000000000000  0001 0000000000000000  0001 0000000000000000  0001 0000000000000000  0001 0000000000000000  0001 0000000000000000  0001 0000000000000000  0001 0000000000000000  0001 0000000000000000  0000 0000000000000000  0000 0000000000000000  0000 0000000000000000
Frame 1190    0001 0000000000000000  0001 0000000000000000  0001 0000000000000000  0001 0000000000000000  0001 0000000000000000  0001 0000000000000000  0001 0000000000000000  0001 0000000000000000  0001 0000000000000000  0000 0000000000000000  0000 0000000000000000  0000 0000000000000000
Frame 1191    0001 0000000000000000  0001 0000000000000000  0001 0000000000000000  0001 0000000000000000  0001 0000000000000000  0001 0000000000000000  0001 0000000000000000  0001 0000000000000000  0001 0000000000000000  0000 0000000000000000  0000 0000000000000000  0000 0000000000000000
Frame 1192    0001 0000000000000000  0001 0000000000000000  0001 0000000000000000  0001 0000000000000000  0001 0000000000000000  0001 0000000000000000  0001 0000000000000000  0001 0000000000000000  0001 0000000000000000  0000 0000000000000000  0000 0000000000000000  0000 0000000000000000
Frame 1193    0001 0000000000000000  0001 0000000000000000  0001 0000000000000000  0001 0000000000000000  0001 0000000000000000  0001 0000000000000000  0001 0000000000000000  0001 0000000000000000  0001 0000000000000000  0000 0000000000000000  0000 0000000000000000  0000 0000000000000000
Frame 1194    0001 000000000000b005  0001 0000000000000000  0001 0007a83d8fdc1804  0001 0000000000000000  0001 00042cfd4f9a1403  0001 000468fe1f474e7a  0001 0004b8ff6ec14e7a  0001 0000000000000000  0001 0000000000000000  0000 0000000000000000  0000 0000000000000000  0000 0000000000000000
Frame 1195    0001 0000000000000000  0001 0000000000000000  0001 0000000000000000  0001 0000000000000000  0001 0000000000000000  0001 0000000000000000  0001 0000000000000000  0001 0000000000000000  0001 0000000000000000  0000 0000000000000000  0000 0000000000000000  0000 0000000000000000
Frame 1196    0001 0000000000000000  0001 0000000000000000  0001 0000000000000000  0001 0000000000000000  0001 0000000000000000  0001 0000000000000000  0001 0000000000000000  0001 0000000000000000  0001 0000000000000000  0000 0000000000000000  0000 0000000000000000  0000 0000000000000000
Frame 1197    0001 0000000000000000  0001 0000000000000000  0001 0000000000000000  0001 0000000000000000  0001 0000000000000000  0001 0000000000000000  0001 0000000000000000  0001 0000000000000000  0001 0000000000000000  0000 0000000000000000  0000 0000000000000000  0000 0000000000000000
Frame 1198    0001 0000000000000000  0001 0000000000000000  0001 0000000000000000  0001 0000000000000000  0001 0000000000000000  0001 0000000000000000  0001 0000000000000000  0001 0000000000000000  0001 0000000000000000  0000 0000000000000000  0000 0000000000000000  0000 0000000000000000
Frame 1199    0001 0000000000000000  0001 0000000000000000  0001 0000000000000000  0001 0000000000000000  0001 0000000000000000  0001 0000000000000000  0001 0000000000000000  0001 0000000000000000  0001 0000000000000000  0000 0000000000000000  0000 0000000000000000  0000 0000000000000000
Frame 1200    0001 000000000000ac23  0001 000778ff6f221602  0001 0000000000000000  0001 0007f2433f9a1202  0001 000443c77f640a3a  0001 0000000000000000  0001 0000000000000000  0001 0004dcd33f671a4d  0001 0000000000000000  0000 0000000000000000  0000 0000000000000000  0000 0000000000000000
Frame 1201    0001 0000000000000000  0001 0000000000000000  0001 0000000000000000  0001 0000000000000000  0001 0000000000000000  0001 0000000000000000  0001 0000000000000000  0001 0000000000000000  0001 0000000000000000  0000 0000000000000000  0000 0000000000000000  0000 0000000000000000
Frame 1202    0001 0000000000000000  0001 0000000000000000  0001 0000000000000000  0001 0000000000000000  0001 0000000000000000  0001 0000000000000000  0001 0000000000000000  0001 0000000000000000  0001 0000000000000000  0000 0000000000000000  0000 0000000000000000  0000 0000000000000000
Frame 1203    0001 0000000000000000  0001 0000000000000000  0001 0000000000000000  0001 0000000000000000  0001 0000000000000000  0001 0000000000000000  0001 0000000000000000  0001 0000000000000000  0001 0000000000000000  0000 0000000000000000  0000 0000000000000000  0000 0000000000000000
Frame 1204    0001 0000000000000000  0001 0000000000000000  0001 0000000000000000  0001 0000000000000000  0001 0000000000000000  0001 0000000000000000  0001 0000000000000000  0001 0000000000000000  0001 0000000000000000  0000 0000000000000000  0000 0000000000000000  0000 0000000000000000
Frame 1205    0001 0000000000000000  0001 0000000000000000  0001 0000000000000000  0001 0000000000000000  0001 0000000000000000  0001 0000000000000000  0001 0000000000000000  0001 0000000000000000  0001 0000000000000000  0000 0000000000000000  0000 0000000000000000  0000 0000000000000000
Frame 1206    0001 0000000000000000  0001 0000000000000000  0001 0000000000000000  0001 0000000000000000  0001 0000000000000000  0001 0000000000000000  0001 0000000000000000  0001 0000000000000000  0001 0000000000000000  0000 0000000000000000  0000 0000000000000000  0000 0000000000000000
Frame 1207    0001 0000000000000000  0001 0000000000000000  0001 0000000000000000  0001 0000000000000000  0001 0000000000000000  0001 0000000000000000  0001 0000000000000000  0001 0000000000000000  0001 0000000000000000  0000 0000000000000000  0000 0000000000000000  0000 0000000000000000
Frame 1208    0001 0000000000000000  0001 0000000000000000  0001 0000000000000000  0001 0000000000000000  0001 0000000000000000  0001 0000000000000000  0001 0000000000000000  0001 0000000000000000  0001 0000000000000000  0000 0000000000000000  0000 0000000000000000  0000 0000000000000000
Frame 1209    0001 000000000000a09d  0001 0000000000000000  0001 0007b484011e1002  0001 0007f244b12a1002  0001 000443c540e0083a  0001 000491c5b18c083a  0001 00050ec631ca063a  0001 0000000000000000  0001 0000000000000000  0000 0000000000000000  0000 0000000000000000  0000 0000000000000000
Frame 1210    0001 0000000000000000  0001 0000000000000000  0001 0000000000000000  0001 0000000000000000  0001 0000000000000000  0001 0000000000000000  0001 0000000000000000  0001 0000000000000000  0001 0000000000000000  0000 0000000000000000  0000 0000000000000000  0000 0000000000000000
Frame 1211    0001 0000000000000000  0001 0000000000000000  0001 0000000000000000  0001 0000000000000000  0001 0000000000000000  0001 0000000000000000  0001 0000000000000000  0001 0000000000000000  0001 0000000000000000  0000 0000000000000000  0000 0000000000000000  0000 0000000000000000
Frame 1212    0001 0000000000000000  0001 0000000000000000  0001 0000000000000000  0001 0000000000000000  0001 0000000000000000  0001 0000000000000000  0001 0000000000000000  0001 0000000000000000  0001 0000000000000000  0000 0000000000000000  0000 0000000000000000  0000 0000000000000000
Frame 1213    0001 0000000000000000  0001 0000000000000000  0001 0000000000000000  0001 0000000000000000  0001 0000000000000000  0001 0000000000000000  0001 0000000000000000  0001 0000000000000000  0001 0000000000000000  0000 0000000000000000  0000 0000000000000000  0000 0000000000000000
Frame 1214    0001 0000000000000000  0001 0000000000000000  0001 0000000000000000  0001 0000000000000000  0001 0000000000000000  0001 0000000000000000  0001 0000000000000000  0001 0000000000000000  0001 0000000000000000  0000 0000000000000000  0000 0000000000000000  0000 0000000000000000
Frame 1215    0001 0000000000000000  0001 0000000000000000  0001 0000000000000000  0001 0000000000000000  0001 0000000000000000  0001 0000000000000000  0001 0000000000000000  0001 0000000000000000  0001 0000000000000000  0000 0000000000000000  0000 0000000000000000  0000 0000000000000000
Frame 1216    0001 0000000000000000  0001 0000000000000000  0001 0000000000000000  0001 0000000000000000  0001 0000000000000000  0001 0000000000000000  0001 0000000000000000  0001 0000000000000000  0001 0000000000000000  0000 0000000000000000  0000 0000000000000000  0000 0000000000000000
Frame 1217    0001 000000000000aa3e  0001 0000000000000000  0001 0007a88544e40e01  0001 0007f586e0c80c01  0001 00043c47a1320a3a  0001 000498c721880a3a  0001 000506877138083a  0001 0000000000000000  0001 0000000000000000  0000 0000000000000000  0000 0000000000000000  0000 0000000000000000
Frame 1218    0001 0000000000000000  0001 0000000000000000  0001 0000000000000000  0001 0000000000000000  0001 0000000000000000  0001 0000000000000000  0001 0000000000000000  0001 0000000000000000  0001 0000000000000000  0000 0000000000000000  0000 0000000000000000  0000 0000000000000000
Frame 1219    0001 0000000000000000  0001 0000000000000000  0001 0000000000000000  0001 0000000000000000  0001 0000000000000000  0001 0000000000000000  0001 0000000000000000  0001 0000000000000000  0001 0000000000000000  0000 0000000000000000  0000 0000000000000000  0000 0000000000000000
Frame 1220    0001 0000000000000000  0001 0000000000000000  0001 0000000000000000  0001 0000000000000000  0001 0000000000000000  0001 0000000000000000  0001 0000000000000000  0001 0000000000000000  0001 0000000000000000  0000 0000000000000000  0000 0000000000000000  0000 0000000000000000
Frame 1221    0001 0000000000000000  0001 0000000000000000  0001 0000000000000000  0001 0000000000000000  0001 0000000000000000  0001 0000000000000000  0001 0000000000000000  0001 0000000000000000  0001 0000000000000000  0000 0000000000000000  0000 0000000000000000  0000 0000000000000000
Frame 1222    0001 0000000000000000  0001 0000000000000000  0001 0000000000000000  0001 0000000000000000  0001 0000000000000000  0001 0000000000000000  0001 0000000000000000  0001 0000000000000000  0001 0000000000000000  0000 0000000000000000  0000 0000000000000000  0000 0000000000000000
Frame 1223    0001 0000000000000000  0001 0000000000000000  0001 0000000000000000  0001 0000000000000000  0001 0000000000000000  0001 0000000000000000  0001 0000000000000000  0001 0000000000000000  0001 0000000000000000  0000 0000000000000000  0000 0000000000000000  0000 0000000000000000
Frame 1224    0001 0000000000000000  0001 0000000000000000  0001 0000000000000000  0001 0000000000000000  0001 0000000000000000  0001 0000000000000000  0001 0000000000000000  0001 0000000000000000  0001 0000000000000000  0000 0000000000000000  0000 0000000000000000  0000 0000000000000000
Frame 1225    0001 0000000000000000  0001 0000000000000000  0001 0000000000000000  0001 0000000000000000  0001 0000000000000000  0001 0000000000000000  0001 0000000000000000  0001 0000000000000000  0001 0000000000000000  0000 0000000000000000  0000 0000000000000000  0000 0000000000000000
Frame 1226    0001 0000000000000000  0001 0000000000000000  0001 0000000000000000  0001 0000000000000000  0001 0000000000000000  0001 0000000000000000  0001 0000000000000000  0001 0000000000000000  0001 0000000000000000  0000 0000000000000000  0000 0000000000000000  0000 0000000000000000
Frame 1227    0001 0000000000000000  0001 0000000000000000  0001 0000000000000000  0001 0000000000000000  0001 0000000000000000  0001 0000000000000000  0001 0000000000000000  0001 0000000000000000  0001 0000000000000000  0000 0000000000000000  0000 0000000000000000  0000 0000000000000000
Frame 1228    0001 0000000000000000  0001 0000000000000000  0001 0000000000000000  0001 0000000000000000  0001 0000000000000000  0001 0000000000000000  0001 0000000000000000  0001 0000000000000000  0001 0000000000000000  0000 0000000000000000  0000 0000000000000000  0000 0000000000000000
Frame 1229    0001 0000000000000000  0001 0000000000000000  0001 0000000000000000  0001 0000000000000000  0001 0000000000000000  0001 0000000000000000  0001 0000000000000000  0001 0000000000000000  0001 0000000000000000  0000 0000000000000000  0000 0000000000000000  0000 0000000000000000
Frame 1230    0001 0000000000000000  0001 0000000000000000  0001 0000000000000000  0001 0000000000000000  0001 0000000000000000  0001 0000000000000000  0001 0000000000000000  0001 0000000000000000  0001 0000000000000000  0000 0000000000000000  0000 0000000000000000  0000 0000000000000000
Frame 1231    0001 0000000000000000  0001 0000000000000000  0001 0000000000000000  0001 0000000000000000  0001 0000000000000000  0001 0000000000000000  0001 0000000000000000  0001 0000000000000000  0001 0000000000000000  0000 0000000000000000  0000 0000000000000000  0000 0000000000000000
Frame 1232    0001 0000000000000000  0001 0000000000000000  0001 0000000000000000  0001 0000000000000000  0001 0000000000000000  0001 0000000000000000  0001 0000000000000000  0001 0000000000000000  0001 0000000000000000  0000 0000000000000000  0000 0000000000000000  0000 0000000000000000
Frame 1233    0001 0000000000000000  0001 0000000000000000  0001 0000000000000000  0001 0000000000000000  0001 0000000000000000  0001 0000000000000000  0001 0000000000000000  0001 0000000000000000  0001 0000000000000000  0000 0000000000000000  0000 0000000000000000  0000 0000000000000000
Frame 1234    0001 0000000000000000  0001 0000000000000000  0001 0000000000000000  0001 0000000000000000  0001 0000000000000000  0001 0000000000000000  0001 0000000000000000  0001 0000000000000000  0001 0000000000000000  0000 0000000000000000  0000 0000000000000000  0000 0000000000000000
Frame 1235    0001 0000000000000000  0001 0000000000000000  0001 0000000000000000  0001 0000000000000000  0001 0000000000000000  0001 0000000000000000  0001 0000000000000000  0001 0000000000000000  0001 0000000000000000  0000 0000000000000000  0000 0000000000000000  0000 0000000000000000
Frame 1236    0001 0000000000000000  0001 0000000000000000  0001 0000000000000000  0001 0000000000000000  0001 0000000000000000  0001 0000000000000000  0001 0000000000000000  0001 0000000000000000  0001 0000000000000000  0000 0000000000000000  0000 0000000000000000  0000 0000000000000000
Frame 1237    0001 0000000000000000  0001 0000000000000000  0001 0000000000000000  0001 0000000000000000  0001 0000000000000000  0001 0000000000000000  0001 0000000000000000  0001 0000000000000000  0001 0000000000000000  0000 0000000000000000  0000 0000000000000000  0000 0000000000000000
Frame 1238    0001 0000000000000000  0001 0000000000000000  0001 0000000000000000  0001 0000000000000000  0001 0000000000000000  0001 0000000000000000  0001 0000000000000000  0001 0000000000000000  0001 0000000000000000  0000 0000000000000000  0000 0000000000000000  0000 0000000000000000
Frame 1239    0001 0000000000000000  0001 0000000000000000  0001 0000000000000000  0001 0000000000000000  0001 0000000000000000  0001 0000000000000000  0001 0000000000000000  0001 0000000000000000  0001 0000000000000000  0000 0000000000000000  0000 0000000000000000  0000 0000000000000000
Frame 1240    0001 0000000000000000  0001 0000000000000000  0001 0000000000000000  0001 0000000000000000  0001 0000000000000000  0001 0000000000000000  0001 0000000000000000  0001 0000000000000000  0001 0000000000000000  0000 0000000000000000  0000 0000000000000000  0000 0000000000000000
Frame 1241    0001 0000000000000000  0001 0000000000000000  0001 0000000000000000  0001 0000000000000000  0001 0000000000000000  0001 0000000000000000  0001 0000000000000000  0001 0000000000000000  0001 0000000000000000  0000 0000000000000000  0000 0000000000000000  0000 0000000000000000
Frame 1242    0001 0000000000000000  0001 0000000000000000  0001 0000000000000000  0001 0000000000000000  0001 0000000000000000  0001 0000000000000000  0001 0000000000000000  0001 0000000000000000  0001 0000000000000000  0000 0000000000000000  0000 0000000000000000  0000 0000000000000000
Frame 1243    0001 0000000000000000  0001 0000000000000000  0001 0000000000000000  0001 0000000000000000  0001 0000000000000000  0001 0000000000000000  0001 0000000000000000  0001 0000000000000000  0001 0000000000000000  0000 0000000000000000  0000 0000000000000000  0000 0000000000000000
Frame 1244    0001 0000000000000000  0001 0000000000000000  0001 0000000000000000  0001 0000000000000000  0001 0000000000000000  0001 0000000000000000  0001 0000000000000000  0001 0000000000000000  0001 0000000000000000  0000 0000000000000000  0000 0000000000000000  0000 0000000000000000
Frame 1245    0001 0000000000000000  0001 0000000000000000  0001 0000000000000000  0001 0000000000000000  0001 0000000000000000  0001 0000000000000000  0001 0000000000000000  0001 0000000000000000  0001 0000000000000000  0000 0000000000000000  0000 0000000000000000  0000 0000000000000000
Frame 1246    0001 0000000000000000  0001 0000000000000000  0001 0000000000000000  0001 0000000000000000  0001 0000000000000000  0001 0000000000000000  0001 0000000000000000  0001 0000000000000000  0001 0000000000000000  0000 0000000000000000  0000 0000000000000000  0000 0000000000000000
Frame 1247    0001 0000000000000000  0001 0000000000000000  0001 0000000000000000  0001 0000000000000000  0001 0000000000000000  0001 0000000000000000  0001 0000000000000000  0001 0000000000000000  0001 0000000000000000  0000 0000000000000000  0000 0000000000000000  0000 0000000000000000
Frame 1248    0001 0000000000000000  0001 0000000000000000  0001 0000000000000000  0001 0000000000000000  0001 0000000000000000  0001 0000000000000000  0001 0000000000000000  0001 0000000000000000  0001 0000000000000000  0000 0000000000000000  0000 0000000000000000  0000 0000000000000000
Frame 1249    0001 0000000000000000  0001 0000000000000000  0001 0000000000000000  0001 0000000000000000  0001 0000000000000000  0001 0000000000000000  0001 0000000000000000  0001 0000000000000000  0001 0000000000000000  0000 0000000000000000  0000 0000000000000000  0000 0000000000000000
Frame 1250    0001 0000000000000000  0001 0000000000000000  0001 0000000000000000  0001 0000000000000000  0001 0000000000000000  0001 0000000000000000  0001 0000000000000000  0001 0000000000000000  0001 0000000000000000  0000 0000000000000000  0000 0000000000000000  0000 0000000000000000
Frame 1251    0001 0000000000000000  0001 0000000000000000  0001 0000000000000000  0001 0000000000000000  0001 0000000000000000  0001 0000000000000000  0001 0000000000000000  0001 0000000000000000  0001 0000000000000000  0000 0000000000000000  0000 0000000000000000  0000 0000000000000000
Frame 1252    0001 0000000000000000  0001 0000000000000000  0001 0000000000000000  0001 0000000000000000  0001 0000000000000000  0001 0000000000000000  0001 0000000000000000  0001 0000000000000000  0001 0000000000000000  0000 0000000000000000  0000 0000000000000000  0000 0000000000000000
Frame 1253    0001 0000000000000000  0001 0000000000000000  0001 0000000000000000  0001 0000000000000000  0001 0000000000000000  0001 0000000000000000  0001 0000000000000000  0001 0000000000000000  0001 0000000000000000  0000 0000000000000000  0000 0000000000000000  0000 0000000000000000
Frame 1254    0001 0000000000000000  0001 0000000000000000  0001 0000000000000000  0001 0000000000000000  0001 0000000000000000  0001 0000000000000000  0001 0000000000000000  0001 0000000000000000  0001 0000000000000000  0000 0000000000000000  0000 0000000000000000  0000 0000000000000000
Frame 1255    0001 0000000000000000  0001 0000000000000000  0001 0000000000000000  0001 0000000000000000  0001 0000000000000000  0001 0000000000000000  0001 0000000000000000  0001 0000000000000000  0001 0000000000000000  0000 0000000000000000  0000 0000000000000000  0000 0000000000000000
Frame 1256    0001 0000000000000000  0001 0000000000000000  0001 0000000000000000  0001 0000000000000000  0001 0000000000000000  0001 0000000000000000  0001 0000000000000000  0001 0000000000000000  0001 0000000000000000  0000 0000000000000000  0000 0000000000000000  0000 0000000000000000
Frame 1257    0001 0000000000000000  0001 0000000000000000  0001 0000000000000000  0001 0000000000000000  0001 0000000000000000  0001 0000000000000000  0001 0000000000000000  0001 0000000000000000  0001 0000000000000000  0000 0000000000000000  0000 0000000000000000  0000 0000000000000000
Frame 1258    0001 0000000000000000  0001 0000000000000000  0001 0000000000000000  0001 0000000000000000  0001 0000000000000000  0001 0000000000000000  0001 0000000000000000  0001 0000000000000000  0001 0000000000000000  0000 0000000000000000  0000 0000000000000000  0000 0000000000000000
Frame 1259    0001 0000000000000000  0001 0000000000000000  0001 0000000000000000  0001 0000000000000000  0001 0000000000000000  0001 0000000000000000  0001 0000000000000000  0001 0000000000000000  0001 0000000000000000  0000 0000000000000000  0000 0000000000000000  0000 0000000000000000
Frame 1260    0001 0000000000000000  0001 0000000000000000  0001 0000000000000000  0001 0000000000000000  0001 0000000000000000  0001 0000000000000000  0001 0000000000000000  0001 0000000000000000  0001 0000000000000000  0000 0000000000000000  0000 0000000000000000  0000 0000000000000000
Frame 1261    0001 0000000000000000  0001 0000000000000000  0001 0000000000000000  0001 0000000000000000  0001 0000000000000000  0001 0000000000000000  0001 0000000000000000  0001 0000000000000000  0001 0000000000000000  0000 0000000000000000  0000 0000000000000000  0000 0000000000000000
Frame 1262    0001 0000000000000000  0001 0000000000000000  0001 0000000000000000  0001 0000000000000000  0001 0000000000000000  0001 0000000000000000  0001 0000000000000000  0001 0000000000000000  0001 0000000000000000  0000 0000000000000000  0000 0000000000000000  0000 0000000000000000
Frame 1263    0001 0000000000000000  0001 0000000000000000  0001 0000000000000000  0001 0000000000000000  0001 0000000000000000  0001 0000000000000000  0001 0000000000000000  0001 0000000000000000  0001 0000000000000000  0000 0000000000000000  0000 0000000000000000  0000 0000000000000000
Frame 1264    0001 0000000000000000  0001 0000000000000000  0001 0000000000000000  0001 0000000000000000  0001 0000000000000000  0001 0000000000000000  0001 0000000000000000  0001 0000000000000000  0001 0000000000000000  0000 0000000000000000  0000 0000000000000000  0000 0000000000000000
Frame 1265    0001 0000000000000000  0001 0000000000000000  0001 0000000000000000  0001 0000000000000000  0001 0000000000000000  0001 0000000000000000  0001 0000000000000000  0001 0000000000000000  0001 0000000000000000  0000 0000000000000000  0000 0000000000000000  0000 0000000000000000
Frame 1266    0001 0000000000000000  0001 0000000000000000  0001 0000000000000000  0001 0000000000000000  0001 0000000000000000  0001 0000000000000000  0001 0000000000000000  0001 0000000000000000  0001 0000000000000000  0000 0000000000000000  0000 0000000000000000  0000 0000000000000000
Frame 1267    0001 0000000000000000  0001 0000000000000000  0001 0000000000000000  0001 0000000000000000  0001 0000000000000000  0001 0000000000000000  0001 0000000000000000  0001 0000000000000000  0001 0000000000000000  0000 0000000000000000  0000 0000000000000000  0000 0000000000000000
Frame 1268    0001 0000000000000000  0001 0000000000000000  0001 0000000000000000  0001 0000000000000000  0001 0000000000000000  0001 0000000000000000  0001 0000000000000000  0001 0000000000000000  0001 0000000000000000  0000 0000000000000000  0000 0000000000000000  0000 0000000000000000
Frame 1269    0001 0000000000000000  0001 0000000000000000  0001 0000000000000000  0001 0000000000000000  0001 0000000000000000  0001 0000000000000000  0001 0000000000000000  0001 0000000000000000  0001 0000000000000000  0000 0000000000000000  0000 0000000000000000  0000 0000000000000000
Frame 1270    0001 0000000000000000  0001 0000000000000000  0001 0000000000000000  0001 0000000000000000  0001 0000000000000000  0001 0000000000000000  0001 0000000000000000  0001 0000000000000000  0001 0000000000000000  0000 0000000000000000  0000 0000000000000000  0000 0000000000000000
Frame 1271    0001 0000000000000000  0001 0000000000000000  0001 0000000000000000  0001 0000000000000000  0001 0000000000000000  0001 0000000000000000  0001 0000000000000000  0001 0000000000000000  0001 0000000000000000  0000 0000000000000000  0000 0000000000000000  0000 0000000000000000
Frame 1272    0001 0000000000000000  0001 0000000000000000  0001 0000000000000000  0001 0000000000000000  0001 0000000000000000  0001 0000000000000000  0001 0000000000000000  0001 0000000000000000  0001 0000000000000000  0000 0000000000000000  0000 0000000000000000  0000 0000000000000000
Frame 1273    0001 0000000000000000  0001 0000000000000000  0001 0000000000000000  0001 0000000000000000  0001 0000000000000000  0001 0000000000000000  0001 0000000000000000  0001 0000000000000000  0001 0000000000000000  0000 0000000000000000  0000 0000000000000000  0000 0000000000000000
Frame 1274    0001 0000000000000000  0001 0000000000000000  0001 0000000000000000  0001 0000000000000000  0001 0000000000000000  0001 0000000000000000  0001 0000000000000000  0001 0000000000000000  0001 0000000000000000  0000 0000000000000000  0000 0000000000000000  0000 0000000000000000
Frame 1275    0001 0000000000000000  0001 0000000000000000  0001 0000000000000000  0001 0000000000000000  0001 0000000000000000  0001 0000000000000000  0001 0000000000000000  0001 0000000000000000  0001 0000000000000000  0000 0000000000000000  0000 0000000000000000  0000 0000000000000000
Frame 1276    0001 0000000000000000  0001 0000000000000000  0001 0000000000000000  0001 0000000000000000  0001 0000000000000000  0001 0000000000000000  0001 0000000000000000  0001 0000000000000000  0001 0000000000000000  0000 0000000000000000  0000 0000000000000000  0000 0000000000000000
Frame 1277    0001 0000000000000000  0001 0000000000000000  0001 0000000000000000  0001 0000000000000000  0001 0000000000000000  0001 0000000000000000  0001 0000000000000000  0001 0000000000000000  0001 0000000000000000  0000 0000000000000000  0000 0000000000000000  0000 0000000000000000
Frame 1278    0001 0000000000000000  0001 0000000000000000  0001 0000000000000000  0001 0000000000000000  0001 0000000000000000  0001 0000000000000000  0001 0000000000000000  0001 0000000000000000  0001 0000000000000000  0000 0000000000000000  0000 0000000000000000  0000 0000000000000000
Frame 1279    0001 0000000000000000  0001 0000000000000000  0001 0000000000000000  0001 0000000000000000  0001 0000000000000000  0001 0000000000000000  0001 0000000000000000  0001 0000000000000000  0001 0000000000000000  0000 0000000000000000  0000 0000000000000000  0000 0000000000000000
Frame 1280    0001 0000000000000000  0001 0000000000000000  0001 0000000000000000  0001 0000000000000000  0001 0000000000000000  0001 0000000000000000  0001 0000000000000000  0001 0000000000000000  0001 0000000000000000  0000 0000000000000000  0000 0000000000000000  0000 0000000000000000
Frame 1281    0001 0000000000000000  0001 0000000000000000  0001 0000000000000000  0001 0000000000000000  0001 0000000000000000  0001 0000000000000000  0001 0000000000000000  0001 0000000000000000  0001 0000000000000000  0000 0000000000000000  0000 0000000000000000  0000 0000000000000000
Frame 1282    0001 0000000000000000  0001 0000000000000000  0001 0000000000000000  0001 0000000000000000  0001 0000000000000000  0001 0000000000000000  0001 0000000000000000  0001 0000000000000000  0001 0000000000000000  0000 0000000000000000  0000 0000000000000000  0000 0000000000000000
Frame 1283    0001 0000000000000000  0001 0000000000000000  0001 0000000000000000  0001 0000000000000000  0001 0000000000000000  0001 0000000000000000  0001 0000000000000000  0001 0000000000000000  0001 0000000000000000  0000 0000000000000000  0000 0000000000000000  0000 0000000000000000
Frame 1284    0001 0000000000000000  0001 0000000000000000  0001 0000000000000000  0001 0000000000000000  0001 0000000000000000  0001 0000000000000000  0001 0000000000000000  0001 0000000000000000  0001 0000000000000000  0000 0000000000000000  0000 0000000000000000  0000 0000000000000000
Frame 1285    0001 0000000000000000  0001 0000000000000000  0001 0000000000000000  0001 0000000000000000  0001 0000000000000000  0001 0000000000000000  0001 0000000000000000  0001 0000000000000000  0001 0000000000000000  0000 0000000000000000  0000 0000000000000000  0000 0000000000000000
Frame 1286    0001 0000000000000000  0001 0000000000000000  0001 0000000000000000  0001 0000000000000000  0001 0000000000000000  0001 0000000000000000  0001 0000000000000000  0001 0000000000000000  0001 0000000000000000  0000 0000000000000000  0000 0000000000000000  0000 0000000000000000
Frame 1287    0001 0000000000000000  0001 0000000000000000  0001 0000000000000000  0001 0000000000000000  0001 0000000000000000  0001 0000000000000000  0001 0000000000000000  0001 0000000000000000  0001 0000000000000000  0000 0000000000000000  0000 0000000000000000  0000 0000000000000000
Frame 1288    0001 0000000000000000  0001 0000000000000000  0001 0000000000000000  0001 0000000000000000  0001 0000000000000000  0001 0000000000000000  0001 0000000000000000  0001 0000000000000000  0001 0000000000000000  0000 0000000000000000  0000 0000000000000000  0000 0000000000000000
Frame 1289    0001 0000000000000000  0001 0000000000000000  0001 0000000000000000  0001 0000000000000000  0001 0000000000000000  0001 0000000000000000  0001 0000000000000000  0001 0000000000000000  0001 0000000000000000  0000 0000000000000000  0000 0000000000000000  0000 0000000000000000
Frame 1290    0001 0000000000000000  0001 0000000000000000  0001 0000000000000000  0001 0000000000000000  0001 0000000000000000  0001 0000000000000000  0001 0000000000000000  0001 0000000000000000  0001 0000000000000000  0000 0000000000000000  0000 0000000000000000  0000 0000000000000000
Frame 1291    0001 0000000000000000  0001 0000000000000000  0001 0000000000000000  0001 0000000000000000  0001 0000000000000000  0001 0000000000000000  0001 0000000000000000  0001 0000000000000000  0001 0000000000000000  0000 0000000000000000  0000 0000000000000000  0000 0000000000000000
Frame 1292    0001 0000000000000000  0001 0000000000000000  0001 0000000000000000  0001 0000000000000000  0001 0000000000000000  0001 0000000000000000  0001 0000000000000000  0001 0000000000000000  0001 0000000000000000  0000 0000000000000000  0000 0000000000000000  0000 0000000000000000
Frame 1293    0001 0000000000000000  0001 0000000000000000  0001 0000000000000000  0001 0000000000000000  0001 0000000000000000  0001 0000000000000000  0001 0000000000000000  0001 0000000000000000  0001 0000000000000000  0000 0000000000000000  0000 0000000000000000  0000 0000000000000000
Frame 1294    0001 0000000000000000  0001 0000000000000000  0001 0000000000000000  0001 0000000000000000  0001 0000000000000000  0001 0000000000000000  0001 0000000000000000  0001 0000000000000000  0001 0000000000000000  0000 0000000000000000  0000 0000000000000000  0000 0000000000000000
Frame 1295    0001 0000000000000000  0001 0000000000000000  0001 0000000000000000  0001 0000000000000000  0001 0000000000000000  0001 0000000000000000  0001 0000000000000000  0001 0000000000000000  0001 0000000000000000  0000 0000000000000000  0000 0000000000000000  0000 0000000000000000
Frame 1296    0000 0000000000000000  0000 0000000000000000  0000 0000000000000000  0000 0000000000000000  0000 0000000000000000  0000 0000000000000000  0000 0000000000000000  0000 0000000000000000  0000 0000000000000000  0000 0000000000000000  0000 0000000000000000  0000 0000000000000000
Frame 1297    0000 0000000000000000  0000 0000000000000000  0000 0000000000000000  0000 0000000000000000  0000 0000000000000000  0000 0000000000000000  0000 0000000000000000  0000 0000000000000000  0000 0000000000000000  0000 0000000000000000  0000 0000000000000000  0000 0000000000000000
Frame 1298    0000 0000000000000000  0000 0000000000000000  0000 0000000000000000  0000 0000000000000000  0000 0000000000000000  0000 0000000000000000  0000 0000000000000000  0000 0000000000000000  0000 0000000000000000  0000 0000000000000000  0000 0000000000000000  0000 0000000000000000
Frame 1299    0000 0000000000000000  0000 0000000000000000  0000 0000000000000000  0000 0000000000000000  0000 0000000000000000  0000 0000000000000000  0000 0000000000000000  0000 0000000000000000  0000 0000000000000000  0000 0000000000000000  0000 0000000000000000  0000 0000000000000000
Frame 1300    0000 0000000000000000  0000 0000000000000000  0000 0000000000000000  0000 0000000000000000  0000 0000000000000000  0000 0000000000000000  0000 0000000000000000  0000 0000000000000000  0000 0000000000000000  0000 0000000000000000  0000 0000000000000000  0000 0000000000000000
Frame 1301    0000 0000000000000000  0000 0000000000000000  0000 0000000000000000  0000 0000000000000000  0000 0000000000000000  0000 0000000000000000  0000 0000000000000000  0000 0000000000000000  0000 0000000000000000  0000 0000000000000000  0000 0000000000000000  0000 0000000000000000
Frame 1302    0001 000000000000a4a4  0001 00076bfd3f2c1403  0001 0007a83bdf101203  0001 0007ed3a6ef21003  0001 0000000000000000  0001 00048176cefee864  0001 0004bf74af28e864  0001 0000000000000000  0001 0000000000000000  0000 0000000000000000  0000 0000000000000000  0000 0000000000000000
Frame 1303    0001 0000000000000000  0001 0000000000000000  0001 0000000000000000  0001 0000000000000000  0001 0000000000000000  0001 0000000000000000  0001 0000000000000000  0001 0000000000000000  0001 0000000000000000  0000 0000000000000000  0000 0000000000000000  0000 0000000000000000
Frame 1304    0001 0000000000000000  0001 0000000000000000  0001 0000000000000000  0001 0000000000000000  0001 0000000000000000  0001 0000000000000000  0001 0000000000000000  0001 0000000000000000  0001 0000000000000000  0000 0000000000000000  0000 0000000000000000  0000 0000000000000000
Frame 1305    0001 000000000000cd3f  0001 00076bc86f7a1201  0001 0007a804df8c1001  0001 0007f3016faa0e01  0001 00044cbcdf520c3a  0001 000491f97fec0c3a  0001 0000000000000000  0001 0000000000000000  0001 0000000000000000  0000 0000000000000000  0000 0000000000000000  0000 0000000000000000
Frame 1306    0001 000000000000dd44  0001 000773fbb1401403  0001 0007a83ef1441203  0001 0007f24321701003  0001 0000000000000000  0001 00045109118ce864  0001 000489ccc248e864  0001 0004dcd2d24ce864  0001 0000000000000000  0000 0000000000000000  0000 0000000000000000  0000 0000000000000000
Frame 1307    0001 0000000000000000  0001 0000000000000000  0001 0000000000000000  0001 0000000000000000  0001 0000000000000000  0001 0000000000000000  0001 0000000000000000  0001 0000000000000000  0001 0000000000000000  0000 0000000000000000  0000 0000000000000000  0000 0000000000000000
Frame 1308    0001 0000000000000000  0001 0000000000000000  0001 0000000000000000  0001 0000000000000000  0001 0000000000000000  0001 0000000000000000  0001 0000000000000000  0001 0000000000000000  0001 0000000000000000  0000 0000000000000000  0000 0000000000000000  0000 0000000000000000
Frame 1309    0001 0000000000000000  0001 0000000000000000  0001 0000000000000000  0001 0000000000000000  0001 0000000000000000  0001 0000000000000000  0001 0000000000000000  0001 0000000000000000  0001 0000000000000000  0000 0000000000000000  0000 0000000000000000  0000 0000000000000000
Frame 1310    0001 0000000000000000  0001 0000000000000000  0001 0000000000000000  0001 0000000000000000  0001 0000000000000000  0001 0000000000000000  0001 0000000000000000  0001 0000000000000000  0001 0000000000000000  0000 0000000000000000  0000 0000000000000000  0000 0000000000000000
Frame 1311    0001 0000000000000000  0001 0000000000000000  0001 0000000000000000  0001 0000000000000000  0001 0000000000000000  0001 0000000000000000  0001 0000000000000000  0001 0000000000000000  0001 0000000000000000  0000 0000000000000000  0000 0000000000000000  0000 0000000000000000
Frame 1312    0001 000000000000a604  0001 00076e0430341403  0001 0007a803603a1203  0001 0007f244d0541003  0001 0000000000000000  0001 000468c7408ee864  0001 0000000000000000  0001 0004f58ae0d8e864  0001 0000000000000000  0000 0000000000000000  0000 0000000000000000  0000 0000000000000000
Frame 1313    0001 000000000000d165  0001 000776b84f661604  0001 0007a83b4f261404  0001 0007f27efec81204  0001 000438431e771a7a  0001 000481478d6b1a7a  0001 0004d14d5cf51a7a  0001 0000000000000000  0001 0000000000000000  0000 0000000000000000  0000 0000000000000000  0000 0000000000000000
Frame 1314    0001 0000000000000000  0001 0000000000000000  0001 0000000000000000  0001 0000000000000000  0001 0000000000000000  0001 0000000000000000  0001 0000000000000000  0001 0000000000000000  0001 0000000000000000  0000 0000000000000000  0000 0000000000000000  0000 0000000000000000
Frame 1315    0001 000000000000aae5  0001 000774447fa41604  0001 0007a803cf901404  0001 0007f242bf681204  0001 000432018f4e1203  0001 000468c0cf971a7a  0001 0004b8ff9edb1a7a  0001 0000000000000000  0001 0000000000000000  0000 0000000000000000  0000 0000000000000000  0000 0000000000000000
Frame 1316    0001 0000000000000000  0001 0000000000000000  0001 0000000000000000  0001 0000000000000000  0001 0000000000000000  0001 0000000000000000  0001 0000000000000000  0001 0000000000000000  0001 0000000000000000  0000 0000000000000000  0000 0000000000000000  0000 0000000000000000
Frame 1317    0001 000000000000af62  0001 00076bfeb0741602  0001 0007a83fc0301402  0001 0007ef419fec1202  0001 00043d037fc80a3a  0001 00049084af680a3a  0001 00050e06de82083a  0001 0000000000000000  0001 0000000000000000  0000 0000000000000000  0000 0000000000000000  0000 0000000000000000
Frame 1318    0001 0000000000000000  0001 0000000000000000  0001 0000000000000000  0001 0000000000000000  0001 0000000000000000  0001 0000000000000000  0001 0000000000000000  0001 0000000000000000  0001 0000000000000000  0000 0000000000000000  0000 0000000000000000  0000 0000000000000000
Frame 1319    0001 000000000000ee7e  0001 00076bf9cfbe1001  0001 0007a83c6f220e01  0001 0007f1c00e620c01  0001 00044c847de8063a  0001 000490481cb4063a  0001 00050e0e7bc8043a  0001 0000000000000000  0001 0000000000000000  0000 0000000000000000  0000 0000000000000000  0000 0000000000000000
Frame 1320    0001 000000000000ce02  0001 00076bc94fae1a02  0001 0007a8067f981802  0001 0007f8438f8a1602  0001 00043c41dfa80c3a  0001 0000000000000000  0001 0000000000000000  0001 0000000000000000  0001 0000000000000000  0000 0000000000000000  0000 0000000000000000  0000 0000000000000000
Frame 1321    0001 0000000000009ba5  0001 000774fcbf941204  0001 0007a83a8f881004  0001 0007f27dff8c0e04  0001 00042fc37f800c03  0001 000468c97fa8b47a  0001 0000000000000000  0001 0000000000000000  0001 0000000000000000  0000 0000000000000000  0000 0000000000000000  0000 0000000000000000
Frame 1322    0001 000000000000cf68  0001 00076bf920d61a05  0001 0007a83a81221805  0001 0007b3fa61101605  0001 0007d6ba913c1605  0001 0007fd3ab1621605  0001 00042c7a823b4ebd  0001 0000000000000000  0001 0000000000000000  0000 0000000000000000  0000 0000000000000000  0000 0000000000000000
Frame 1323    0001 000000000000a8de  0001 00076bfa80401001  0001 0007a83c403c0e01  0001 0007ea7e003c0c01  0001 00043d0080460a3a  0001 00049fc3a0c20a3a  0001 0004fe05900c083a  0001 0000000000000000  0001 0000000000000000  0000 0000000000000000  0000 0000000000000000  0000 0000000000000000
Frame 1324    0001 000000000000afe9  0001 00076bc2306c1606  0001 0000000000000000  0001 0007a03f00a61606  0001 0007bebd40ac1406  0001 0007e8fb40e81406  0001 0000000000000000  0001 00045eef0f8d1ad3  0001 0000000000000000  0000 0000000000000000  0000 0000000000000000  0000 0000000000000000
Frame 1325    0001 0000000000000000  0001 0000000000000000  0001 0000000000000000  0001 0000000000000000  0001 0000000000000000  0001 0000000000000000  0001 0000000000000000  0001 0000000000000000  0001 0000000000000000  0000 0000000000000000  0000 0000000000000000  0000 0000000000000000
Frame 1326    0001 00000000000092e2  0001 00076bf240ac1002  0001 0007a834b10e0e02  0001 0007fbf781a20c02  0001 00043b7a126a063a  0001 0004907d0320063a  0001 0000000000000000  0001 0000000000000000  0001 0000000000000000  0000 0000000000000000  0000 0000000000000000  0000 0000000000000000
Frame 1327    0001 0000000000000000  0001 0000000000000000  0001 0000000000000000  0001 0000000000000000  0001 0000000000000000  0001 0000000000000000  0001 0000000000000000  0001 0000000000000000  0001 0000000000000000  0000 0000000000000000  0000 0000000000000000  0000 0000000000000000
Frame 1328    0001 0000000000000000  0001 0000000000000000  0001 0000000000000000  0001 0000000000000000  0001 0000000000000000  0001 0000000000000000  0001 0000000000000000  0001 0000000000000000  0001 0000000000000000  0000 0000000000000000  0000 0000000000000000  0000 0000000000000000
Frame 1329    0001 000000000000d672  0001 00075c7eb04e1808  0001 0007717de0601808  0001 00078afd408a1608  0001 0007a77ca0941608  0001 0007cc3ba0ce1408  0001 0007f67b00d61408  0001 0000000000000000  0001 0000000000000000  0000 0000000000000000  0000 0000000000000000  0000 0000000000000000
Frame 1330    0001 0000000000000000  0001 0000000000000000  0001 0000000000000000  0001 0000000000000000  0001 0000000000000000  0001 0000000000000000  0001 0000000000000000  0001 0000000000000000  0001 0000000000000000  0000 0000000000000000  0000 0000000000000000  0000 0000000000000000
Frame 1331    0001 000000000000aa13  0001 00076bc3b0e61608  0001 00077d82d0b01808  0001 00079340e0721608  0001 0007b0ff90181608  0001 0007d43e9fb81408  0001 0007fd3dbf3a1408  0001 0000000000000000  0001 0000000000000000  0000 0000000000000000  0000 0000000000000000  0000 0000000000000000
Frame 1332    0001 000000000000c108  0001 00076bf4e0c01c05  0001 0000000000000000  0001 0007aff9013a1c05  0001 0007d3ba714e1a05  0001 0007fbfc61aa1a05  0001 00042c7fa27380bd  0001 00047785218b80bd  0001 0000000000000000  0000 0000000000000000  0000 0000000000000000  0000 0000000000000000
Frame 1333    0001 0000000000009a27  0001 00076bcfa0321205  0001 0000000000000000  0001 0007cd89b0ca0e04  0001 0007f10810f20e04  0001 00042c44a036b4a7  0001 00045ec26210b4a7  0001 00049d7e82d2b4a7  0001 0000000000000000  0000 0000000000000000  0000 0000000000000000  0000 0000000000000000
Frame 1334    0001 0000000000000000  0001 0000000000000000  0001 0000000000000000  0001 0000000000000000  0001 0000000000000000  0001 0000000000000000  0001 0000000000000000  0001 0000000000000000  0001 0000000000000000  0000 0000000000000000  0000 0000000000000000  0000 0000000000000000
Frame 1335    0001 0000000000000000  0001 0000000000000000  0001 0000000000000000  0001 0000000000000000  0001 0000000000000000  0001 0000000000000000  0001 0000000000000000  0001 0000000000000000  0001 0000000000000000  0000 0000000000000000  0000 0000000000000000  0000 0000000000000000
Frame 1336    0001 0000000000000000  0001 0000000000000000  0001 0000000000000000  0001 0000000000000000  0001 0000000000000000  0001 0000000000000000  0001 0000000000000000  0001 0000000000000000  0001 0000000000000000  0000 0000000000000000  0000 0000000000000000  0000 0000000000000000
Frame 1337    0001 0000000000000000  0001 0000000000000000  0001 0000000000000000  0001 0000000000000000  0001 0000000000000000  0001 0000000000000000  0001 0000000000000000  0001 0000000000000000  0001 0000000000000000  0000 0000000000000000  0000 0000000000000000  0000 0000000000000000
Frame 1338    0001 000000000000b31d  0001 00076bc6d0441a02  0001 0007a803bfe81802  0001 0007f5ff2f741602  0001 00043c7a9e960c3a  0001 0004a1b3ced80c3a  0001 0004ffacfdc40a3a  0001 0000000000000000  0001 0000000000000000  0000 0000000000000000  0000 0000000000000000  0000 0000000000000000
Frame 1339    0001 000000000000a397  0001 00076bfea0b61405  0001 0000000000000000  0001 0007c57d91541205  0001 0007ea7ce1b01205  0001 00041ffbf1fe1005  0001 00045efa8324e8bd  0001 00049d794354e8bd  0001 0000000000000000  0000 0000000000000000  0000 0000000000000000  0000 0000000000000000
Frame 1340    0001 0000000000000000  0001 0000000000000000  0001 0000000000000000  0001 0000000000000000  0001 0000000000000000  0001 0000000000000000  0001 0000000000000000  0001 0000000000000000  0001 0000000000000000  0000 0000000000000000  0000 0000000000000000  0000 0000000000000000
Frame 1341    0001 0000000000000000  0001 0000000000000000  0001 0000000000000000  0001 0000000000000000  0001 0000000000000000  0001 0000000000000000  0001 0000000000000000  0001 0000000000000000  0001 0000000000000000  0000 0000000000000000  0000 0000000000000000  0000 0000000000000000
Frame 1342    0001 000000000000a3ea  0001 00076bf6910c1406  0001 00078d7820f21406  0001 0007ae7940bc1406  0001 0007cff9f0b81206  0001 0007fc7a90a81206  0001 00042c7a3164e8e9  0001 0000000000000000  0001 0000000000000000  0000 0000000000000000  0000 0000000000000000  0000 0000000000000000
Frame 1343    0001 0000000000000000  0001 0000000000000000  0001 0000000000000000  0001 0000000000000000  0001 0000000000000000  0001 0000000000000000  0001 0000000000000000  0001 0000000000000000  0001 0000000000000000  0000 0000000000000000  0000 0000000000000000  0000 0000000000000000
Frame 1344    0001 000000000000a2d9  0001 00076bc140d61404  0001 0007a83e20c01204  0001 0000000000000000  0001 000402b920ae1204  0001 0000000000000000  0001 00045ef4cf80e890  0001 0004b8eff0dee890  0001 0000000000000000  0000 0000000000000000  0000 0000000000000000  0000 0000000000000000
Frame 1345    0001 000000000000d2ea  0001 00076bc1fede1606  0001 00079d3f0ea41606  0001 0007b87bae741406  0001 0007df377e481406  0001 00040cb29e1e1406  0001 0000000000000000  0001 0000000000000000  0001 0000000000000000  0000 0000000000000000  0000 0000000000000000  0000 0000000000000000
Frame 1346    0001 0000000000000000  0001 0000000000000000  0001 0000000000000000  0001 0000000000000000  0001 0000000000000000  0001 0000000000000000  0001 0000000000000000  0001 0000000000000000  0001 0000000000000000  0000 0000000000000000  0000 0000000000000000  0000 0000000000000000
Frame 1347    0001 0000000000000000  0001 0000000000000000  0001 0000000000000000  0001 0000000000000000  0001 0000000000000000  0001 0000000000000000  0001 0000000000000000  0001 0000000000000000  0001 0000000000000000  0000 0000000000000000  0000 0000000000000000  0000 0000000000000000
Frame 1348    0001 000000000000a54e  0001 0000000000000000  0001 00076bc2aef81609  0001 000781427ef61609  0001 00079e029ebc1409  0001 0007bfc20e7a1209  0001 0007e4c11e4c1209  0001 0000000000000000  0001 0000000000000000  0000 0000000000000000  0000 0000000000000000  0000 0000000000000000
Frame 1349    0001 0000000000000000  0001 0000000000000000  0001 0000000000000000  0001 0000000000000000  0001 0000000000000000  0001 0000000000000000  0001 0000000000000000  0001 0000000000000000  0001 0000000000000000  0000 0000000000000000  0000 0000000000000000  0000 0000000000000000
Frame 1350    0001 0000000000000000  0001 0000000000000000  0001 0000000000000000  0001 0000000000000000  0001 0000000000000000  0001 0000000000000000  0001 0000000000000000  0001 0000000000000000  0001 0000000000000000  0000 0000000000000000  0000 0000000000000000  0000 0000000000000000
Frame 1351    0001 0000000000000000  0001 0000000000000000  0001 0000000000000000  0001 0000000000000000  0001 0000000000000000  0001 0000000000000000  0001 0000000000000000  0001 0000000000000000  0001 0000000000000000  0000 0000000000000000  0000 0000000000000000  0000 0000000000000000
Frame 1352    0001 0000000000000000  0001 0000000000000000  0001 0000000000000000  0001 0000000000000000  0001 0000000000000000  0001 0000000000000000  0001 0000000000000000  0001 0000000000000000  0001 0000000000000000  0000 0000000000000000  0000 0000000000000000  0000 0000000000000000
Frame 1353    0001 000000000000c09b  0001 00076bf01fe41c03  0001 0007a8335fd01a03  0001 0007ee769fb61803  0001 0000000000000000  0001 0000000000000000  0001 0004a27f5fcd8064  0001 0000000000000000  0001 0000000000000000  0000 0000000000000000  0000 0000000000000000  0000 0000000000000000
Frame 1354    0001 000000000000d6cd  0001 0000000000000000  0001 00076d00b0741808  0001 0007844070721608  0001 0007a33ec0681608  0001 0007c53de0681408  0001 0007eebbf0661408  0001 0000000000000000  0001 0000000000000000  0000 0000000000000000  0000 0000000000000000  0000 0000000000000000
Frame 1355    0001 000000000000aaf8  0001 00076bc3ffda1605  0001 0007a802104c1405  0001 0007de8080b81404  0001 000404bf10f61404  0001 000444fbe2791aa7  0001 000484f972ab1aa7  0001 0000000000000000  0001 0000000000000000  0000 0000000000000000  0000 0000000000000000  0000 0000000000000000
Frame 1356    0001 0000000000000000  0001 0000000000000000  0001 0000000000000000  0001 0000000000000000  0001 0000000000000000  0001 0000000000000000  0001 0000000000000000  0001 0000000000000000  0001 0000000000000000  0000 0000000000000000  0000 0000000000000000  0000 0000000000000000
Frame 1357    0001 0000000000000000  0001 0000000000000000  0001 0000000000000000  0001 0000000000000000  0001 0000000000000000  0001 0000000000000000  0001 0000000000000000  0001 0000000000000000  0001 0000000000000000  0000 0000000000000000  0000 0000000000000000  0000 0000000000000000
Frame 1358    0001 000000000000ab7f  0001 00076bfdb1e81001  0001 0007a80141f00e01  0001 0007ea4402040c01  0001 00043b48c2180a3a  0001 0000000000000000  0001 0000000000000000  0001 0000000000000000  0001 0000000000000000  0000 0000000000000000  0000 0000000000000000  0000 0000000000000000
Frame 1359    0001 0000000000000000  0001 0000000000000000  0001 0000000000000000  0001 0000000000000000  0001 0000000000000000  0001 0000000000000000  0001 0000000000000000  0001 0000000000000000  0001 0000000000000000  0000 0000000000000000  0000 0000000000000000  0000 0000000000000000
Frame 1360    0001 0000000000000000  0001 0000000000000000  0001 0000000000000000  0001 0000000000000000  0001 0000000000000000  0001 0000000000000000  0001 0000000000000000  0001 0000000000000000  0001 0000000000000000  0000 0000000000000000  0000 0000000000000000  0000 0000000000000000
Frame 1361    0001 000000000000d711  0001 0000000000000000  0001 00076ac540d61809  0001 00077f4460a41809  0001 000799c3107a1609  0001 0007b68140441409  0001 0007db809fea1409  0001 0000000000000000  0001 0000000000000000  0000 0000000000000000  0000 0000000000000000  0000 0000000000000000
Frame 1362    0001 000000000000eb3f  0001 00076bc980300c01  0001 0007a808807e0a01  0001 0007e74780d60801  0001 00043b464124063a  0001 00049044a1be063a  0001 0004fe82c2a2043a  0001 0000000000000000  0001 0000000000000000  0000 0000000000000000  0000 0000000000000000  0000 0000000000000000
Frame 1363    0001 0000000000000000  0001 0000000000000000  0001 0000000000000000  0001 0000000000000000  0001 0000000000000000  0001 0000000000000000  0001 0000000000000000  0001 0000000000000000  0001 0000000000000000  0000 0000000000000000  0000 0000000000000000  0000 0000000000000000
Frame 1364    0001 0000000000000000  0001 0000000000000000  0001 0000000000000000  0001 0000000000000000  0001 0000000000000000  0001 0000000000000000  0001 0000000000000000  0001 0000000000000000  0001 0000000000000000  0000 0000000000000000  0000 0000000000000000  0000 0000000000000000
Frame 1365    0001 0000000000000000  0001 0000000000000000  0001 0000000000000000  0001 0000000000000000  0001 0000000000000000  0001 0000000000000000  0001 0000000000000000  0001 0000000000000000  0001 0000000000000000  0000 0000000000000000  0000 0000000000000000  0000 0000000000000000
Frame 1366    0001 0000000000000000  0001 0000000000000000  0001 0000000000000000  0001 0000000000000000  0001 0000000000000000  0001 0000000000000000  0001 0000000000000000  0001 0000000000000000  0001 0000000000000000  0000 0000000000000000  0000 0000000000000000  0000 0000000000000000
Frame 1367    0001 0000000000000000  0001 0000000000000000  0001 0000000000000000  0001 0000000000000000  0001 0000000000000000  0001 0000000000000000  0001 0000000000000000  0001 0000000000000000  0001 0000000000000000  0000 0000000000000000  0000 0000000000000000  0000 0000000000000000
Frame 1368    0001 000000000000cbe0  0001 00076bfcff541201  0001 0007a83c5f981001  0001 0007e9badff80e01  0001 00043af9f0280c3a  0001 000491f7f1380c3a  0001 0004ffb5f15c0a3a  0001 0000000000000000  0001 0000000000000000  0000 0000000000000000  0000 0000000000000000  0000 0000000000000000
Frame 1369    0001 0000000000000000  0001 0000000000000000  0001 0000000000000000  0001 0000000000000000  0001 0000000000000000  0001 0000000000000000  0001 0000000000000000  0001 0000000000000000  0001 0000000000000000  0000 0000000000000000  0000 0000000000000000  0000 0000000000000000
Frame 1370    0001 0000000000000000  0001 0000000000000000  0001 0000000000000000  0001 0000000000000000  0001 0000000000000000  0001 0000000000000000  0001 0000000000000000  0001 0000000000000000  0001 0000000000000000  0000 0000000000000000  0000 0000000000000000  0000 0000000000000000
Frame 1371    0001 0000000000000000  0001 0000000000000000  0001 0000000000000000  0001 0000000000000000  0001 0000000000000000  0001 0000000000000000  0001 0000000000000000  0001 0000000000000000  0001 0000000000000000  0000 0000000000000000  0000 0000000000000000  0000 0000000000000000
Frame 1372    0001 0000000000000000  0001 0000000000000000  0001 0000000000000000  0001 0000000000000000  0001 0000000000000000  0001 0000000000000000  0001 0000000000000000  0001 0000000000000000  0001 0000000000000000  0000 0000000000000000  0000 0000000000000000  0000 0000000000000000
Frame 1373    0001 0000000000000000  0001 0000000000000000  0001 0000000000000000  0001 0000000000000000  0001 0000000000000000  0001 0000000000000000  0001 0000000000000000  0001 0000000000000000  0001 0000000000000000  0000 0000000000000000  0000 0000000000000000  0000 0000000000000000
Frame 1374    0001 0000000000000000  0001 0000000000000000  0001 0000000000000000  0001 0000000000000000  0001 0000000000000000  0001 0000000000000000  0001 0000000000000000  0001 0000000000000000  0001 0000000000000000  0000 0000000000000000  0000 0000000000000000  0000 0000000000000000
Frame 1375    0001 0000000000000000  0001 0000000000000000  0001 0000000000000000  0001 0000000000000000  0001 0000000000000000  0001 0000000000000000  0001 0000000000000000  0001 0000000000000000  0001 0000000000000000  0000 0000000000000000  0000 0000000000000000  0000 0000000000000000
Frame 1376    0001 0000000000000000  0001 0000000000000000  0001 0000000000000000  0001 0000000000000000  0001 0000000000000000  0001 0000000000000000  0001 0000000000000000  0001 0000000000000000  0001 0000000000000000  0000 0000000000000000  0000 0000000000000000  0000 0000000000000000
Frame 1377    0001 0000000000000000  0001 0000000000000000  0001 0000000000000000  0001 0000000000000000  0001 0000000000000000  0001 0000000000000000  0001 0000000000000000  0001 0000000000000000  0001 0000000000000000  0000 0000000000000000  0000 0000000000000000  0000 0000000000000000
Frame 1378    0001 0000000000000000  0001 0000000000000000  0001 0000000000000000  0001 0000000000000000  0001 0000000000000000  0001 0000000000000000  0001 0000000000000000  0001 0000000000000000  0001 0000000000000000  0000 0000000000000000  0000 0000000000000000  0000 0000000000000000
Frame 1379    0001 0000000000000000  0001 0000000000000000  0001 0000000000000000  0001 0000000000000000  0001 0000000000000000  0001 0000000000000000  0001 0000000000000000  0001 0000000000000000  0001 0000000000000000  0000 0000000000000000  0000 0000000000000000  0000 0000000000000000
Frame 1380    0001 0000000000000000  0001 0000000000000000  0001 0000000000000000  0001 0000000000000000  0001 0000000000000000  0001 0000000000000000  0001 0000000000000000  0001 0000000000000000  0001 0000000000000000  0000 0000000000000000  0000 0000000000000000  0000 0000000000000000
Frame 1381    0001 0000000000000000  0001 0000000000000000  0001 0000000000000000  0001 0000000000000000  0001 0000000000000000  0001 0000000000000000  0001 0000000000000000  0001 0000000000000000  0001 0000000000000000  0000 0000000000000000  0000 0000000000000000  0000 0000000000000000
Frame 1382    0001 0000000000000000  0001 0000000000000000  0001 0000000000000000  0001 0000000000000000  0001 0000000000000000  0001 0000000000000000  0001 0000000000000000  0001 0000000000000000  0001 0000000000000000  0000 0000000000000000  0000 0000000000000000  0000 0000000000000000
Frame 1383    0001 0000000000000000  0001 0000000000000000  0001 0000000000000000  0001 0000000000000000  0001 0000000000000000  0001 0000000000000000  0001 0000000000000000  0001 0000000000000000  0001 0000000000000000  0000 0000000000000000  0000 0000000000000000  0000 0000000000000000
Frame 1384    0001 0000000000000000  0001 0000000000000000  0001 0000000000000000  0001 0000000000000000  0001 0000000000000000  0001 0000000000000000  0001 0000000000000000  0001 0000000000000000  0001 0000000000000000  0000 0000000000000000  0000 0000000000000000  0000 0000000000000000
Frame 1385    0001 0000000000000000  0001 0000000000000000  0001 0000000000000000  0001 0000000000000000  0001 0000000000000000  0001 0000000000000000  0001 0000000000000000  0001 0000000000000000  0001 0000000000000000  0000 0000000000000000  0000 0000000000000000  0000 0000000000000000
Frame 1386    0001 0000000000000000  0001 0000000000000000  0001 0000000000000000  0001 0000000000000000  0001 0000000000000000  0001 0000000000000000  0001 0000000000000000  0001 0000000000000000  0001 0000000000000000  0000 0000000000000000  0000 0000000000000000  0000 0000000000000000
Frame 1387    0001 0000000000000000  0001 0000000000000000  0001 0000000000000000  0001 0000000000000000  0001 0000000000000000  0001 0000000000000000  0001 0000000000000000  0001 0000000000000000  0001 0000000000000000  0000 0000000000000000  0000 0000000000000000  0000 0000000000000000
Frame 1388    0001 0000000000000000  0001 0000000000000000  0001 0000000000000000  0001 0000000000000000  0001 0000000000000000  0001 0000000000000000  0001 0000000000000000  0001 0000000000000000  0001 0000000000000000  0000 0000000000000000  0000 0000000000000000  0000 0000000000000000
Frame 1389    0001 0000000000000000  0001 0000000000000000  0001 0000000000000000  0001 0000000000000000  0001 0000000000000000  0001 0000000000000000  0001 0000000000000000  0001 0000000000000000  0001 0000000000000000  0000 0000000000000000  0000 0000000000000000  0000 0000000000000000
Frame 1390    0001 0000000000000000  0001 0000000000000000  0001 0000000000000000  0001 0000000000000000  0001 0000000000000000  0001 0000000000000000  0001 0000000000000000  0001 0000000000000000  0001 0000000000000000  0000 0000000000000000  0000 0000000000000000  0000 0000000000000000
Frame 1391    0001 0000000000000000  0001 0000000000000000  0001 0000000000000000  0001 0000000000000000  0001 0000000000000000  0001 0000000000000000  0001 0000000000000000  0001 0000000000000000  0001 0000000000000000  0000 0000000000000000  0000 0000000000000000  0000 0000000000000000
Frame 1392    0001 000000000000d7a3  0001 00076fb650dc1602  0001 0000000000000000  0001 0007f24191bc1202  0001 000443c692340a3a  0001 0000000000000000  0001 0000000000000000  0001 000489cc635d1a4d  0001 0000000000000000  0000 0000000000000000  0000 0000000000000000  0000 0000000000000000
Frame 1393    0001 0000000000000000  0001 0000000000000000  0001 0000000000000000  0001 0000000000000000  0001 0000000000000000  0001 0000000000000000  0001 0000000000000000  0001 0000000000000000  0001 0000000000000000  0000 0000000000000000  0000 0000000000000000  0000 0000000000000000
Frame 1394    0001 0000000000000000  0001 0000000000000000  0001 0000000000000000  0001 0000000000000000  0001 0000000000000000  0001 0000000000000000  0001 0000000000000000  0001 0000000000000000  0001 0000000000000000  0000 0000000000000000  0000 0000000000000000  0000 0000000000000000
Frame 1395    0001 0000000000000000  0001 0000000000000000  0001 0000000000000000  0001 0000000000000000  0001 0000000000000000  0001 0000000000000000  0001 0000000000000000  0001 0000000000000000  0001 0000000000000000  0000 0000000000000000  0000 0000000000000000  0000 0000000000000000
Frame 1396    0001 000000000000da00  0001 00076b3050940e01  0001 0007a9780ff80c01  0001 0007f27a3f2c0a01  0001 000443fe9e06083a  0001 0000000000000000  0001 0000000000000000  0001 0000000000000000  0001 0000000000000000  0000 0000000000000000  0000 0000000000000000  0000 0000000000000000
Frame 1397    0001 0000000000000000  0001 0000000000000000  0001 0000000000000000  0001 0000000000000000  0001 0000000000000000  0001 0000000000000000  0001 0000000000000000  0001 0000000000000000  0001 0000000000000000  0000 0000000000000000  0000 0000000000000000  0000 0000000000000000
Frame 1398    0001 0000000000000000  0001 0000000000000000  0001 0000000000000000  0001 0000000000000000  0001 0000000000000000  0001 0000000000000000  0001 0000000000000000  0001 0000000000000000  0001 0000000000000000  0000 0000000000000000  0000 0000000000000000  0000 0000000000000000
Frame 1399    0001 0000000000000000  0001 0000000000000000  0001 0000000000000000  0001 0000000000000000  0001 0000000000000000  0001 0000000000000000  0001 0000000000000000  0001 0000000000000000  0001 0000000000000000  0000 0000000000000000  0000 0000000000000000  0000 0000000000000000
Frame 1400    0001 0000000000000000  0001 0000000000000000  0001 0000000000000000  0001 0000000000000000  0001 0000000000000000  0001 0000000000000000  0001 0000000000000000  0001 0000000000000000  0001 0000000000000000  0000 0000000000000000  0000 0000000000000000  0000 0000000000000000
Frame 1401    0001 0000000000000000  0001 0000000000000000  0001 0000000000000000  0001 0000000000000000  0001 0000000000000000  0001 0000000000000000  0001 0000000000000000  0001 0000000000000000  0001 0000000000000000  0000 0000000000000000  0000 0000000000000000  0000 0000000000000000
Frame 1402    0001 0000000000000000  0001 0000000000000000  0001 0000000000000000  0001 0000000000000000  0001 0000000000000000  0001 0000000000000000  0001 0000000000000000  0001 0000000000000000  0001 0000000000000000  0000 0000000000000000  0000 0000000000000000  0000 0000000000000000
Frame 1403    0001 0000000000000000  0001 0000000000000000  0001 0000000000000000  0001 0000000000000000  0001 0000000000000000  0001 0000000000000000  0001 0000000000000000  0001 0000000000000000  0001 0000000000000000  0000 0000000000000000  0000 0000000000000000  0000 0000000000000000
Frame 1404    0001 0000000000000000  0001 0000000000000000  0001 0000000000000000  0001 0000000000000000  0001 0000000000000000  0001 0000000000000000  0001 0000000000000000  0001 0000000000000000  0001 0000000000000000  0000 0000000000000000  0000 0000000000000000  0000 0000000000000000
Frame 1405    0001 0000000000000000  0001 0000000000000000  0001 0000000000000000  0001 0000000000000000  0001 0000000000000000  0001 0000000000000000  0001 0000000000000000  0001 0000000000000000  0001 0000000000000000  0000 0000000000000000  0000 0000000000000000  0000 0000000000000000
Frame 1406    0001 0000000000000000  0001 0000000000000000  0001 0000000000000000  0001 0000000000000000  0001 0000000000000000  0001 0000000000000000  0001 0000000000000000  0001 0000000000000000  0001 0000000000000000  0000 0000000000000000  0000 0000000000000000  0000 0000000000000000
Frame 1407    0001 0000000000000000  0001 0000000000000000  0001 0000000000000000  0001 0000000000000000  0001 0000000000000000  0001 0000000000000000  0001 0000000000000000  0001 0000000000000000  0001 0000000000000000  0000 0000000000000000  0000 0000000000000000  0000 0000000000000000
Frame 1408    0001 0000000000000000  0001 0000000000000000  0001 0000000000000000  0001 0000000000000000  0001 0000000000000000  0001 0000000000000000  0001 0000000000000000  0001 0000000000000000  0001 0000000000000000  0000 0000000000000000  0000 0000000000000000  0000 0000000000000000
Frame 1409    0001 0000000000000000  0001 0000000000000000  0001 0000000000000000  0001 0000000000000000  0001 0000000000000000  0001 0000000000000000  0001 0000000000000000  0001 0000000000000000  0001 0000000000000000  0000 0000000000000000  0000 0000000000000000  0000 0000000000000000
Frame 1410    0001 0000000000000000  0001 0000000000000000  0001 0000000000000000  0001 0000000000000000  0001 0000000000000000  0001 0000000000000000  0001 0000000000000000  0001 0000000000000000  0001 0000000000000000  0000 0000000000000000  0000 0000000000000000  0000 0000000000000000
Frame 1411    0001 0000000000000000  0001 0000000000000000  0001 0000000000000000  0001 0000000000000000  0001 0000000000000000  0001 0000000000000000  0001 0000000000000000  0001 0000000000000000  0001 0000000000000000  0000 0000000000000000  0000 0000000000000000  0000 0000000000000000
Frame 1412    0001 0000000000000000  0001 0000000000000000  0001 0000000000000000  0001 0000000000000000  0001 0000000000000000  0001 0000000000000000  0001 0000000000000000  0001 0000000000000000  0001 0000000000000000  0000 0000000000000000  0000 0000000000000000  0000 0000000000000000
Frame 1413    0001 0000000000000000  0001 0000000000000000  0001 0000000000000000  0001 0000000000000000  0001 0000000000000000  0001 0000000000000000  0001 0000000000000000  0001 0000000000000000  0001 0000000000000000  0000 0000000000000000  0000 0000000000000000  0000 0000000000000000
Frame 1414    0001 0000000000000000  0001 0000000000000000  0001 0000000000000000  0001 0000000000000000  0001 0000000000000000  0001 0000000000000000  0001 0000000000000000  0001 0000000000000000  0001 0000000000000000  0000 0000000000000000  0000 0000000000000000  0000 0000000000000000
Frame 1415    0001 0000000000000000  0001 0000000000000000  0001 0000000000000000  0001 0000000000000000  0001 0000000000000000  0001 0000000000000000  0001 0000000000000000  0001 0000000000000000  0001 0000000000000000  0000 0000000000000000  0000 0000000000000000  0000 0000000000000000
Frame 1416    0001 0000000000000000  0001 0000000000000000  0001 0000000000000000  0001 0000000000000000  0001 0000000000000000  0001 0000000000000000  0001 0000000000000000  0001 0000000000000000  0001 0000000000000000  0000 0000000000000000  0000 0000000000000000  0000 0000000000000000
Frame 1417    0001 0000000000000000  0001 0000000000000000  0001 0000000000000000  0001 0000000000000000  0001 0000000000000000  0001 0000000000000000  0001 0000000000000000  0001 0000000000000000  0001 0000000000000000  0000 0000000000000000  0000 0000000000000000  0000 0000000000000000
Frame 1418    0001 0000000000000000  0001 0000000000000000  0001 0000000000000000  0001 0000000000000000  0001 0000000000000000  0001 0000000000000000  0001 0000000000000000  0001 0000000000000000  0001 0000000000000000  0000 0000000000000000  0000 0000000000000000  0000 0000000000000000
Frame 1419    0001 0000000000000000  0001 0000000000000000  0001 0000000000000000  0001 0000000000000000  0001 0000000000000000  0001 0000000000000000  0001 0000000000000000  0001 0000000000000000  0001 0000000000000000  0000 0000000000000000  0000 0000000000000000  0000 0000000000000000
Frame 1420    0001 0000000000000000  0001 0000000000000000  0001 0000000000000000  0001 0000000000000000  0001 0000000000000000  0001 0000000000000000  0001 0000000000000000  0001 0000000000000000  0001 0000000000000000  0000 0000000000000000  0000 0000000000000000  0000 0000000000000000
Frame 1421    0001 0000000000000000  0001 0000000000000000  0001 0000000000000000  0001 0000000000000000  0001 0000000000000000  0001 0000000000000000  0001 0000000000000000  0001 0000000000000000  0001 0000000000000000  0000 0000000000000000  0000 0000000000000000  0000 0000000000000000
Frame 1422    0001 0000000000000000  0001 0000000000000000  0001 0000000000000000  0001 0000000000000000  0001 0000000000000000  0001 0000000000000000  0001 0000000000000000  0001 0000000000000000  0001 0000000000000000  0000 0000000000000000  0000 0000000000000000  0000 0000000000000000
Frame 1423    0001 0000000000000000  0001 0000000000000000  0001 0000000000000000  0001 0000000000000000  0001 0000000000000000  0001 0000000000000000  0001 0000000000000000  0001 0000000000000000  0001 0000000000000000  0000 0000000000000000  0000 0000000000000000  0000 0000000000000000
Frame 1424    0001 0000000000000000  0001 0000000000000000  0001 0000000000000000  0001 0000000000000000  0001 0000000000000000  0001 0000000000000000  0001 0000000000000000  0001 0000000000000000  0001 0000000000000000  0000 0000000000000000  0000 0000000000000000  0000 0000000000000000
Frame 1425    0001 0000000000000000  0001 0000000000000000  0001 0000000000000000  0001 0000000000000000  0001 0000000000000000  0001 0000000000000000  0001 0000000000000000  0001 0000000000000000  0001 0000000000000000  0000 0000000000000000  0000 0000000000000000  0000 0000000000000000
Frame 1426    0001 0000000000000000  0001 0000000000000000  0001 0000000000000000  0001 0000000000000000  0001 0000000000000000  0001 0000000000000000  0001 0000000000000000  0001 0000000000000000  0001 0000000000000000  0000 0000000000000000  0000 0000000000000000  0000 0000000000000000
Frame 1427    0001 0000000000000000  0001 0000000000000000  0001 0000000000000000  0001 0000000000000000  0001 0000000000000000  0001 0000000000000000  0001 0000000000000000  0001 0000000000000000  0001 0000000000000000  0000 0000000000000000  0000 0000000000000000  0000 0000000000000000
Frame 1428    0001 0000000000000000  0001 0000000000000000  0001 0000000000000000  0001 0000000000000000  0001 0000000000000000  0001 0000000000000000  0001 0000000000000000  0001 0000000000000000  0001 0000000000000000  0000 0000000000000000  0000 0000000000000000  0000 0000000000000000
Frame 1429    0001 0000000000000000  0001 0000000000000000  0001 0000000000000000  0001 0000000000000000  0001 0000000000000000  0001 0000000000000000  0001 0000000000000000  0001 0000000000000000  0001 0000000000000000  0000 0000000000000000  0000 0000000000000000  0000 0000000000000000
Frame 1430    0001 0000000000000000  0001 0000000000000000  0001 0000000000000000  0001 0000000000000000  0001 0000000000000000  0001 0000000000000000  0001 0000000000000000  0001 0000000000000000  0001 0000000000000000  0000 0000000000000000  0000 0000000000000000  0000 0000000000000000
Frame 1431    0001 0000000000000000  0001 0000000000000000  0001 0000000000000000  0001 0000000000000000  0001 0000000000000000  0001 0000000000000000  0001 0000000000000000  0001 0000000000000000  0001 0000000000000000  0000 0000000000000000  0000 0000000000000000  0000 0000000000000000
Frame 1432    0001 0000000000000000  0001 0000000000000000  0001 0000000000000000  0001 0000000000000000  0001 0000000000000000  0001 0000000000000000  0001 0000000000000000  0001 0000000000000000  0001 0000000000000000  0000 0000000000000000  0000 0000000000000000  0000 0000000000000000
Frame 1433    0001 0000000000000000  0001 0000000000000000  0001 0000000000000000  0001 0000000000000000  0001 0000000000000000  0001 0000000000000000  0001 0000000000000000  0001 0000000000000000  0001 0000000000000000  0000 0000000000000000  0000 0000000000000000  0000 0000000000000000
Frame 1434    0001 0000000000000000  0001 0000000000000000  0001 0000000000000000  0001 0000000000000000  0001 0000000000000000  0001 0000000000000000  0001 0000000000000000  0001 0000000000000000  0001 0000000000000000  0000 0000000000000000  0000 0000000000000000  0000 0000000000000000
Frame 1435    0001 0000000000000000  0001 0000000000000000  0001 0000000000000000  0001 0000000000000000  0001 0000000000000000  0001 0000000000000000  0001 0000000000000000  0001 0000000000000000  0001 0000000000000000  0000 0000000000000000  0000 0000000000000000  0000 0000000000000000
Frame 1436    0001 0000000000000000  0001 0000000000000000  0001 0000000000000000  0001 0000000000000000  0001 0000000000000000  0001 0000000000000000  0001 0000000000000000  0001 0000000000000000  0001 0000000000000000  0000 0000000000000000  0000 0000000000000000  0000 0000000000000000
Frame 1437    0001 0000000000000000  0001 0000000000000000  0001 0000000000000000  0001 0000000000000000  0001 0000000000000000  0001 0000000000000000  0001 0000000000000000  0001 0000000000000000  0001 0000000000000000  0000 0000000000000000  0000 0000000000000000  0000 0000000000000000
Frame 1438    0001 0000000000000000  0001 0000000000000000  0001 0000000000000000  0001 0000000000000000  0001 0000000000000000  0001 0000000000000000  0001 0000000000000000  0001 0000000000000000  0001 0000000000000000  0000 0000000000000000  0000 0000000000000000  0000 0000000000000000
Frame 1439    0001 0000000000000000  0001 0000000000000000  0001 0000000000000000  0001 0000000000000000  0001 0000000000000000  0001 0000000000000000  0001 0000000000000000  0001 0000000000000000  0001 0000000000000000  0000 0000000000000000  0000 0000000000000000  0000 0000000000000000
Frame 1440    0001 0000000000000000  0001 0000000000000000  0001 0000000000000000  0001 0000000000000000  0001 0000000000000000  0001 0000000000000000  0001 0000000000000000  0001 0000000000000000  0001 0000000000000000  0000 0000000000000000  0000 0000000000000000  0000 0000000000000000
Frame 1441    0001 0000000000000000  0001 0000000000000000  0001 0000000000000000  0001 0000000000000000  0001 0000000000000000  0001 0000000000000000  0001 0000000000000000  0001 0000000000000000  0001 0000000000000000  0000 0000000000000000  0000 0000000000000000  0000 0000000000000000
Frame 1442    0001 0000000000000000  0001 0000000000000000  0001 0000000000000000  0001 0000000000000000  0001 0000000000000000  0001 0000000000000000  0001 0000000000000000  0001 0000000000000000  0001 0000000000000000  0000 0000000000000000  0000 0000000000000000  0000 0000000000000000
Frame 1443    0001 0000000000000000  0001 0000000000000000  0001 0000000000000000  0001 0000000000000000  0001 0000000000000000  0001 0000000000000000  0001 0000000000000000  0001 0000000000000000  0001 0000000000000000  0000 0000000000000000  0000 0000000000000000  0000 0000000000000000
Frame 1444    0001 0000000000000000  0001 0000000000000000  0001 0000000000000000  0001 0000000000000000  0001 0000000000000000  0001 0000000000000000  0001 0000000000000000  0001 0000000000000000  0001 0000000000000000  0000 0000000000000000  0000 0000000000000000  0000 0000000000000000
Frame 1445    0001 0000000000000000  0001 0000000000000000  0001 0000000000000000  0001 0000000000000000  0001 0000000000000000  0001 0000000000000000  0001 0000000000000000  0001 0000000000000000  0001 0000000000000000  0000 0000000000000000  0000 0000000000000000  0000 0000000000000000
Frame 1446    0001 0000000000000000  0001 0000000000000000  0001 0000000000000000  0001 0000000000000000  0001 0000000000000000  0001 0000000000000000  0001 0000000000000000  0001 0000000000000000  0001 0000000000000000  0000 0000000000000000  0000 0000000000000000  0000 0000000000000000
Frame 1447    0001 0000000000000000  0001 0000000000000000  0001 0000000000000000  0001 0000000000000000  0001 0000000000000000  0001 0000000000000000  0001 0000000000000000  0001 0000000000000000  0001 0000000000000000  0000 0000000000000000  0000 0000000000000000  0000 0000000000000000
Frame 1448    0001 0000000000000000  0001 0000000000000000  0001 0000000000000000  0001 0000000000000000  0001 0000000000000000  0001 0000000000000000  0001 0000000000000000  0001 0000000000000000  0001 0000000000000000  0000 0000000000000000  0000 0000000000000000  0000 0000000000000000
Frame 1449    0001 0000000000000000  0001 0000000000000000  0001 0000000000000000  0001 0000000000000000  0001 0000000000000000  0001 0000000000000000  0001 0000000000000000  0001 0000000000000000  0001 0000000000000000  0000 0000000000000000  0000 0000000000000000  0000 0000000000000000
Frame 1450    0001 0000000000000000  0001 0000000000000000  0001 0000000000000000  0001 0000000000000000  0001 0000000000000000  0001 0000000000000000  0001 0000000000000000  0001 0000000000000000  0001 0000000000000000  0000 0000000000000000  0000 0000000000000000  0000 0000000000000000
Frame 1451    0001 0000000000000000  0001 0000000000000000  0001 0000000000000000  0001 0000000000000000  0001 0000000000000000  0001 0000000000000000  0001 0000000000000000  0001 0000000000000000  0001 0000000000000000  0000 0000000000000000  0000 0000000000000000  0000 0000000000000000
Frame 1452    0001 0000000000000000  0001 0000000000000000  0001 0000000000000000  0001 0000000000000000  0001 0000000000000000  0001 0000000000000000  0001 0000000000000000  0001 0000000000000000  0001 0000000000000000  0000 0000000000000000  0000 0000000000000000  0000 0000000000000000
Frame 1453    0001 0000000000000000  0001 0000000000000000  0001 0000000000000000  0001 0000000000000000  0001 0000000000000000  0001 0000000000000000  0001 0000000000000000  0001 0000000000000000  0001 0000000000000000  0000 0000000000000000  0000 0000000000000000  0000 0000000000000000
Frame 1454    0001 0000000000000000  0001 0000000000000000  0001 0000000000000000  0001 0000000000000000  0001 0000000000000000  0001 0000000000000000  0001 0000000000000000  0001 0000000000000000  0001 0000000000000000  0000 0000000000000000  0000 0000000000000000  0000 0000000000000000
Frame 1455    0001 0000000000000000  0001 0000000000000000  0001 0000000000000000  0001 0000000000000000  0001 0000000000000000  0001 0000000000000000  0001 0000000000000000  0001 0000000000000000  0001 0000000000000000  0000 0000000000000000  0000 0000000000000000  0000 0000000000000000
Frame 1456    0001 0000000000000000  0001 0000000000000000  0001 0000000000000000  0001 0000000000000000  0001 0000000000000000  0001 0000000000000000  0001 0000000000000000  0001 0000000000000000  0001 0000000000000000  0000 0000000000000000  0000 0000000000000000  0000 0000000000000000
Frame 1457    0001 0000000000000000  0001 0000000000000000  0001 0000000000000000  0001 0000000000000000  0001 0000000000000000  0001 0000000000000000  0001 0000000000000000  0001 0000000000000000  0001 0000000000000000  0000 0000000000000000  0000 0000000000000000  0000 0000000000000000
