Id: CMSSW
Metadata: (strobe,) start of orbit, start of packet, end of packet, valid

      Link              000                    001                    002                    003                    004                    005                    006                    007                    008                    009                    010                    011        
Frame 0000    0000 0000000000000000  0000 0000000000000000  0000 0000000000000000  0000 0000000000000000  0000 0000000000000000  0000 0000000000000000  0000 0000000000000000  0000 0000000000000000  0000 0000000000000000  0000 0000000000000000  0000 0000000000000000  0000 0000000000000000
Frame 0001    0000 0000000000000000  0000 0000000000000000  0000 0000000000000000  0000 0000000000000000  0000 0000000000000000  0000 0000000000000000  0000 0000000000000000  0000 0000000000000000  0000 0000000000000000  0000 0000000000000000  0000 0000000000000000  0000 0000000000000000
Frame 0002    0000 0000000000000000  0000 0000000000000000  0000 0000000000000000  0000 0000000000000000  0000 0000000000000000  0000 0000000000000000  0000 0000000000000000  0000 0000000000000000  0000 0000000000000000  0000 0000000000000000  0000 0000000000000000  0000 0000000000000000
Frame 0003    0000 0000000000000000  0000 0000000000000000  0000 0000000000000000  0000 0000000000000000  0000 0000000000000000  0000 0000000000000000  0000 0000000000000000  0000 0000000000000000  0000 0000000000000000  0000 0000000000000000  0000 0000000000000000  0000 0000000000000000
Frame 0004    0000 0000000000000000  0000 0000000000000000  0000 0000000000000000  0000 0000000000000000  0000 0000000000000000  0000 0000000000000000  0000 0000000000000000  0000 0000000000000000  0000 0000000000000000  0000 0000000000000000  0000 0000000000000000  0000 0000000000000000
Frame 0005    0000 0000000000000000  0000 0000000000000000  0000 0000000000000000  0000 0000000000000000  0000 0000000000000000  0000 0000000000000000  0000 0000000000000000  0000 0000000000000000  0000 0000000000000000  0000 0000000000000000  0000 0000000000000000  0000 0000000000000000
Frame 0006    1001 1a270c3c4c045253  1001 000767ffa0021604  1001 0007a8008ff81404  1001 0007f27fc0021204  1001 0004387f6fff1a7a  1001 0000000000000000  1001 0000000000000000  1001 0000000000000000  1001 0000000000000000  0000 0000000000000000  0000 0000000000000000  0000 0000000000000000
Frame 0007    0001 13e7a8ba7ec48d5f  0001 0000000000000000  0001 0000000000000000  0001 0007b2802ffa0e05  0001 0007d53fd00e0e05  0001 000400001ffa0e05  0001 00042c4070e0b4bd  0001 0000000000000000  0001 0000000000000000  0000 0000000000000000  0000 0000000000000000  0000 0000000000000000
Frame 0008    0001 1181294bfca1fa9b  0001 00076bffe0000a01  0001 0007a8000ffe0801  0001 0007e74000000601  0001 00044afff066043a  0001 0000000000000000  0001 0000000000000000  0001 0000000000000000  0001 0000000000000000  0000 0000000000000000  0000 0000000000000000  0000 0000000000000000
Frame 0009    0001 1633010c3d06448a  0001 0000000000000000  0001 0007a80000001803  0001 0007f27ffffe1603  0001 00043b80006a0c3a  0001 0004817f2ff94e64  0001 0000000000000000  0001 0000000000000000  0001 0000000000000000  0000 0000000000000000  0000 0000000000000000  0000 0000000000000000
Frame 0010    0001 14e3d9fe604065c8  0001 00076bffaffc1404  0001 0007a80040021204  0001 0000000000000000  0001 0004020020021204  0001 00042fffdffc1004  0001 0000000000000000  0001 0000000000000000  0001 0000000000000000  0000 0000000000000000  0000 0000000000000000  0000 0000000000000000
Frame 0011    0001 1354f5e234bc3e6f  0001 00076a3fd0001202  0001 0007a80020021002  0001 0007f2400ffe0e02  0001 00044c3fffb6083a  0001 0000000000000000  0001 0000000000000000  0001 0000000000000000  0001 0000000000000000  0000 0000000000000000  0000 0000000000000000  0000 0000000000000000
Frame 0012    0001 10bba85bfd9dfbc9  0001 00076bfffffe0a01  0001 0007a83ff0020801  0001 0007e7000ffe0601  0001 0000000000000000  0001 00049ffff022043a  0001 0000000000000000  0001 0000000000000000  0001 0000000000000000  0000 0000000000000000  0000 0000000000000000  0000 0000000000000000
Frame 0013    0001 15df12b18a7777f8  0001 00076bfffffc1605  0001 0000000000000000  0001 0000000000000000  0001 0007dd80000a1405  0001 000407fffff61405  0001 000444fe50351abd  0001 0000000000000000  0001 0000000000000000  0000 0000000000000000  0000 0000000000000000  0000 0000000000000000
Frame 0014    0001 143d093804120312  0001 00076bffd0000e01  0001 0007a8001ffe0c01  0001 0000000000000000  0001 00044c001096083a  0001 000491ffe03c083a  0001 0000000000000000  0001 0000000000000000  0001 0000000000000000  0000 0000000000000000  0000 0000000000000000  0000 0000000000000000
Frame 0015    0001 199d02f0b828cf5f  0001 00075c4030101c08  0001 0007737feff01a08  0001 00078cbfbffc1808  0001 0007ab4020061808  0001 0000000000000000  0001 0000000000000000  0001 0000000000000000  0001 0000000000000000  0000 0000000000000000  0000 0000000000000000  0000 0000000000000000
Frame 0016    0001 124fb8a7fd07faf4  0001 00076bc030000c01  0001 0007a8000ffe0a01  0001 0007e73fb0000801  0001 00044b001038063a  0001 0000000000000000  0001 0000000000000000  0001 0000000000000000  0001 0000000000000000  0000 0000000000000000  0000 0000000000000000  0000 0000000000000000
Frame 0017    0001 1aee21da98caaae2  0001 00076bc000041606  0001 0000000000000000  0001 0007afbfeff61606  0001 0007d0c010001406  0001 0007fcfff0021406  0001 0000000000000000  0001 0000000000000000  0001 0000000000000000  0000 0000000000000000  0000 0000000000000000  0000 0000000000000000
Frame 0018    0001 1c0073878c5b7e84  0001 00076bfff0061205  0001 0000000000000000  0001 0007c2c05ff00e05  0001 0007e67f80060e05  0001 00041dc010020c05  0001 0000000000000000  0001 0000000000000000  0001 0000000000000000  0000 0000000000000000  0000 0000000000000000  0000 0000000000000000
Frame 0019    0001 1a76b1678cd37f38  0001 00076bc040041605  0001 0000000000000000  0001 0007c47ffff81405  0001 0007e73f60001405  0001 00041d0050021205  0001 0000000000000000  0001 0000000000000000  0001 0000000000000000  0000 0000000000000000  0000 0000000000000000  0000 0000000000000000
Frame 0020    0001 13766ca1da29cfc7  0001 00076bc020001202  0001 0007a83fdffe1002  0001 0007f5fff0000e02  0001 00043c400fe0083a  0001 0000000000000000  0001 0000000000000000  0001 0000000000000000  0001 0000000000000000  0000 0000000000000000  0000 0000000000000000  0000 0000000000000000
Frame 0021    0001 1957832351353b4b  0001 00076bc01ffa1a08  0001 00077a7fc0061a08  0001 000790c06ffc1808  0001 0007b1bfdffe1808  0001 0000000000000000  0001 0000000000000000  0001 0000000000000000  0001 0000000000000000  0000 0000000000000000  0000 0000000000000000  0000 0000000000000000
Frame 0022    0001 19e95f605d7c68ca  0001 00076c3fdffe1a04  0001 0007aac02ffe1804  0001 0000000000000000  0001 0007f60010021604  0001 0004263feffe1404  0001 0000000000000000  0001 0000000000000000  0001 0000000000000000  0000 0000000000000000  0000 0000000000000000  0000 0000000000000000
Frame 0023    0001 1cb9b9cfe3bfde54  0001 00076bc010001202  0001 0007a83fbffc1002  0001 0007f2c030000e02  0001 00044c3fffd8083a  0001 0000000000000000  0001 0000000000000000  0001 0000000000000000  0001 0000000000000000  0000 0000000000000000  0000 0000000000000000  0000 0000000000000000
Frame 0024    0001 163184f65b966622  0001 00076f4030021a04  0001 0007af7ffffe1804  0001 0000000000000000  0001 0007fd7fcff81604  0001 00042d8020041404  0001 0000000000000000  0001 0000000000000000  0001 0000000000000000  0000 0000000000000000  0000 0000000000000000  0000 0000000000000000
Frame 0025    0001 147a15a98cb58613  0001 0000000000000000  0001 0007aa800ffa1205  0001 0007d48000061204  0001 0007fb000ffc1204  0001 00042c40008ee8a7  0001 0000000000000000  0001 0000000000000000  0001 0000000000000000  0000 0000000000000000  0000 0000000000000000  0000 0000000000000000
Frame 0026    0001 1c60e73c628a71ba  0001 00076ffffff81205  0001 0007ad0020061005  0001 0007dfbfe0040e04  0001 00040d800ffa0e04  0001 0000000000000000  0001 0000000000000000  0001 0000000000000000  0001 0000000000000000  0000 0000000000000000  0000 0000000000000000  0000 0000000000000000
Frame 0027    0001 199a50bdf8eff8c0  0001 00076bfffffe1201  0001 0007a83fe0001001  0001 0007e9c03ffe0e01  0001 00044c3fe0160c3a  0001 0000000000000000  0001 0000000000000000  0001 0000000000000000  0001 0000000000000000  0000 0000000000000000  0000 0000000000000000  0000 0000000000000000
Frame 0028    0001 14b24412124c0c5a  0001 00076bffd0000e01  0001 0007a83feffc0c01  0001 0007f28050000a01  0001 00044cbfe006083a  0001 0000000000000000  0001 0000000000000000  0001 0000000000000000  0001 0000000000000000  0000 0000000000000000  0000 0000000000000000  0000 0000000000000000
Frame 0029    0001 1386d6381ab41e3b  0001 0000000000000000  0001 0007a8002ffe1001  0001 0007f17ff0000e01  0001 00044c7fef8c083a  0001 0004a1001024083a  0001 0000000000000000  0001 0000000000000000  0001 0000000000000000  0000 0000000000000000  0000 0000000000000000  0000 0000000000000000
Frame 0030    0001 1ac00411f8a3f61d  0001 00076bffc0001001  0001 0007a8001ffe0e01  0001 0007f28020000c01  0001 00043c7fefe20a3a  0001 0000000000000000  0001 0000000000000000  0001 0000000000000000  0001 0000000000000000  0000 0000000000000000  0000 0000000000000000  0000 0000000000000000
Frame 0031    0001 1c872489e57be727  0001 0000000000000000  0001 0007a83fdffe0c01  0001 0007f2c000000a01  0001 00043b801ffc083a  0001 0004a1bfefbe083a  0001 0000000000000000  0001 0000000000000000  0001 0000000000000000  0000 0000000000000000  0000 0000000000000000  0000 0000000000000000
Frame 0032    0001 1a85f2dbe217dd0f  0001 00076bffd0001602  0001 0007a83ffffc1402  0001 0007f2c040001202  0001 00043cbff0000a3a  0001 0000000000000000  0001 0000000000000000  0001 0000000000000000  0001 0000000000000000  0000 0000000000000000  0000 0000000000000000  0000 0000000000000000
Frame 0033    0001 1c1313898c617e55  0001 000778c010041205  0001 0007a83fdff81005  0001 0007c3000ffe0e05  0001 0000000000000000  0001 00041dc000020c05  0001 0000000000000000  0001 0000000000000000  0001 0000000000000000  0000 0000000000000000  0000 0000000000000000  0000 0000000000000000
Frame 0034    0001 10957859fd07fb65  0001 00075e3e500c0c01  0001 0007a7c0efe80801  0001 0007f240500c0601  0001 000443ffcfea043a  0001 0000000000000000  0001 0000000000000000  0001 0000000000000000  0001 0000000000000000  0000 0000000000000000  0000 0000000000000000  0000 0000000000000000
Frame 0035    0001 1c4375e61fa2241b  0001 00076bc040001202  0001 0007a83fdffe1002  0001 0007ffbfb0000e02  0001 00044ac01f88083a  0001 0000000000000000  0001 0000000000000000  0001 0000000000000000  0001 0000000000000000  0000 0000000000000000  0000 0000000000000000  0000 0000000000000000
Frame 0036    0001 134a7785b8dbaef9  0001 00076bc00ffe1204  0001 0007a83ff0001004  0001 0000000000000000  0001 000438403faeb47a  0001 000481413f9eb47a  0001 0000000000000000  0001 0000000000000000  0001 0000000000000000  0000 0000000000000000  0000 0000000000000000  0000 0000000000000000
Frame 0037    0001 0000000000000000  0001 0000000000000000  0001 0000000000000000  0001 0000000000000000  0001 0000000000000000  0001 0000000000000000  0001 0000000000000000  0001 0000000000000000  0001 0000000000000000  0000 0000000000000000  0000 0000000000000000  0000 0000000000000000
Frame 0038    0001 0000000000000000  0001 0000000000000000  0001 0000000000000000  0001 0000000000000000  0001 0000000000000000  0001 0000000000000000  0001 0000000000000000  0001 0000000000000000  0001 0000000000000000  0000 0000000000000000  0000 0000000000000000  0000 0000000000000000
Frame 0039    0001 0000000000000000  0001 0000000000000000  0001 0000000000000000  0001 0000000000000000  0001 0000000000000000  0001 0000000000000000  0001 0000000000000000  0001 0000000000000000  0001 0000000000000000  0000 0000000000000000  0000 0000000000000000  0000 0000000000000000
Frame 0040    0001 0000000000000000  0001 0000000000000000  0001 0000000000000000  0001 0000000000000000  0001 0000000000000000  0001 0000000000000000  0001 0000000000000000  0001 0000000000000000  0001 0000000000000000  0000 0000000000000000  0000 0000000000000000  0000 0000000000000000
Frame 0041    0001 0000000000000000  0001 0000000000000000  0001 0000000000000000  0001 0000000000000000  0001 0000000000000000  0001 0000000000000000  0001 0000000000000000  0001 0000000000000000  0001 0000000000000000  0000 0000000000000000  0000 0000000000000000  0000 0000000000000000
Frame 0042    0001 0000000000000000  0001 0000000000000000  0001 0000000000000000  0001 0000000000000000  0001 0000000000000000  0001 0000000000000000  0001 0000000000000000  0001 0000000000000000  0001 0000000000000000  0000 0000000000000000  0000 0000000000000000  0000 0000000000000000
Frame 0043    0001 0000000000000000  0001 0000000000000000  0001 0000000000000000  0001 0000000000000000  0001 0000000000000000  0001 0000000000000000  0001 0000000000000000  0001 0000000000000000  0001 0000000000000000  0000 0000000000000000  0000 0000000000000000  0000 0000000000000000
Frame 0044    0001 0000000000000000  0001 0000000000000000  0001 0000000000000000  0001 0000000000000000  0001 0000000000000000  0001 0000000000000000  0001 0000000000000000  0001 0000000000000000  0001 0000000000000000  0000 0000000000000000  0000 0000000000000000  0000 0000000000000000
Frame 0045    0001 0000000000000000  0001 0000000000000000  0001 0000000000000000  0001 0000000000000000  0001 0000000000000000  0001 0000000000000000  0001 0000000000000000  0001 0000000000000000  0001 0000000000000000  0000 0000000000000000  0000 0000000000000000  0000 0000000000000000
Frame 0046    0001 0000000000000000  0001 0000000000000000  0001 0000000000000000  0001 0000000000000000  0001 0000000000000000  0001 0000000000000000  0001 0000000000000000  0001 0000000000000000  0001 0000000000000000  0000 0000000000000000  0000 0000000000000000  0000 0000000000000000
Frame 0047    0001 0000000000000000  0001 0000000000000000  0001 0000000000000000  0001 0000000000000000  0001 0000000000000000  0001 0000000000000000  0001 0000000000000000  0001 0000000000000000  0001 0000000000000000  0000 0000000000000000  0000 0000000000000000  0000 0000000000000000
Frame 0048    0001 0000000000000000  0001 0000000000000000  0001 0000000000000000  0001 0000000000000000  0001 0000000000000000  0001 0000000000000000  0001 0000000000000000  0001 0000000000000000  0001 0000000000000000  0000 0000000000000000  0000 0000000000000000  0000 0000000000000000
Frame 0049    0001 0000000000000000  0001 0000000000000000  0001 0000000000000000  0001 0000000000000000  0001 0000000000000000  0001 0000000000000000  0001 0000000000000000  0001 0000000000000000  0001 0000000000000000  0000 0000000000000000  0000 0000000000000000  0000 0000000000000000
Frame 0050    0001 0000000000000000  0001 0000000000000000  0001 0000000000000000  0001 0000000000000000  0001 0000000000000000  0001 0000000000000000  0001 0000000000000000  0001 0000000000000000  0001 0000000000000000  0000 0000000000000000  0000 0000000000000000  0000 0000000000000000
Frame 0051    0001 0000000000000000  0001 0000000000000000  0001 0000000000000000  0001 0000000000000000  0001 0000000000000000  0001 0000000000000000  0001 0000000000000000  0001 0000000000000000  0001 0000000000000000  0000 0000000000000000  0000 0000000000000000  0000 0000000000000000
Frame 0052    0001 0000000000000000  0001 0000000000000000  0001 0000000000000000  0001 0000000000000000  0001 0000000000000000  0001 0000000000000000  0001 0000000000000000  0001 0000000000000000  0001 0000000000000000  0000 0000000000000000  0000 0000000000000000  0000 0000000000000000
Frame 0053    0001 0000000000000000  0001 0000000000000000  0001 0000000000000000  0001 0000000000000000  0001 0000000000000000  0001 0000000000000000  0001 0000000000000000  0001 0000000000000000  0001 0000000000000000  0000 0000000000000000  0000 0000000000000000  0000 0000000000000000
Frame 0054    0001 0000000000000000  0001 0000000000000000  0001 0000000000000000  0001 0000000000000000  0001 0000000000000000  0001 0000000000000000  0001 0000000000000000  0001 0000000000000000  0001 0000000000000000  0000 0000000000000000  0000 0000000000000000  0000 0000000000000000
Frame 0055    0001 0000000000000000  0001 0000000000000000  0001 0000000000000000  0001 0000000000000000  0001 0000000000000000  0001 0000000000000000  0001 0000000000000000  0001 0000000000000000  0001 0000000000000000  0000 0000000000000000  0000 0000000000000000  0000 0000000000000000
Frame 0056    0001 0000000000000000  0001 0000000000000000  0001 0000000000000000  0001 0000000000000000  0001 0000000000000000  0001 0000000000000000  0001 0000000000000000  0001 0000000000000000  0001 0000000000000000  0000 0000000000000000  0000 0000000000000000  0000 0000000000000000
Frame 0057    0001 0000000000000000  0001 0000000000000000  0001 0000000000000000  0001 0000000000000000  0001 0000000000000000  0001 0000000000000000  0001 0000000000000000  0001 0000000000000000  0001 0000000000000000  0000 0000000000000000  0000 0000000000000000  0000 0000000000000000
Frame 0058    0001 0000000000000000  0001 0000000000000000  0001 0000000000000000  0001 0000000000000000  0001 0000000000000000  0001 0000000000000000  0001 0000000000000000  0001 0000000000000000  0001 0000000000000000  0000 0000000000000000  0000 0000000000000000  0000 0000000000000000
Frame 0059    0001 0000000000000000  0001 0000000000000000  0001 0000000000000000  0001 0000000000000000  0001 0000000000000000  0001 0000000000000000  0001 0000000000000000  0001 0000000000000000  0001 0000000000000000  0000 0000000000000000  0000 0000000000000000  0000 0000000000000000
Frame 0060    0001 0000000000000000  0001 0000000000000000  0001 0000000000000000  0001 0000000000000000  0001 0000000000000000  0001 0000000000000000  0001 0000000000000000  0001 0000000000000000  0001 0000000000000000  0000 0000000000000000  0000 0000000000000000  0000 0000000000000000
Frame 0061    0001 0000000000000000  0001 0000000000000000  0001 0000000000000000  0001 0000000000000000  0001 0000000000000000  0001 0000000000000000  0001 0000000000000000  0001 0000000000000000  0001 0000000000000000  0000 0000000000000000  0000 0000000000000000  0000 0000000000000000
Frame 0062    0001 0000000000000000  0001 0000000000000000  0001 0000000000000000  0001 0000000000000000  0001 0000000000000000  0001 0000000000000000  0001 0000000000000000  0001 0000000000000000  0001 0000000000000000  0000 0000000000000000  0000 0000000000000000  0000 0000000000000000
Frame 0063    0001 0000000000000000  0001 0000000000000000  0001 0000000000000000  0001 0000000000000000  0001 0000000000000000  0001 0000000000000000  0001 0000000000000000  0001 0000000000000000  0001 0000000000000000  0000 0000000000000000  0000 0000000000000000  0000 0000000000000000
Frame 0064    0001 0000000000000000  0001 0000000000000000  0001 0000000000000000  0001 0000000000000000  0001 0000000000000000  0001 0000000000000000  0001 0000000000000000  0001 0000000000000000  0001 0000000000000000  0000 0000000000000000  0000 0000000000000000  0000 0000000000000000
Frame 0065    0001 0000000000000000  0001 0000000000000000  0001 0000000000000000  0001 0000000000000000  0001 0000000000000000  0001 0000000000000000  0001 0000000000000000  0001 0000000000000000  0001 0000000000000000  0000 0000000000000000  0000 0000000000000000  0000 0000000000000000
Frame 0066    0001 0000000000000000  0001 0000000000000000  0001 0000000000000000  0001 0000000000000000  0001 0000000000000000  0001 0000000000000000  0001 0000000000000000  0001 0000000000000000  0001 0000000000000000  0000 0000000000000000  0000 0000000000000000  0000 0000000000000000
Frame 0067    0001 0000000000000000  0001 0000000000000000  0001 0000000000000000  0001 0000000000000000  0001 0000000000000000  0001 0000000000000000  0001 0000000000000000  0001 0000000000000000  0001 0000000000000000  0000 0000000000000000  0000 0000000000000000  0000 0000000000000000
Frame 0068    0001 0000000000000000  0001 0000000000000000  0001 0000000000000000  0001 0000000000000000  0001 0000000000000000  0001 0000000000000000  0001 0000000000000000  0001 0000000000000000  0001 0000000000000000  0000 0000000000000000  0000 0000000000000000  0000 0000000000000000
Frame 0069    0001 0000000000000000  0001 0000000000000000  0001 0000000000000000  0001 0000000000000000  0001 0000000000000000  0001 0000000000000000  0001 0000000000000000  0001 0000000000000000  0001 0000000000000000  0000 0000000000000000  0000 0000000000000000  0000 0000000000000000
Frame 0070    0001 0000000000000000  0001 0000000000000000  0001 0000000000000000  0001 0000000000000000  0001 0000000000000000  0001 0000000000000000  0001 0000000000000000  0001 0000000000000000  0001 0000000000000000  0000 0000000000000000  0000 0000000000000000  0000 0000000000000000
Frame 0071    0001 0000000000000000  0001 0000000000000000  0001 0000000000000000  0001 0000000000000000  0001 0000000000000000  0001 0000000000000000  0001 0000000000000000  0001 0000000000000000  0001 0000000000000000  0000 0000000000000000  0000 0000000000000000  0000 0000000000000000
Frame 0072    0001 0000000000000000  0001 0000000000000000  0001 0000000000000000  0001 0000000000000000  0001 0000000000000000  0001 0000000000000000  0001 0000000000000000  0001 0000000000000000  0001 0000000000000000  0000 0000000000000000  0000 0000000000000000  0000 0000000000000000
Frame 0073    0001 0000000000000000  0001 0000000000000000  0001 0000000000000000  0001 0000000000000000  0001 0000000000000000  0001 0000000000000000  0001 0000000000000000  0001 0000000000000000  0001 0000000000000000  0000 0000000000000000  0000 0000000000000000  0000 0000000000000000
Frame 0074    0001 0000000000000000  0001 0000000000000000  0001 0000000000000000  0001 0000000000000000  0001 0000000000000000  0001 0000000000000000  0001 0000000000000000  0001 0000000000000000  0001 0000000000000000  0000 0000000000000000  0000 0000000000000000  0000 0000000000000000
Frame 0075    0001 0000000000000000  0001 0000000000000000  0001 0000000000000000  0001 0000000000000000  0001 0000000000000000  0001 0000000000000000  0001 0000000000000000  0001 0000000000000000  0001 0000000000000000  0000 0000000000000000  0000 0000000000000000  0000 0000000000000000
Frame 0076    0001 0000000000000000  0001 0000000000000000  0001 0000000000000000  0001 0000000000000000  0001 0000000000000000  0001 0000000000000000  0001 0000000000000000  0001 0000000000000000  0001 0000000000000000  0000 0000000000000000  0000 0000000000000000  0000 0000000000000000
Frame 0077    0001 0000000000000000  0001 0000000000000000  0001 0000000000000000  0001 0000000000000000  0001 0000000000000000  0001 0000000000000000  0001 0000000000000000  0001 0000000000000000  0001 0000000000000000  0000 0000000000000000  0000 0000000000000000  0000 0000000000000000
Frame 0078    0001 0000000000000000  0001 0000000000000000  0001 0000000000000000  0001 0000000000000000  0001 0000000000000000  0001 0000000000000000  0001 0000000000000000  0001 0000000000000000  0001 0000000000000000  0000 0000000000000000  0000 0000000000000000  0000 0000000000000000
Frame 0079    0001 0000000000000000  0001 0000000000000000  0001 0000000000000000  0001 0000000000000000  0001 0000000000000000  0001 0000000000000000  0001 0000000000000000  0001 0000000000000000  0001 0000000000000000  0000 0000000000000000  0000 0000000000000000  0000 0000000000000000
Frame 0080    0001 0000000000000000  0001 0000000000000000  0001 0000000000000000  0001 0000000000000000  0001 0000000000000000  0001 0000000000000000  0001 0000000000000000  0001 0000000000000000  0001 0000000000000000  0000 0000000000000000  0000 0000000000000000  0000 0000000000000000
Frame 0081    0001 0000000000000000  0001 0000000000000000  0001 0000000000000000  0001 0000000000000000  0001 0000000000000000  0001 0000000000000000  0001 0000000000000000  0001 0000000000000000  0001 0000000000000000  0000 0000000000000000  0000 0000000000000000  0000 0000000000000000
Frame 0082    0001 0000000000000000  0001 0000000000000000  0001 0000000000000000  0001 0000000000000000  0001 0000000000000000  0001 0000000000000000  0001 0000000000000000  0001 0000000000000000  0001 0000000000000000  0000 0000000000000000  0000 0000000000000000  0000 0000000000000000
Frame 0083    0001 0000000000000000  0001 0000000000000000  0001 0000000000000000  0001 0000000000000000  0001 0000000000000000  0001 0000000000000000  0001 0000000000000000  0001 0000000000000000  0001 0000000000000000  0000 0000000000000000  0000 0000000000000000  0000 0000000000000000
Frame 0084    0001 0000000000000000  0001 0000000000000000  0001 0000000000000000  0001 0000000000000000  0001 0000000000000000  0001 0000000000000000  0001 0000000000000000  0001 0000000000000000  0001 0000000000000000  0000 0000000000000000  0000 0000000000000000  0000 0000000000000000
Frame 0085    0001 0000000000000000  0001 0000000000000000  0001 0000000000000000  0001 0000000000000000  0001 0000000000000000  0001 0000000000000000  0001 0000000000000000  0001 0000000000000000  0001 0000000000000000  0000 0000000000000000  0000 0000000000000000  0000 0000000000000000
Frame 0086    0001 0000000000000000  0001 0000000000000000  0001 0000000000000000  0001 0000000000000000  0001 0000000000000000  0001 0000000000000000  0001 0000000000000000  0001 0000000000000000  0001 0000000000000000  0000 0000000000000000  0000 0000000000000000  0000 0000000000000000
Frame 0087    0001 0000000000000000  0001 0000000000000000  0001 0000000000000000  0001 0000000000000000  0001 0000000000000000  0001 0000000000000000  0001 0000000000000000  0001 0000000000000000  0001 0000000000000000  0000 0000000000000000  0000 0000000000000000  0000 0000000000000000
Frame 0088    0001 0000000000000000  0001 0000000000000000  0001 0000000000000000  0001 0000000000000000  0001 0000000000000000  0001 0000000000000000  0001 0000000000000000  0001 0000000000000000  0001 0000000000000000  0000 0000000000000000  0000 0000000000000000  0000 0000000000000000
Frame 0089    0001 0000000000000000  0001 0000000000000000  0001 0000000000000000  0001 0000000000000000  0001 0000000000000000  0001 0000000000000000  0001 0000000000000000  0001 0000000000000000  0001 0000000000000000  0000 0000000000000000  0000 0000000000000000  0000 0000000000000000
Frame 0090    0001 0000000000000000  0001 0000000000000000  0001 0000000000000000  0001 0000000000000000  0001 0000000000000000  0001 0000000000000000  0001 0000000000000000  0001 0000000000000000  0001 0000000000000000  0000 0000000000000000  0000 0000000000000000  0000 0000000000000000
Frame 0091    0001 0000000000000000  0001 0000000000000000  0001 0000000000000000  0001 0000000000000000  0001 0000000000000000  0001 0000000000000000  0001 0000000000000000  0001 0000000000000000  0001 0000000000000000  0000 0000000000000000  0000 0000000000000000  0000 0000000000000000
Frame 0092    0001 0000000000000000  0001 0000000000000000  0001 0000000000000000  0001 0000000000000000  0001 0000000000000000  0001 0000000000000000  0001 0000000000000000  0001 0000000000000000  0001 0000000000000000  0000 0000000000000000  0000 0000000000000000  0000 0000000000000000
Frame 0093    0001 0000000000000000  0001 0000000000000000  0001 0000000000000000  0001 0000000000000000  0001 0000000000000000  0001 0000000000000000  0001 0000000000000000  0001 0000000000000000  0001 0000000000000000  0000 0000000000000000  0000 0000000000000000  0000 0000000000000000
Frame 0094    0001 0000000000000000  0001 0000000000000000  0001 0000000000000000  0001 0000000000000000  0001 0000000000000000  0001 0000000000000000  0001 0000000000000000  0001 0000000000000000  0001 0000000000000000  0000 0000000000000000  0000 0000000000000000  0000 0000000000000000
Frame 0095    0001 0000000000000000  0001 0000000000000000  0001 0000000000000000  0001 0000000000000000  0001 0000000000000000  0001 0000000000000000  0001 0000000000000000  0001 0000000000000000  0001 0000000000000000  0000 0000000000000000  0000 0000000000000000  0000 0000000000000000
Frame 0096    0001 0000000000000000  0001 0000000000000000  0001 0000000000000000  0001 0000000000000000  0001 0000000000000000  0001 0000000000000000  0001 0000000000000000  0001 0000000000000000  0001 0000000000000000  0000 0000000000000000  0000 0000000000000000  0000 0000000000000000
Frame 0097    0001 0000000000000000  0001 0000000000000000  0001 0000000000000000  0001 0000000000000000  0001 0000000000000000  0001 0000000000000000  0001 0000000000000000  0001 0000000000000000  0001 0000000000000000  0000 0000000000000000  0000 0000000000000000  0000 0000000000000000
Frame 0098    0001 0000000000000000  0001 0000000000000000  0001 0000000000000000  0001 0000000000000000  0001 0000000000000000  0001 0000000000000000  0001 0000000000000000  0001 0000000000000000  0001 0000000000000000  0000 0000000000000000  0000 0000000000000000  0000 0000000000000000
Frame 0099    0001 0000000000000000  0001 0000000000000000  0001 0000000000000000  0001 0000000000000000  0001 0000000000000000  0001 0000000000000000  0001 0000000000000000  0001 0000000000000000  0001 0000000000000000  0000 0000000000000000  0000 0000000000000000  0000 0000000000000000
Frame 0100    0001 0000000000000000  0001 0000000000000000  0001 0000000000000000  0001 0000000000000000  0001 0000000000000000  0001 0000000000000000  0001 0000000000000000  0001 0000000000000000  0001 0000000000000000  0000 0000000000000000  0000 0000000000000000  0000 0000000000000000
Frame 0101    0001 0000000000000000  0001 0000000000000000  0001 0000000000000000  0001 0000000000000000  0001 0000000000000000  0001 0000000000000000  0001 0000000000000000  0001 0000000000000000  0001 0000000000000000  0000 0000000000000000  0000 0000000000000000  0000 0000000000000000
Frame 0102    0001 0000000000000000  0001 0000000000000000  0001 0000000000000000  0001 0000000000000000  0001 0000000000000000  0001 0000000000000000  0001 0000000000000000  0001 0000000000000000  0001 0000000000000000  0000 0000000000000000  0000 0000000000000000  0000 0000000000000000
Frame 0103    0001 0000000000000000  0001 0000000000000000  0001 0000000000000000  0001 0000000000000000  0001 0000000000000000  0001 0000000000000000  0001 0000000000000000  0001 0000000000000000  0001 0000000000000000  0000 0000000000000000  0000 0000000000000000  0000 0000000000000000
Frame 0104    0001 0000000000000000  0001 0000000000000000  0001 0000000000000000  0001 0000000000000000  0001 0000000000000000  0001 0000000000000000  0001 0000000000000000  0001 0000000000000000  0001 0000000000000000  0000 0000000000000000  0000 0000000000000000  0000 0000000000000000
Frame 0105    0001 0000000000000000  0001 0000000000000000  0001 0000000000000000  0001 0000000000000000  0001 0000000000000000  0001 0000000000000000  0001 0000000000000000  0001 0000000000000000  0001 0000000000000000  0000 0000000000000000  0000 0000000000000000  0000 0000000000000000
Frame 0106    0001 0000000000000000  0001 0000000000000000  0001 0000000000000000  0001 0000000000000000  0001 0000000000000000  0001 0000000000000000  0001 0000000000000000  0001 0000000000000000  0001 0000000000000000  0000 0000000000000000  0000 0000000000000000  0000 0000000000000000
Frame 0107    0001 0000000000000000  0001 0000000000000000  0001 0000000000000000  0001 0000000000000000  0001 0000000000000000  0001 0000000000000000  0001 0000000000000000  0001 0000000000000000  0001 0000000000000000  0000 0000000000000000  0000 0000000000000000  0000 0000000000000000
Frame 0108    0001 0000000000000000  0001 0000000000000000  0001 0000000000000000  0001 0000000000000000  0001 0000000000000000  0001 0000000000000000  0001 0000000000000000  0001 0000000000000000  0001 0000000000000000  0000 0000000000000000  0000 0000000000000000  0000 0000000000000000
Frame 0109    0001 0000000000000000  0001 0000000000000000  0001 0000000000000000  0001 0000000000000000  0001 0000000000000000  0001 0000000000000000  0001 0000000000000000  0001 0000000000000000  0001 0000000000000000  0000 0000000000000000  0000 0000000000000000  0000 0000000000000000
Frame 0110    0001 0000000000000000  0001 0000000000000000  0001 0000000000000000  0001 0000000000000000  0001 0000000000000000  0001 0000000000000000  0001 0000000000000000  0001 0000000000000000  0001 0000000000000000  0000 0000000000000000  0000 0000000000000000  0000 0000000000000000
Frame 0111    0001 0000000000000000  0001 0000000000000000  0001 0000000000000000  0001 0000000000000000  0001 0000000000000000  0001 0000000000000000  0001 0000000000000000  0001 0000000000000000  0001 0000000000000000  0000 0000000000000000  0000 0000000000000000  0000 0000000000000000
Frame 0112    0001 0000000000000000  0001 0000000000000000  0001 0000000000000000  0001 0000000000000000  0001 0000000000000000  0001 0000000000000000  0001 0000000000000000  0001 0000000000000000  0001 0000000000000000  0000 0000000000000000  0000 0000000000000000  0000 0000000000000000
Frame 0113    0001 0000000000000000  0001 0000000000000000  0001 0000000000000000  0001 0000000000000000  0001 0000000000000000  0001 0000000000000000  0001 0000000000000000  0001 0000000000000000  0001 0000000000000000  0000 0000000000000000  0000 0000000000000000  0000 0000000000000000
Frame 0114    0001 0000000000000000  0001 0000000000000000  0001 0000000000000000  0001 0000000000000000  0001 0000000000000000  0001 0000000000000000  0001 0000000000000000  0001 0000000000000000  0001 0000000000000000  0000 0000000000000000  0000 0000000000000000  0000 0000000000000000
Frame 0115    0001 0000000000000000  0001 0000000000000000  0001 0000000000000000  0001 0000000000000000  0001 0000000000000000  0001 0000000000000000  0001 0000000000000000  0001 0000000000000000  0001 0000000000000000  0000 0000000000000000  0000 0000000000000000  0000 0000000000000000
Frame 0116    0001 0000000000000000  0001 0000000000000000  0001 0000000000000000  0001 0000000000000000  0001 0000000000000000  0001 0000000000000000  0001 0000000000000000  0001 0000000000000000  0001 0000000000000000  0000 0000000000000000  0000 0000000000000000  0000 0000000000000000
Frame 0117    0001 0000000000000000  0001 0000000000000000  0001 0000000000000000  0001 0000000000000000  0001 0000000000000000  0001 0000000000000000  0001 0000000000000000  0001 0000000000000000  0001 0000000000000000  0000 0000000000000000  0000 0000000000000000  0000 0000000000000000
Frame 0118    0001 0000000000000000  0001 0000000000000000  0001 0000000000000000  0001 0000000000000000  0001 0000000000000000  0001 0000000000000000  0001 0000000000000000  0001 0000000000000000  0001 0000000000000000  0000 0000000000000000  0000 0000000000000000  0000 0000000000000000
Frame 0119    0001 0000000000000000  0001 0000000000000000  0001 0000000000000000  0001 0000000000000000  0001 0000000000000000  0001 0000000000000000  0001 0000000000000000  0001 0000000000000000  0001 0000000000000000  0000 0000000000000000  0000 0000000000000000  0000 0000000000000000
Frame 0120    0001 0000000000000000  0001 0000000000000000  0001 0000000000000000  0001 0000000000000000  0001 0000000000000000  0001 0000000000000000  0001 0000000000000000  0001 0000000000000000  0001 0000000000000000  0000 0000000000000000  0000 0000000000000000  0000 0000000000000000
Frame 0121    0001 0000000000000000  0001 0000000000000000  0001 0000000000000000  0001 0000000000000000  0001 0000000000000000  0001 0000000000000000  0001 0000000000000000  0001 0000000000000000  0001 0000000000000000  0000 0000000000000000  0000 0000000000000000  0000 0000000000000000
Frame 0122    0001 0000000000000000  0001 0000000000000000  0001 0000000000000000  0001 0000000000000000  0001 0000000000000000  0001 0000000000000000  0001 0000000000000000  0001 0000000000000000  0001 0000000000000000  0000 0000000000000000  0000 0000000000000000  0000 0000000000000000
Frame 0123    0001 0000000000000000  0001 0000000000000000  0001 0000000000000000  0001 0000000000000000  0001 0000000000000000  0001 0000000000000000  0001 0000000000000000  0001 0000000000000000  0001 0000000000000000  0000 0000000000000000  0000 0000000000000000  0000 0000000000000000
Frame 0124    0001 0000000000000000  0001 0000000000000000  0001 0000000000000000  0001 0000000000000000  0001 0000000000000000  0001 0000000000000000  0001 0000000000000000  0001 0000000000000000  0001 0000000000000000  0000 0000000000000000  0000 0000000000000000  0000 0000000000000000
Frame 0125    0001 0000000000000000  0001 0000000000000000  0001 0000000000000000  0001 0000000000000000  0001 0000000000000000  0001 0000000000000000  0001 0000000000000000  0001 0000000000000000  0001 0000000000000000  0000 0000000000000000  0000 0000000000000000  0000 0000000000000000
Frame 0126    0001 0000000000000000  0001 0000000000000000  0001 0000000000000000  0001 0000000000000000  0001 0000000000000000  0001 0000000000000000  0001 0000000000000000  0001 0000000000000000  0001 0000000000000000  0000 0000000000000000  0000 0000000000000000  0000 0000000000000000
Frame 0127    0001 0000000000000000  0001 0000000000000000  0001 0000000000000000  0001 0000000000000000  0001 0000000000000000  0001 0000000000000000  0001 0000000000000000  0001 0000000000000000  0001 0000000000000000  0000 0000000000000000  0000 0000000000000000  0000 0000000000000000
Frame 0128    0001 0000000000000000  0001 0000000000000000  0001 0000000000000000  0001 0000000000000000  0001 0000000000000000  0001 0000000000000000  0001 0000000000000000  0001 0000000000000000  0001 0000000000000000  0000 0000000000000000  0000 0000000000000000  0000 0000000000000000
Frame 0129    0001 0000000000000000  0001 0000000000000000  0001 0000000000000000  0001 0000000000000000  0001 0000000000000000  0001 0000000000000000  0001 0000000000000000  0001 0000000000000000  0001 0000000000000000  0000 0000000000000000  0000 0000000000000000  0000 0000000000000000
Frame 0130    0001 0000000000000000  0001 0000000000000000  0001 0000000000000000  0001 0000000000000000  0001 0000000000000000  0001 0000000000000000  0001 0000000000000000  0001 0000000000000000  0001 0000000000000000  0000 0000000000000000  0000 0000000000000000  0000 0000000000000000
Frame 0131    0001 0000000000000000  0001 0000000000000000  0001 0000000000000000  0001 0000000000000000  0001 0000000000000000  0001 0000000000000000  0001 0000000000000000  0001 0000000000000000  0001 0000000000000000  0000 0000000000000000  0000 0000000000000000  0000 0000000000000000
Frame 0132    0001 0000000000000000  0001 0000000000000000  0001 0000000000000000  0001 0000000000000000  0001 0000000000000000  0001 0000000000000000  0001 0000000000000000  0001 0000000000000000  0001 0000000000000000  0000 0000000000000000  0000 0000000000000000  0000 0000000000000000
Frame 0133    0001 0000000000000000  0001 0000000000000000  0001 0000000000000000  0001 0000000000000000  0001 0000000000000000  0001 0000000000000000  0001 0000000000000000  0001 0000000000000000  0001 0000000000000000  0000 0000000000000000  0000 0000000000000000  0000 0000000000000000
Frame 0134    0001 0000000000000000  0001 0000000000000000  0001 0000000000000000  0001 0000000000000000  0001 0000000000000000  0001 0000000000000000  0001 0000000000000000  0001 0000000000000000  0001 0000000000000000  0000 0000000000000000  0000 0000000000000000  0000 0000000000000000
Frame 0135    0001 0000000000000000  0001 0000000000000000  0001 0000000000000000  0001 0000000000000000  0001 0000000000000000  0001 0000000000000000  0001 0000000000000000  0001 0000000000000000  0001 0000000000000000  0000 0000000000000000  0000 0000000000000000  0000 0000000000000000
Frame 0136    0001 0000000000000000  0001 0000000000000000  0001 0000000000000000  0001 0000000000000000  0001 0000000000000000  0001 0000000000000000  0001 0000000000000000  0001 0000000000000000  0001 0000000000000000  0000 0000000000000000  0000 0000000000000000  0000 0000000000000000
Frame 0137    0001 0000000000000000  0001 0000000000000000  0001 0000000000000000  0001 0000000000000000  0001 0000000000000000  0001 0000000000000000  0001 0000000000000000  0001 0000000000000000  0001 0000000000000000  0000 0000000000000000  0000 0000000000000000  0000 0000000000000000
Frame 0138    0001 0000000000000000  0001 0000000000000000  0001 0000000000000000  0001 0000000000000000  0001 0000000000000000  0001 0000000000000000  0001 0000000000000000  0001 0000000000000000  0001 0000000000000000  0000 0000000000000000  0000 0000000000000000  0000 0000000000000000
Frame 0139    0001 0000000000000000  0001 0000000000000000  0001 0000000000000000  0001 0000000000000000  0001 0000000000000000  0001 0000000000000000  0001 0000000000000000  0001 0000000000000000  0001 0000000000000000  0000 0000000000000000  0000 0000000000000000  0000 0000000000000000
Frame 0140    0001 0000000000000000  0001 0000000000000000  0001 0000000000000000  0001 0000000000000000  0001 0000000000000000  0001 0000000000000000  0001 0000000000000000  0001 0000000000000000  0001 0000000000000000  0000 0000000000000000  0000 0000000000000000  0000 0000000000000000
Frame 0141    0001 0000000000000000  0001 0000000000000000  0001 0000000000000000  0001 0000000000000000  0001 0000000000000000  0001 0000000000000000  0001 0000000000000000  0001 0000000000000000  0001 0000000000000000  0000 0000000000000000  0000 0000000000000000  0000 0000000000000000
Frame 0142    0001 0000000000000000  0001 0000000000000000  0001 0000000000000000  0001 0000000000000000  0001 0000000000000000  0001 0000000000000000  0001 0000000000000000  0001 0000000000000000  0001 0000000000000000  0000 0000000000000000  0000 0000000000000000  0000 0000000000000000
Frame 0143    0001 0000000000000000  0001 0000000000000000  0001 0000000000000000  0001 0000000000000000  0001 0000000000000000  0001 0000000000000000  0001 0000000000000000  0001 0000000000000000  0001 0000000000000000  0000 0000000000000000  0000 0000000000000000  0000 0000000000000000
Frame 0144    0001 0000000000000000  0001 0000000000000000  0001 0000000000000000  0001 0000000000000000  0001 0000000000000000  0001 0000000000000000  0001 0000000000000000  0001 0000000000000000  0001 0000000000000000  0000 0000000000000000  0000 0000000000000000  0000 0000000000000000
Frame 0145    0001 0000000000000000  0001 0000000000000000  0001 0000000000000000  0001 0000000000000000  0001 0000000000000000  0001 0000000000000000  0001 0000000000000000  0001 0000000000000000  0001 0000000000000000  0000 0000000000000000  0000 0000000000000000  0000 0000000000000000
Frame 0146    0001 0000000000000000  0001 0000000000000000  0001 0000000000000000  0001 0000000000000000  0001 0000000000000000  0001 0000000000000000  0001 0000000000000000  0001 0000000000000000  0001 0000000000000000  0000 0000000000000000  0000 0000000000000000  0000 0000000000000000
Frame 0147    0001 0000000000000000  0001 0000000000000000  0001 0000000000000000  0001 0000000000000000  0001 0000000000000000  0001 0000000000000000  0001 0000000000000000  0001 0000000000000000  0001 0000000000000000  0000 0000000000000000  0000 0000000000000000  0000 0000000000000000
Frame 0148    0001 0000000000000000  0001 0000000000000000  0001 0000000000000000  0001 0000000000000000  0001 0000000000000000  0001 0000000000000000  0001 0000000000000000  0001 0000000000000000  0001 0000000000000000  0000 0000000000000000  0000 0000000000000000  0000 0000000000000000
Frame 0149    0001 0000000000000000  0001 0000000000000000  0001 0000000000000000  0001 0000000000000000  0001 0000000000000000  0001 0000000000000000  0001 0000000000000000  0001 0000000000000000  0001 0000000000000000  0000 0000000000000000  0000 0000000000000000  0000 0000000000000000
Frame 0150    0001 0000000000000000  0001 0000000000000000  0001 0000000000000000  0001 0000000000000000  0001 0000000000000000  0001 0000000000000000  0001 0000000000000000  0001 0000000000000000  0001 0000000000000000  0000 0000000000000000  0000 0000000000000000  0000 0000000000000000
Frame 0151    0001 0000000000000000  0001 0000000000000000  0001 0000000000000000  0001 0000000000000000  0001 0000000000000000  0001 0000000000000000  0001 0000000000000000  0001 0000000000000000  0001 0000000000000000  0000 0000000000000000  0000 0000000000000000  0000 0000000000000000
Frame 0152    0001 0000000000000000  0001 0000000000000000  0001 0000000000000000  0001 0000000000000000  0001 0000000000000000  0001 0000000000000000  0001 0000000000000000  0001 0000000000000000  0001 0000000000000000  0000 0000000000000000  0000 0000000000000000  0000 0000000000000000
Frame 0153    0001 0000000000000000  0001 0000000000000000  0001 0000000000000000  0001 0000000000000000  0001 0000000000000000  0001 0000000000000000  0001 0000000000000000  0001 0000000000000000  0001 0000000000000000  0000 0000000000000000  0000 0000000000000000  0000 0000000000000000
Frame 0154    0001 0000000000000000  0001 0000000000000000  0001 0000000000000000  0001 0000000000000000  0001 0000000000000000  0001 0000000000000000  0001 0000000000000000  0001 0000000000000000  0001 0000000000000000  0000 0000000000000000  0000 0000000000000000  0000 0000000000000000
Frame 0155    0001 0000000000000000  0001 0000000000000000  0001 0000000000000000  0001 0000000000000000  0001 0000000000000000  0001 0000000000000000  0001 0000000000000000  0001 0000000000000000  0001 0000000000000000  0000 0000000000000000  0000 0000000000000000  0000 0000000000000000
Frame 0156    0001 0000000000000000  0001 0000000000000000  0001 0000000000000000  0001 0000000000000000  0001 0000000000000000  0001 0000000000000000  0001 0000000000000000  0001 0000000000000000  0001 0000000000000000  0000 0000000000000000  0000 0000000000000000  0000 0000000000000000
Frame 0157    0001 0000000000000000  0001 0000000000000000  0001 0000000000000000  0001 0000000000000000  0001 0000000000000000  0001 0000000000000000  0001 0000000000000000  0001 0000000000000000  0001 0000000000000000  0000 0000000000000000  0000 0000000000000000  0000 0000000000000000
Frame 0158    0001 0000000000000000  0001 0000000000000000  0001 0000000000000000  0001 0000000000000000  0001 0000000000000000  0001 0000000000000000  0001 0000000000000000  0001 0000000000000000  0001 0000000000000000  0000 0000000000000000  0000 0000000000000000  0000 0000000000000000
Frame 0159    0001 0000000000000000  0001 0000000000000000  0001 0000000000000000  0001 0000000000000000  0001 0000000000000000  0001 0000000000000000  0001 0000000000000000  0001 0000000000000000  0001 0000000000000000  0000 0000000000000000  0000 0000000000000000  0000 0000000000000000
Frame 0160    0001 0000000000000000  0001 0000000000000000  0001 0000000000000000  0001 0000000000000000  0001 0000000000000000  0001 0000000000000000  0001 0000000000000000  0001 0000000000000000  0001 0000000000000000  0000 0000000000000000  0000 0000000000000000  0000 0000000000000000
Frame 0161    0001 0000000000000000  0001 0000000000000000  0001 0000000000000000  0001 0000000000000000  0001 0000000000000000  0001 0000000000000000  0001 0000000000000000  0001 0000000000000000  0001 0000000000000000  0000 0000000000000000  0000 0000000000000000  0000 0000000000000000
Frame 0162    0000 0000000000000000  0000 0000000000000000  0000 0000000000000000  0000 0000000000000000  0000 0000000000000000  0000 0000000000000000  0000 0000000000000000  0000 0000000000000000  0000 0000000000000000  0000 0000000000000000  0000 0000000000000000  0000 0000000000000000
Frame 0163    0000 0000000000000000  0000 0000000000000000  0000 0000000000000000  0000 0000000000000000  0000 0000000000000000  0000 0000000000000000  0000 0000000000000000  0000 0000000000000000  0000 0000000000000000  0000 0000000000000000  0000 0000000000000000  0000 0000000000000000
Frame 0164    0000 0000000000000000  0000 0000000000000000  0000 0000000000000000  0000 0000000000000000  0000 0000000000000000  0000 0000000000000000  0000 0000000000000000  0000 0000000000000000  0000 0000000000000000  0000 0000000000000000  0000 0000000000000000  0000 0000000000000000
Frame 0165    0000 0000000000000000  0000 0000000000000000  0000 0000000000000000  0000 0000000000000000  0000 0000000000000000  0000 0000000000000000  0000 0000000000000000  0000 0000000000000000  0000 0000000000000000  0000 0000000000000000  0000 0000000000000000  0000 0000000000000000
Frame 0166    0000 0000000000000000  0000 0000000000000000  0000 0000000000000000  0000 0000000000000000  0000 0000000000000000  0000 0000000000000000  0000 0000000000000000  0000 0000000000000000  0000 0000000000000000  0000 0000000000000000  0000 0000000000000000  0000 0000000000000000
Frame 0167    0000 0000000000000000  0000 0000000000000000  0000 0000000000000000  0000 0000000000000000  0000 0000000000000000  0000 0000000000000000  0000 0000000000000000  0000 0000000000000000  0000 0000000000000000  0000 0000000000000000  0000 0000000000000000  0000 0000000000000000
Frame 0168    0001 144728c9fc43fa62  0001 00076bc050000e01  0001 0007a83fa0000c01  0001 0000000000000000  0001 00043ac0006c083a  0001 000491c00fbe083a  0001 0000000000000000  0001 0000000000000000  0001 0000000000000000  0000 0000000000000000  0000 0000000000000000  0000 0000000000000000
Frame 0169    0001 1a633c32407641c9  0001 000773806ffa1603  0001 0007a83fb0001403  0001 0007f27feffe1203  0001 00044ac00fe60a3a  0001 0000000000000000  0001 0000000000000000  0001 0000000000000000  0001 0000000000000000  0000 0000000000000000  0000 0000000000000000  0000 0000000000000000
Frame 0170    0001 1983dac23b52412b  0001 00076bc030021a03  0001 0007a83feffa1803  0001 0007f5bfc0001603  0001 00043c8000560c3a  0001 0000000000000000  0001 0000000000000000  0001 0000000000000000  0001 0000000000000000  0000 0000000000000000  0000 0000000000000000  0000 0000000000000000
Frame 0171    0001 15445db1f427f4f2  0001 00076bc070021001  0001 0007a83faffc0e01  0001 0007f33fd0000c01  0001 00043c4020320a3a  0001 0000000000000000  0001 0000000000000000  0001 0000000000000000  0001 0000000000000000  0000 0000000000000000  0000 0000000000000000  0000 0000000000000000
Frame 0172    0001 19b2a932179a1b22  0001 00076bc010001a01  0001 0007a83fdffe1001  0001 0000000000000000  0001 00043c4020140c3a  0001 00049fffe0400c3a  0001 0000000000000000  0001 0000000000000000  0001 0000000000000000  0000 0000000000000000  0000 0000000000000000  0000 0000000000000000
Frame 0173    0001 12ae6e41a6e99c6f  0001 00076fc010001004  0001 0007a83feffe0e04  0001 0007f2400ff80c04  0001 0004050000060c04  0001 0000000000000000  0001 0000000000000000  0001 0000000000000000  0001 0000000000000000  0000 0000000000000000  0000 0000000000000000  0000 0000000000000000
Frame 0174    0001 1bd7e0684c8855ad  0001 0007728000021404  0001 0007a83ffffa1204  0001 0007f24000021004  0001 0000000000000000  0001 000468ff4076e87a  0001 0000000000000000  0001 0000000000000000  0001 0000000000000000  0000 0000000000000000  0000 0000000000000000  0000 0000000000000000
Frame 0175    0001 1ae444663d9643b5  0001 0000000000000000  0001 0007a83faffe1403  0001 0007f24090001203  0001 00043d3fefbc0a3a  0001 0004817e002b1a64  0001 0000000000000000  0001 0000000000000000  0001 0000000000000000  0000 0000000000000000  0000 0000000000000000  0000 0000000000000000
Frame 0176    0001 13c3fbdfdf65dbac  0001 00076bffa0001202  0001 0007a8000ffc1002  0001 0007fd8050000e02  0001 0000000000000000  0001 0004a1fffffc083a  0001 0000000000000000  0001 0000000000000000  0001 0000000000000000  0000 0000000000000000  0000 0000000000000000  0000 0000000000000000
Frame 0177    0001 1adfa4663c6e4384  0001 000779ff8ffc1603  0001 0007a80040041403  0001 0007f2405ffe1203  0001 00043d3fefb80a3a  0001 0000000000000000  0001 0000000000000000  0001 0000000000000000  0001 0000000000000000  0000 0000000000000000  0000 0000000000000000  0000 0000000000000000
Frame 0178    0001 1a375de208ee0af0  0001 00076bff40001001  0001 0007a8004ffc0e01  0001 0007e78090000c01  0001 00044b3fb0040a3a  0001 0000000000000000  0001 0000000000000000  0001 0000000000000000  0001 0000000000000000  0000 0000000000000000  0000 0000000000000000  0000 0000000000000000
Frame 0179    0001 1affc733b159a99c  0001 0007714030041604  0001 0007a83fdffc1404  0001 0007f27fcff61204  0001 00042e4020021203  0001 0000000000000000  0001 0000000000000000  0001 0000000000000000  0001 0000000000000000  0000 0000000000000000  0000 0000000000000000  0000 0000000000000000
Frame 0180    0001 1a369de208f40b0b  0001 00076bffbffe1001  0001 0007a80000000e01  0001 0007f3c05ffe0c01  0001 00044b3fd01e0a3a  0001 0000000000000000  0001 0000000000000000  0001 0000000000000000  0001 0000000000000000  0000 0000000000000000  0000 0000000000000000  0000 0000000000000000
Frame 0181    0001 1d39be659d278b72  0001 00076bc030041005  0001 0007a83fbff80e05  0001 0007dbfffffe0c04  0001 000402c010020c04  0001 0000000000000000  0001 0000000000000000  0001 0000000000000000  0001 0000000000000000  0000 0000000000000000  0000 0000000000000000  0000 0000000000000000
Frame 0182    0001 19bd3eb8a042b427  0001 00076bc020001a07  0001 0007877fcffc1807  0001 0007a1401ffe1807  0001 0007c68000001607  0001 0000000000000000  0001 0000000000000000  0001 0000000000000000  0001 0000000000000000  0000 0000000000000000  0000 0000000000000000  0000 0000000000000000
Frame 0183    0001 1d020f700a2809e2  0001 00076bc030000e01  0001 0007a83fdffe0c01  0001 0000000000000000  0001 00043ac0003c083a  0001 0000000000000000  0001 00050f400038063a  0001 0000000000000000  0001 0000000000000000  0000 0000000000000000  0000 0000000000000000  0000 0000000000000000
Frame 0184    0001 14b1731e0cd40ef0  0001 0000000000000000  0001 0007a83ffffe0c01  0001 0007f5ffd0000a01  0001 0000000000000000  0001 0004a1803f8e083a  0001 00050e3feffc063a  0001 0000000000000000  0001 0000000000000000  0000 0000000000000000  0000 0000000000000000  0000 0000000000000000
Frame 0185    0001 10cfc27a09bc0965  0001 0000000000000000  0001 0007a83fe0000801  0001 0007f30010000601  0001 00044ac00070043a  0001 0004907fff96043a  0001 0000000000000000  0001 0000000000000000  0001 0000000000000000  0000 0000000000000000  0000 0000000000000000  0000 0000000000000000
Frame 0186    0001 1b73c1ef932780b3  0001 00076bfff0001405  0001 0000000000000000  0001 0007c4001ffe1204  0001 0007e8bfe0001204  0001 000423800ffe1004  0001 0000000000000000  0001 0000000000000000  0001 0000000000000000  0000 0000000000000000  0000 0000000000000000  0000 0000000000000000
Frame 0187    0001 1b5071460538061e  0001 00076bc00ffe0e01  0001 0000000000000000  0001 0007ea7fe0000a01  0001 00044c800fd2083a  0001 0000000000000000  0001 0004fe3fff94063a  0001 0000000000000000  0001 0000000000000000  0000 0000000000000000  0000 0000000000000000  0000 0000000000000000
Frame 0188    0001 114fb1740b1e0a36  0001 00076bfff0000a01  0001 0000000000000000  0001 0000000000000000  0001 00044a800014043a  0001 0004a1ffe002043a  0001 0004ffc00ff0023a  0001 0000000000000000  0001 0000000000000000  0000 0000000000000000  0000 0000000000000000  0000 0000000000000000
Frame 0189    0001 13a2b2220ad409ff  0001 00076bc060000e01  0001 0007a83faffe0c01  0001 0000000000000000  0001 00044afff03c083a  0001 000491c00068083a  0001 0000000000000000  0001 0000000000000000  0001 0000000000000000  0000 0000000000000000  0000 0000000000000000  0000 0000000000000000
Frame 0190    0001 1e7430ac08a60830  0001 00076bc21ffe0a01  0001 0007a8012ffe0801  0001 0000000000000000  0001 00043bfdefea043a  0001 00049fc16016043a  0001 0000000000000000  0001 0000000000000000  0001 0000000000000000  0000 0000000000000000  0000 0000000000000000  0000 0000000000000000
Frame 0191    0001 1eb2e0c408240786  0001 00076bc050000a01  0001 0007a83fcffe0801  0001 0000000000000000  0001 00044b7fe012043a  0001 00049fc0103c043a  0001 0000000000000000  0001 0000000000000000  0001 0000000000000000  0000 0000000000000000  0000 0000000000000000  0000 0000000000000000
Frame 0192    0001 1e03b0d807aa06f6  0001 00076bff70000c01  0001 0007a83f5ffe0a01  0001 0000000000000000  0001 00044b41503c063a  0001 00049fff1092063a  0001 0000000000000000  0001 0000000000000000  0001 0000000000000000  0000 0000000000000000  0000 0000000000000000  0000 0000000000000000
Frame 0193    0001 1b59e04aaefcbc0c  0001 0000000000000000  0001 0000000000000000  0001 00079f3feffe1407  0001 0007c1001ffe1207  0001 0007e7ffd0041207  0001 000417c00ffc1007  0001 0000000000000000  0001 0000000000000000  0000 0000000000000000  0000 0000000000000000  0000 0000000000000000
Frame 0194    0001 16dd766db949b1fb  0001 00076bffc0021a03  0001 0007a8006ffa1803  0001 0007f53fd0001603  0001 0000000000000000  0001 0004513fd0c94e64  0001 0000000000000000  0001 0000000000000000  0001 0000000000000000  0000 0000000000000000  0000 0000000000000000  0000 0000000000000000
Frame 0195    0001 12f1044c08aa0842  0001 00076bc010000c01  0001 0007a83feffe0a01  0001 0000000000000000  0001 0000000000000000  0001 00049ffff016063a  0001 0004ffc00016043a  0001 0000000000000000  0001 0000000000000000  0000 0000000000000000  0000 0000000000000000  0000 0000000000000000
Frame 0196    0001 116b436a08320794  0001 00076bffc0000a01  0001 0007a8000ffe0801  0001 0000000000000000  0001 0000000000000000  0001 000490401038043a  0001 00050f7ff060023a  0001 0000000000000000  0001 0000000000000000  0000 0000000000000000  0000 0000000000000000  0000 0000000000000000
Frame 0197    0001 120ed3960b7a0b40  0001 00076bc030000c01  0001 0007a83fcffe0a01  0001 0000000000000000  0001 0000000000000000  0001 000492001fe2063a  0001 00050dfff062043a  0001 0000000000000000  0001 0000000000000000  0000 0000000000000000  0000 0000000000000000  0000 0000000000000000
Frame 0198    0001 1ab7e721ac0da660  0001 00076bfff0021604  0001 0007a8000ffc1404  0001 0000000000000000  0001 0000000000000000  0001 000468fd21451a7a  0001 00049d4050b51a7a  0001 0000000000000000  0001 0000000000000000  0000 0000000000000000  0000 0000000000000000  0000 0000000000000000
Frame 0199    0001 1bdd25f5f735f0cb  0001 00076bc030000e01  0001 0007a83ffffc0c01  0001 0007f67fd0000a01  0001 0000000000000000  0001 0000000000000000  0001 0004ffc0002c063a  0001 0000000000000000  0001 0000000000000000  0000 0000000000000000  0000 0000000000000000  0000 0000000000000000
Frame 0200    0001 136297f7f2a3ef63  0001 00076bffe0000e01  0001 0007a80040000c01  0001 0007e9bfcffe0a01  0001 00044ac00040083a  0001 0000000000000000  0001 0000000000000000  0001 0000000000000000  0001 0000000000000000  0000 0000000000000000  0000 0000000000000000  0000 0000000000000000
Frame 0201    0001 1b8d0f5a05e205e8  0001 0000000000000000  0001 0007a8bfbffe0c01  0001 0007f24030000a01  0001 000443c01f9a083a  0001 0004907fe02c083a  0001 0000000000000000  0001 0000000000000000  0001 0000000000000000  0000 0000000000000000  0000 0000000000000000  0000 0000000000000000
Frame 0202    0001 113bc2800b1e0985  0001 000768836ffe0a01  0001 0000000000000000  0001 0007f27f30000601  0001 000443ff2010043a  0001 0000000000000000  0001 0004ff804f40023a  0001 0000000000000000  0001 0000000000000000  0000 0000000000000000  0000 0000000000000000  0000 0000000000000000
Frame 0203    0001 11a3524e078c09c4  0001 0000000000000000  0001 0000000000000000  0001 0007f24030000601  0001 000443ffd032043a  0001 0004907fffca043a  0001 0004ff800010023a  0001 0000000000000000  0001 0000000000000000  0000 0000000000000000  0000 0000000000000000  0000 0000000000000000
Frame 0204    0001 11a6324e093c08eb  0001 0000000000000000  0001 00079c4010000801  0001 0007f27fe0000601  0001 000443c0004a043a  0001 000490400ff6043a  0001 0000000000000000  0001 0000000000000000  0001 0000000000000000  0000 0000000000000000  0000 0000000000000000  0000 0000000000000000
Frame 0205    0001 11a6924c091e08ff  0001 0000000000000000  0001 0000000000000000  0001 0007f27fc0000601  0001 000443c01044043a  0001 000490402fec043a  0001 0004ffbffff6023a  0001 0000000000000000  0001 0000000000000000  0000 0000000000000000  0000 0000000000000000  0000 0000000000000000
Frame 0206    0001 1e0250d407b8070b  0001 000769404ffe0a01  0001 0000000000000000  0001 0007f27fbffe0601  0001 000443c01000043a  0001 00049ffff070043a  0001 0000000000000000  0001 0000000000000000  0001 0000000000000000  0000 0000000000000000  0000 0000000000000000  0000 0000000000000000
Frame 0207    0001 1eb5b0c209ba0791  0001 0000000000000000  0001 0000000000000000  0001 0007f27fdffe0601  0001 000443c00fca043a  0001 00049fc00ffa043a  0001 0004fffff012023a  0001 0000000000000000  0001 0000000000000000  0000 0000000000000000  0000 0000000000000000  0000 0000000000000000
Frame 0208    0001 136277f5f267ef59  0001 0007694020000e01  0001 0000000000000000  0001 0007f27fc0000a01  0001 000443c01006083a  0001 0004923ffff8083a  0001 0000000000000000  0001 0000000000000000  0001 0000000000000000  0000 0000000000000000  0000 0000000000000000  0000 0000000000000000
Frame 0209    0001 1e0530d406ee06fc  0001 0000000000000000  0001 0000000000000000  0001 0007e9ffdffe0601  0001 00044b40102a043a  0001 000498c0006c043a  0001 000506bfffac023a  0001 0000000000000000  0001 0000000000000000  0000 0000000000000000  0000 0000000000000000  0000 0000000000000000
Frame 0210    0001 1e4830a8082a082e  0001 0000000000000000  0001 0000000000000000  0001 0007e9c000000601  0001 00043bc00fd8043a  0001 000498ffefd6043a  0001 000506800024023a  0001 0000000000000000  0001 0000000000000000  0000 0000000000000000  0000 0000000000000000  0000 0000000000000000
Frame 0211    0001 120853960e280b83  0001 000768402ffe0c01  0001 0000000000000000  0001 0007f2ffd0000801  0001 00043b800fd8063a  0001 000498c00f6a063a  0001 0000000000000000  0001 0000000000000000  0001 0000000000000000  0000 0000000000000000  0000 0000000000000000  0000 0000000000000000
Frame 0212    0001 11a5f24c086608ef  0001 0000000000000000  0001 0000000000000000  0001 0007f67ff0000601  0001 00044afff0aa043a  0001 000498c00fcc043a  0001 000506bfffe8023a  0001 0000000000000000  0001 0000000000000000  0000 0000000000000000  0000 0000000000000000  0000 0000000000000000
Frame 0213    0001 1eb5b0c2092c0792  0001 0000000000000000  0001 0000000000000000  0001 0007e9ffe0000601  0001 00044b400000043a  0001 000498c00fe0043a  0001 000506bff012023a  0001 0000000000000000  0001 0000000000000000  0000 0000000000000000  0000 0000000000000000  0000 0000000000000000
Frame 0214    0001 1360f7f5f273ef5f  0001 0007697ff0000e01  0001 0000000000000000  0001 0007e9bfe0000a01  0001 00044ac03030083a  0001 000498ffdfea083a  0001 0000000000000000  0001 0000000000000000  0001 0000000000000000  0000 0000000000000000  0000 0000000000000000  0000 0000000000000000
Frame 0215    0001 16b9b751e01bd70e  0001 00076dbea0001a02  0001 0007ac415ffe1802  0001 0000000000000000  0001 0000000000000000  0001 000498fff0440c3a  0001 000506bff0780a3a  0001 0000000000000000  0001 0000000000000000  0000 0000000000000000  0000 0000000000000000  0000 0000000000000000
Frame 0216    0001 0000000000000000  0001 0000000000000000  0001 0000000000000000  0001 0000000000000000  0001 0000000000000000  0001 0000000000000000  0001 0000000000000000  0001 0000000000000000  0001 0000000000000000  0000 0000000000000000  0000 0000000000000000  0000 0000000000000000
Frame 0217    0001 0000000000000000  0001 0000000000000000  0001 0000000000000000  0001 0000000000000000  0001 0000000000000000  0001 0000000000000000  0001 0000000000000000  0001 0000000000000000  0001 0000000000000000  0000 0000000000000000  0000 0000000000000000  0000 0000000000000000
Frame 0218    0001 0000000000000000  0001 0000000000000000  0001 0000000000000000  0001 0000000000000000  0001 0000000000000000  0001 0000000000000000  0001 0000000000000000  0001 0000000000000000  0001 0000000000000000  0000 0000000000000000  0000 0000000000000000  0000 0000000000000000
Frame 0219    0001 0000000000000000  0001 0000000000000000  0001 0000000000000000  0001 0000000000000000  0001 0000000000000000  0001 0000000000000000  0001 0000000000000000  0001 0000000000000000  0001 0000000000000000  0000 0000000000000000  0000 0000000000000000  0000 0000000000000000
Frame 0220    0001 0000000000000000  0001 0000000000000000  0001 0000000000000000  0001 0000000000000000  0001 0000000000000000  0001 0000000000000000  0001 0000000000000000  0001 0000000000000000  0001 0000000000000000  0000 0000000000000000  0000 0000000000000000  0000 0000000000000000
Frame 0221    0001 0000000000000000  0001 0000000000000000  0001 0000000000000000  0001 0000000000000000  0001 0000000000000000  0001 0000000000000000  0001 0000000000000000  0001 0000000000000000  0001 0000000000000000  0000 0000000000000000  0000 0000000000000000  0000 0000000000000000
Frame 0222    0001 0000000000000000  0001 0000000000000000  0001 0000000000000000  0001 0000000000000000  0001 0000000000000000  0001 0000000000000000  0001 0000000000000000  0001 0000000000000000  0001 0000000000000000  0000 0000000000000000  0000 0000000000000000  0000 0000000000000000
Frame 0223    0001 0000000000000000  0001 0000000000000000  0001 0000000000000000  0001 0000000000000000  0001 0000000000000000  0001 0000000000000000  0001 0000000000000000  0001 0000000000000000  0001 0000000000000000  0000 0000000000000000  0000 0000000000000000  0000 0000000000000000
Frame 0224    0001 0000000000000000  0001 0000000000000000  0001 0000000000000000  0001 0000000000000000  0001 0000000000000000  0001 0000000000000000  0001 0000000000000000  0001 0000000000000000  0001 0000000000000000  0000 0000000000000000  0000 0000000000000000  0000 0000000000000000
Frame 0225    0001 0000000000000000  0001 0000000000000000  0001 0000000000000000  0001 0000000000000000  0001 0000000000000000  0001 0000000000000000  0001 0000000000000000  0001 0000000000000000  0001 0000000000000000  0000 0000000000000000  0000 0000000000000000  0000 0000000000000000
Frame 0226    0001 0000000000000000  0001 0000000000000000  0001 0000000000000000  0001 0000000000000000  0001 0000000000000000  0001 0000000000000000  0001 0000000000000000  0001 0000000000000000  0001 0000000000000000  0000 0000000000000000  0000 0000000000000000  0000 0000000000000000
Frame 0227    0001 0000000000000000  0001 0000000000000000  0001 0000000000000000  0001 0000000000000000  0001 0000000000000000  0001 0000000000000000  0001 0000000000000000  0001 0000000000000000  0001 0000000000000000  0000 0000000000000000  0000 0000000000000000  0000 0000000000000000
Frame 0228    0001 0000000000000000  0001 0000000000000000  0001 0000000000000000  0001 0000000000000000  0001 0000000000000000  0001 0000000000000000  0001 0000000000000000  0001 0000000000000000  0001 0000000000000000  0000 0000000000000000  0000 0000000000000000  0000 0000000000000000
Frame 0229    0001 0000000000000000  0001 0000000000000000  0001 0000000000000000  0001 0000000000000000  0001 0000000000000000  0001 0000000000000000  0001 0000000000000000  0001 0000000000000000  0001 0000000000000000  0000 0000000000000000  0000 0000000000000000  0000 0000000000000000
Frame 0230    0001 0000000000000000  0001 0000000000000000  0001 0000000000000000  0001 0000000000000000  0001 0000000000000000  0001 0000000000000000  0001 0000000000000000  0001 0000000000000000  0001 0000000000000000  0000 0000000000000000  0000 0000000000000000  0000 0000000000000000
Frame 0231    0001 0000000000000000  0001 0000000000000000  0001 0000000000000000  0001 0000000000000000  0001 0000000000000000  0001 0000000000000000  0001 0000000000000000  0001 0000000000000000  0001 0000000000000000  0000 0000000000000000  0000 0000000000000000  0000 0000000000000000
Frame 0232    0001 0000000000000000  0001 0000000000000000  0001 0000000000000000  0001 0000000000000000  0001 0000000000000000  0001 0000000000000000  0001 0000000000000000  0001 0000000000000000  0001 0000000000000000  0000 0000000000000000  0000 0000000000000000  0000 0000000000000000
Frame 0233    0001 0000000000000000  0001 0000000000000000  0001 0000000000000000  0001 0000000000000000  0001 0000000000000000  0001 0000000000000000  0001 0000000000000000  0001 0000000000000000  0001 0000000000000000  0000 0000000000000000  0000 0000000000000000  0000 0000000000000000
Frame 0234    0001 0000000000000000  0001 0000000000000000  0001 0000000000000000  0001 0000000000000000  0001 0000000000000000  0001 0000000000000000  0001 0000000000000000  0001 0000000000000000  0001 0000000000000000  0000 0000000000000000  0000 0000000000000000  0000 0000000000000000
Frame 0235    0001 0000000000000000  0001 0000000000000000  0001 0000000000000000  0001 0000000000000000  0001 0000000000000000  0001 0000000000000000  0001 0000000000000000  0001 0000000000000000  0001 0000000000000000  0000 0000000000000000  0000 0000000000000000  0000 0000000000000000
Frame 0236    0001 0000000000000000  0001 0000000000000000  0001 0000000000000000  0001 0000000000000000  0001 0000000000000000  0001 0000000000000000  0001 0000000000000000  0001 0000000000000000  0001 0000000000000000  0000 0000000000000000  0000 0000000000000000  0000 0000000000000000
Frame 0237    0001 0000000000000000  0001 0000000000000000  0001 0000000000000000  0001 0000000000000000  0001 0000000000000000  0001 0000000000000000  0001 0000000000000000  0001 0000000000000000  0001 0000000000000000  0000 0000000000000000  0000 0000000000000000  0000 0000000000000000
Frame 0238    0001 0000000000000000  0001 0000000000000000  0001 0000000000000000  0001 0000000000000000  0001 0000000000000000  0001 0000000000000000  0001 0000000000000000  0001 0000000000000000  0001 0000000000000000  0000 0000000000000000  0000 0000000000000000  0000 0000000000000000
Frame 0239    0001 0000000000000000  0001 0000000000000000  0001 0000000000000000  0001 0000000000000000  0001 0000000000000000  0001 0000000000000000  0001 0000000000000000  0001 0000000000000000  0001 0000000000000000  0000 0000000000000000  0000 0000000000000000  0000 0000000000000000
Frame 0240    0001 0000000000000000  0001 0000000000000000  0001 0000000000000000  0001 0000000000000000  0001 0000000000000000  0001 0000000000000000  0001 0000000000000000  0001 0000000000000000  0001 0000000000000000  0000 0000000000000000  0000 0000000000000000  0000 0000000000000000
Frame 0241    0001 0000000000000000  0001 0000000000000000  0001 0000000000000000  0001 0000000000000000  0001 0000000000000000  0001 0000000000000000  0001 0000000000000000  0001 0000000000000000  0001 0000000000000000  0000 0000000000000000  0000 0000000000000000  0000 0000000000000000
Frame 0242    0001 0000000000000000  0001 0000000000000000  0001 0000000000000000  0001 0000000000000000  0001 0000000000000000  0001 0000000000000000  0001 0000000000000000  0001 0000000000000000  0001 0000000000000000  0000 0000000000000000  0000 0000000000000000  0000 0000000000000000
Frame 0243    0001 0000000000000000  0001 0000000000000000  0001 0000000000000000  0001 0000000000000000  0001 0000000000000000  0001 0000000000000000  0001 0000000000000000  0001 0000000000000000  0001 0000000000000000  0000 0000000000000000  0000 0000000000000000  0000 0000000000000000
Frame 0244    0001 0000000000000000  0001 0000000000000000  0001 0000000000000000  0001 0000000000000000  0001 0000000000000000  0001 0000000000000000  0001 0000000000000000  0001 0000000000000000  0001 0000000000000000  0000 0000000000000000  0000 0000000000000000  0000 0000000000000000
Frame 0245    0001 0000000000000000  0001 0000000000000000  0001 0000000000000000  0001 0000000000000000  0001 0000000000000000  0001 0000000000000000  0001 0000000000000000  0001 0000000000000000  0001 0000000000000000  0000 0000000000000000  0000 0000000000000000  0000 0000000000000000
Frame 0246    0001 0000000000000000  0001 0000000000000000  0001 0000000000000000  0001 0000000000000000  0001 0000000000000000  0001 0000000000000000  0001 0000000000000000  0001 0000000000000000  0001 0000000000000000  0000 0000000000000000  0000 0000000000000000  0000 0000000000000000
Frame 0247    0001 0000000000000000  0001 0000000000000000  0001 0000000000000000  0001 0000000000000000  0001 0000000000000000  0001 0000000000000000  0001 0000000000000000  0001 0000000000000000  0001 0000000000000000  0000 0000000000000000  0000 0000000000000000  0000 0000000000000000
Frame 0248    0001 0000000000000000  0001 0000000000000000  0001 0000000000000000  0001 0000000000000000  0001 0000000000000000  0001 0000000000000000  0001 0000000000000000  0001 0000000000000000  0001 0000000000000000  0000 0000000000000000  0000 0000000000000000  0000 0000000000000000
Frame 0249    0001 0000000000000000  0001 0000000000000000  0001 0000000000000000  0001 0000000000000000  0001 0000000000000000  0001 0000000000000000  0001 0000000000000000  0001 0000000000000000  0001 0000000000000000  0000 0000000000000000  0000 0000000000000000  0000 0000000000000000
Frame 0250    0001 0000000000000000  0001 0000000000000000  0001 0000000000000000  0001 0000000000000000  0001 0000000000000000  0001 0000000000000000  0001 0000000000000000  0001 0000000000000000  0001 0000000000000000  0000 0000000000000000  0000 0000000000000000  0000 0000000000000000
Frame 0251    0001 0000000000000000  0001 0000000000000000  0001 0000000000000000  0001 0000000000000000  0001 0000000000000000  0001 0000000000000000  0001 0000000000000000  0001 0000000000000000  0001 0000000000000000  0000 0000000000000000  0000 0000000000000000  0000 0000000000000000
Frame 0252    0001 0000000000000000  0001 0000000000000000  0001 0000000000000000  0001 0000000000000000  0001 0000000000000000  0001 0000000000000000  0001 0000000000000000  0001 0000000000000000  0001 0000000000000000  0000 0000000000000000  0000 0000000000000000  0000 0000000000000000
Frame 0253    0001 0000000000000000  0001 0000000000000000  0001 0000000000000000  0001 0000000000000000  0001 0000000000000000  0001 0000000000000000  0001 0000000000000000  0001 0000000000000000  0001 0000000000000000  0000 0000000000000000  0000 0000000000000000  0000 0000000000000000
Frame 0254    0001 0000000000000000  0001 0000000000000000  0001 0000000000000000  0001 0000000000000000  0001 0000000000000000  0001 0000000000000000  0001 0000000000000000  0001 0000000000000000  0001 0000000000000000  0000 0000000000000000  0000 0000000000000000  0000 0000000000000000
Frame 0255    0001 0000000000000000  0001 0000000000000000  0001 0000000000000000  0001 0000000000000000  0001 0000000000000000  0001 0000000000000000  0001 0000000000000000  0001 0000000000000000  0001 0000000000000000  0000 0000000000000000  0000 0000000000000000  0000 0000000000000000
Frame 0256    0001 0000000000000000  0001 0000000000000000  0001 0000000000000000  0001 0000000000000000  0001 0000000000000000  0001 0000000000000000  0001 0000000000000000  0001 0000000000000000  0001 0000000000000000  0000 0000000000000000  0000 0000000000000000  0000 0000000000000000
Frame 0257    0001 0000000000000000  0001 0000000000000000  0001 0000000000000000  0001 0000000000000000  0001 0000000000000000  0001 0000000000000000  0001 0000000000000000  0001 0000000000000000  0001 0000000000000000  0000 0000000000000000  0000 0000000000000000  0000 0000000000000000
Frame 0258    0001 0000000000000000  0001 0000000000000000  0001 0000000000000000  0001 0000000000000000  0001 0000000000000000  0001 0000000000000000  0001 0000000000000000  0001 0000000000000000  0001 0000000000000000  0000 0000000000000000  0000 0000000000000000  0000 0000000000000000
Frame 0259    0001 0000000000000000  0001 0000000000000000  0001 0000000000000000  0001 0000000000000000  0001 0000000000000000  0001 0000000000000000  0001 0000000000000000  0001 0000000000000000  0001 0000000000000000  0000 0000000000000000  0000 0000000000000000  0000 0000000000000000
Frame 0260    0001 0000000000000000  0001 0000000000000000  0001 0000000000000000  0001 0000000000000000  0001 0000000000000000  0001 0000000000000000  0001 0000000000000000  0001 0000000000000000  0001 0000000000000000  0000 0000000000000000  0000 0000000000000000  0000 0000000000000000
Frame 0261    0001 0000000000000000  0001 0000000000000000  0001 0000000000000000  0001 0000000000000000  0001 0000000000000000  0001 0000000000000000  0001 0000000000000000  0001 0000000000000000  0001 0000000000000000  0000 0000000000000000  0000 0000000000000000  0000 0000000000000000
Frame 0262    0001 0000000000000000  0001 0000000000000000  0001 0000000000000000  0001 0000000000000000  0001 0000000000000000  0001 0000000000000000  0001 0000000000000000  0001 0000000000000000  0001 0000000000000000  0000 0000000000000000  0000 0000000000000000  0000 0000000000000000
Frame 0263    0001 0000000000000000  0001 0000000000000000  0001 0000000000000000  0001 0000000000000000  0001 0000000000000000  0001 0000000000000000  0001 0000000000000000  0001 0000000000000000  0001 0000000000000000  0000 0000000000000000  0000 0000000000000000  0000 0000000000000000
Frame 0264    0001 0000000000000000  0001 0000000000000000  0001 0000000000000000  0001 0000000000000000  0001 0000000000000000  0001 0000000000000000  0001 0000000000000000  0001 0000000000000000  0001 0000000000000000  0000 0000000000000000  0000 0000000000000000  0000 0000000000000000
Frame 0265    0001 0000000000000000  0001 0000000000000000  0001 0000000000000000  0001 0000000000000000  0001 0000000000000000  0001 0000000000000000  0001 0000000000000000  0001 0000000000000000  0001 0000000000000000  0000 0000000000000000  0000 0000000000000000  0000 0000000000000000
Frame 0266    0001 0000000000000000  0001 0000000000000000  0001 0000000000000000  0001 0000000000000000  0001 0000000000000000  0001 0000000000000000  0001 0000000000000000  0001 0000000000000000  0001 0000000000000000  0000 0000000000000000  0000 0000000000000000  0000 0000000000000000
Frame 0267    0001 0000000000000000  0001 0000000000000000  0001 0000000000000000  0001 0000000000000000  0001 0000000000000000  0001 0000000000000000  0001 0000000000000000  0001 0000000000000000  0001 0000000000000000  0000 0000000000000000  0000 0000000000000000  0000 0000000000000000
Frame 0268    0001 0000000000000000  0001 0000000000000000  0001 0000000000000000  0001 0000000000000000  0001 0000000000000000  0001 0000000000000000  0001 0000000000000000  0001 0000000000000000  0001 0000000000000000  0000 0000000000000000  0000 0000000000000000  0000 0000000000000000
Frame 0269    0001 0000000000000000  0001 0000000000000000  0001 0000000000000000  0001 0000000000000000  0001 0000000000000000  0001 0000000000000000  0001 0000000000000000  0001 0000000000000000  0001 0000000000000000  0000 0000000000000000  0000 0000000000000000  0000 0000000000000000
Frame 0270    0001 0000000000000000  0001 0000000000000000  0001 0000000000000000  0001 0000000000000000  0001 0000000000000000  0001 0000000000000000  0001 0000000000000000  0001 0000000000000000  0001 0000000000000000  0000 0000000000000000  0000 0000000000000000  0000 0000000000000000
Frame 0271    0001 0000000000000000  0001 0000000000000000  0001 0000000000000000  0001 0000000000000000  0001 0000000000000000  0001 0000000000000000  0001 0000000000000000  0001 0000000000000000  0001 0000000000000000  0000 0000000000000000  0000 0000000000000000  0000 0000000000000000
Frame 0272    0001 0000000000000000  0001 0000000000000000  0001 0000000000000000  0001 0000000000000000  0001 0000000000000000  0001 0000000000000000  0001 0000000000000000  0001 0000000000000000  0001 0000000000000000  0000 0000000000000000  0000 0000000000000000  0000 0000000000000000
Frame 0273    0001 0000000000000000  0001 0000000000000000  0001 0000000000000000  0001 0000000000000000  0001 0000000000000000  0001 0000000000000000  0001 0000000000000000  0001 0000000000000000  0001 0000000000000000  0000 0000000000000000  0000 0000000000000000  0000 0000000000000000
Frame 0274    0001 0000000000000000  0001 0000000000000000  0001 0000000000000000  0001 0000000000000000  0001 0000000000000000  0001 0000000000000000  0001 0000000000000000  0001 0000000000000000  0001 0000000000000000  0000 0000000000000000  0000 0000000000000000  0000 0000000000000000
Frame 0275    0001 0000000000000000  0001 0000000000000000  0001 0000000000000000  0001 0000000000000000  0001 0000000000000000  0001 0000000000000000  0001 0000000000000000  0001 0000000000000000  0001 0000000000000000  0000 0000000000000000  0000 0000000000000000  0000 0000000000000000
Frame 0276    0001 0000000000000000  0001 0000000000000000  0001 0000000000000000  0001 0000000000000000  0001 0000000000000000  0001 0000000000000000  0001 0000000000000000  0001 0000000000000000  0001 0000000000000000  0000 0000000000000000  0000 0000000000000000  0000 0000000000000000
Frame 0277    0001 0000000000000000  0001 0000000000000000  0001 0000000000000000  0001 0000000000000000  0001 0000000000000000  0001 0000000000000000  0001 0000000000000000  0001 0000000000000000  0001 0000000000000000  0000 0000000000000000  0000 0000000000000000  0000 0000000000000000
Frame 0278    0001 0000000000000000  0001 0000000000000000  0001 0000000000000000  0001 0000000000000000  0001 0000000000000000  0001 0000000000000000  0001 0000000000000000  0001 0000000000000000  0001 0000000000000000  0000 0000000000000000  0000 0000000000000000  0000 0000000000000000
Frame 0279    0001 0000000000000000  0001 0000000000000000  0001 0000000000000000  0001 0000000000000000  0001 0000000000000000  0001 0000000000000000  0001 0000000000000000  0001 0000000000000000  0001 0000000000000000  0000 0000000000000000  0000 0000000000000000  0000 0000000000000000
Frame 0280    0001 0000000000000000  0001 0000000000000000  0001 0000000000000000  0001 0000000000000000  0001 0000000000000000  0001 0000000000000000  0001 0000000000000000  0001 0000000000000000  0001 0000000000000000  0000 0000000000000000  0000 0000000000000000  0000 0000000000000000
Frame 0281    0001 0000000000000000  0001 0000000000000000  0001 0000000000000000  0001 0000000000000000  0001 0000000000000000  0001 0000000000000000  0001 0000000000000000  0001 0000000000000000  0001 0000000000000000  0000 0000000000000000  0000 0000000000000000  0000 0000000000000000
Frame 0282    0001 0000000000000000  0001 0000000000000000  0001 0000000000000000  0001 0000000000000000  0001 0000000000000000  0001 0000000000000000  0001 0000000000000000  0001 0000000000000000  0001 0000000000000000  0000 0000000000000000  0000 0000000000000000  0000 0000000000000000
Frame 0283    0001 0000000000000000  0001 0000000000000000  0001 0000000000000000  0001 0000000000000000  0001 0000000000000000  0001 0000000000000000  0001 0000000000000000  0001 0000000000000000  0001 0000000000000000  0000 0000000000000000  0000 0000000000000000  0000 0000000000000000
Frame 0284    0001 0000000000000000  0001 0000000000000000  0001 0000000000000000  0001 0000000000000000  0001 0000000000000000  0001 0000000000000000  0001 0000000000000000  0001 0000000000000000  0001 0000000000000000  0000 0000000000000000  0000 0000000000000000  0000 0000000000000000
Frame 0285    0001 0000000000000000  0001 0000000000000000  0001 0000000000000000  0001 0000000000000000  0001 0000000000000000  0001 0000000000000000  0001 0000000000000000  0001 0000000000000000  0001 0000000000000000  0000 0000000000000000  0000 0000000000000000  0000 0000000000000000
Frame 0286    0001 0000000000000000  0001 0000000000000000  0001 0000000000000000  0001 0000000000000000  0001 0000000000000000  0001 0000000000000000  0001 0000000000000000  0001 0000000000000000  0001 0000000000000000  0000 0000000000000000  0000 0000000000000000  0000 0000000000000000
Frame 0287    0001 0000000000000000  0001 0000000000000000  0001 0000000000000000  0001 0000000000000000  0001 0000000000000000  0001 0000000000000000  0001 0000000000000000  0001 0000000000000000  0001 0000000000000000  0000 0000000000000000  0000 0000000000000000  0000 0000000000000000
Frame 0288    0001 0000000000000000  0001 0000000000000000  0001 0000000000000000  0001 0000000000000000  0001 0000000000000000  0001 0000000000000000  0001 0000000000000000  0001 0000000000000000  0001 0000000000000000  0000 0000000000000000  0000 0000000000000000  0000 0000000000000000
Frame 0289    0001 0000000000000000  0001 0000000000000000  0001 0000000000000000  0001 0000000000000000  0001 0000000000000000  0001 0000000000000000  0001 0000000000000000  0001 0000000000000000  0001 0000000000000000  0000 0000000000000000  0000 0000000000000000  0000 0000000000000000
Frame 0290    0001 0000000000000000  0001 0000000000000000  0001 0000000000000000  0001 0000000000000000  0001 0000000000000000  0001 0000000000000000  0001 0000000000000000  0001 0000000000000000  0001 0000000000000000  0000 0000000000000000  0000 0000000000000000  0000 0000000000000000
Frame 0291    0001 0000000000000000  0001 0000000000000000  0001 0000000000000000  0001 0000000000000000  0001 0000000000000000  0001 0000000000000000  0001 0000000000000000  0001 0000000000000000  0001 0000000000000000  0000 0000000000000000  0000 0000000000000000  0000 0000000000000000
Frame 0292    0001 0000000000000000  0001 0000000000000000  0001 0000000000000000  0001 0000000000000000  0001 0000000000000000  0001 0000000000000000  0001 0000000000000000  0001 0000000000000000  0001 0000000000000000  0000 0000000000000000  0000 0000000000000000  0000 0000000000000000
Frame 0293    0001 0000000000000000  0001 0000000000000000  0001 0000000000000000  0001 0000000000000000  0001 0000000000000000  0001 0000000000000000  0001 0000000000000000  0001 0000000000000000  0001 0000000000000000  0000 0000000000000000  0000 0000000000000000  0000 0000000000000000
Frame 0294    0001 0000000000000000  0001 0000000000000000  0001 0000000000000000  0001 0000000000000000  0001 0000000000000000  0001 0000000000000000  0001 0000000000000000  0001 0000000000000000  0001 0000000000000000  0000 0000000000000000  0000 0000000000000000  0000 0000000000000000
Frame 0295    0001 0000000000000000  0001 0000000000000000  0001 0000000000000000  0001 0000000000000000  0001 0000000000000000  0001 0000000000000000  0001 0000000000000000  0001 0000000000000000  0001 0000000000000000  0000 0000000000000000  0000 0000000000000000  0000 0000000000000000
Frame 0296    0001 0000000000000000  0001 0000000000000000  0001 0000000000000000  0001 0000000000000000  0001 0000000000000000  0001 0000000000000000  0001 0000000000000000  0001 0000000000000000  0001 0000000000000000  0000 0000000000000000  0000 0000000000000000  0000 0000000000000000
Frame 0297    0001 0000000000000000  0001 0000000000000000  0001 0000000000000000  0001 0000000000000000  0001 0000000000000000  0001 0000000000000000  0001 0000000000000000  0001 0000000000000000  0001 0000000000000000  0000 0000000000000000  0000 0000000000000000  0000 0000000000000000
Frame 0298    0001 0000000000000000  0001 0000000000000000  0001 0000000000000000  0001 0000000000000000  0001 0000000000000000  0001 0000000000000000  0001 0000000000000000  0001 0000000000000000  0001 0000000000000000  0000 0000000000000000  0000 0000000000000000  0000 0000000000000000
Frame 0299    0001 0000000000000000  0001 0000000000000000  0001 0000000000000000  0001 0000000000000000  0001 0000000000000000  0001 0000000000000000  0001 0000000000000000  0001 0000000000000000  0001 0000000000000000  0000 0000000000000000  0000 0000000000000000  0000 0000000000000000
Frame 0300    0001 0000000000000000  0001 0000000000000000  0001 0000000000000000  0001 0000000000000000  0001 0000000000000000  0001 0000000000000000  0001 0000000000000000  0001 0000000000000000  0001 0000000000000000  0000 0000000000000000  0000 0000000000000000  0000 0000000000000000
Frame 0301    0001 0000000000000000  0001 0000000000000000  0001 0000000000000000  0001 0000000000000000  0001 0000000000000000  0001 0000000000000000  0001 0000000000000000  0001 0000000000000000  0001 0000000000000000  0000 0000000000000000  0000 0000000000000000  0000 0000000000000000
Frame 0302    0001 0000000000000000  0001 0000000000000000  0001 0000000000000000  0001 0000000000000000  0001 0000000000000000  0001 0000000000000000  0001 0000000000000000  0001 0000000000000000  0001 0000000000000000  0000 0000000000000000  0000 0000000000000000  0000 0000000000000000
Frame 0303    0001 0000000000000000  0001 0000000000000000  0001 0000000000000000  0001 0000000000000000  0001 0000000000000000  0001 0000000000000000  0001 0000000000000000  0001 0000000000000000  0001 0000000000000000  0000 0000000000000000  0000 0000000000000000  0000 0000000000000000
Frame 0304    0001 0000000000000000  0001 0000000000000000  0001 0000000000000000  0001 0000000000000000  0001 0000000000000000  0001 0000000000000000  0001 0000000000000000  0001 0000000000000000  0001 0000000000000000  0000 0000000000000000  0000 0000000000000000  0000 0000000000000000
Frame 0305    0001 0000000000000000  0001 0000000000000000  0001 0000000000000000  0001 0000000000000000  0001 0000000000000000  0001 0000000000000000  0001 0000000000000000  0001 0000000000000000  0001 0000000000000000  0000 0000000000000000  0000 0000000000000000  0000 0000000000000000
Frame 0306    0001 0000000000000000  0001 0000000000000000  0001 0000000000000000  0001 0000000000000000  0001 0000000000000000  0001 0000000000000000  0001 0000000000000000  0001 0000000000000000  0001 0000000000000000  0000 0000000000000000  0000 0000000000000000  0000 0000000000000000
Frame 0307    0001 0000000000000000  0001 0000000000000000  0001 0000000000000000  0001 0000000000000000  0001 0000000000000000  0001 0000000000000000  0001 0000000000000000  0001 0000000000000000  0001 0000000000000000  0000 0000000000000000  0000 0000000000000000  0000 0000000000000000
Frame 0308    0001 0000000000000000  0001 0000000000000000  0001 0000000000000000  0001 0000000000000000  0001 0000000000000000  0001 0000000000000000  0001 0000000000000000  0001 0000000000000000  0001 0000000000000000  0000 0000000000000000  0000 0000000000000000  0000 0000000000000000
Frame 0309    0001 0000000000000000  0001 0000000000000000  0001 0000000000000000  0001 0000000000000000  0001 0000000000000000  0001 0000000000000000  0001 0000000000000000  0001 0000000000000000  0001 0000000000000000  0000 0000000000000000  0000 0000000000000000  0000 0000000000000000
Frame 0310    0001 0000000000000000  0001 0000000000000000  0001 0000000000000000  0001 0000000000000000  0001 0000000000000000  0001 0000000000000000  0001 0000000000000000  0001 0000000000000000  0001 0000000000000000  0000 0000000000000000  0000 0000000000000000  0000 0000000000000000
Frame 0311    0001 0000000000000000  0001 0000000000000000  0001 0000000000000000  0001 0000000000000000  0001 0000000000000000  0001 0000000000000000  0001 0000000000000000  0001 0000000000000000  0001 0000000000000000  0000 0000000000000000  0000 0000000000000000  0000 0000000000000000
Frame 0312    0001 0000000000000000  0001 0000000000000000  0001 0000000000000000  0001 0000000000000000  0001 0000000000000000  0001 0000000000000000  0001 0000000000000000  0001 0000000000000000  0001 0000000000000000  0000 0000000000000000  0000 0000000000000000  0000 0000000000000000
Frame 0313    0001 0000000000000000  0001 0000000000000000  0001 0000000000000000  0001 0000000000000000  0001 0000000000000000  0001 0000000000000000  0001 0000000000000000  0001 0000000000000000  0001 0000000000000000  0000 0000000000000000  0000 0000000000000000  0000 0000000000000000
Frame 0314    0001 0000000000000000  0001 0000000000000000  0001 0000000000000000  0001 0000000000000000  0001 0000000000000000  0001 0000000000000000  0001 0000000000000000  0001 0000000000000000  0001 0000000000000000  0000 0000000000000000  0000 0000000000000000  0000 0000000000000000
Frame 0315    0001 0000000000000000  0001 0000000000000000  0001 0000000000000000  0001 0000000000000000  0001 0000000000000000  0001 0000000000000000  0001 0000000000000000  0001 0000000000000000  0001 0000000000000000  0000 0000000000000000  0000 0000000000000000  0000 0000000000000000
Frame 0316    0001 0000000000000000  0001 0000000000000000  0001 0000000000000000  0001 0000000000000000  0001 0000000000000000  0001 0000000000000000  0001 0000000000000000  0001 0000000000000000  0001 0000000000000000  0000 0000000000000000  0000 0000000000000000  0000 0000000000000000
Frame 0317    0001 0000000000000000  0001 0000000000000000  0001 0000000000000000  0001 0000000000000000  0001 0000000000000000  0001 0000000000000000  0001 0000000000000000  0001 0000000000000000  0001 0000000000000000  0000 0000000000000000  0000 0000000000000000  0000 0000000000000000
Frame 0318    0001 0000000000000000  0001 0000000000000000  0001 0000000000000000  0001 0000000000000000  0001 0000000000000000  0001 0000000000000000  0001 0000000000000000  0001 0000000000000000  0001 0000000000000000  0000 0000000000000000  0000 0000000000000000  0000 0000000000000000
Frame 0319    0001 0000000000000000  0001 0000000000000000  0001 0000000000000000  0001 0000000000000000  0001 0000000000000000  0001 0000000000000000  0001 0000000000000000  0001 0000000000000000  0001 0000000000000000  0000 0000000000000000  0000 0000000000000000  0000 0000000000000000
Frame 0320    0001 0000000000000000  0001 0000000000000000  0001 0000000000000000  0001 0000000000000000  0001 0000000000000000  0001 0000000000000000  0001 0000000000000000  0001 0000000000000000  0001 0000000000000000  0000 0000000000000000  0000 0000000000000000  0000 0000000000000000
Frame 0321    0001 0000000000000000  0001 0000000000000000  0001 0000000000000000  0001 0000000000000000  0001 0000000000000000  0001 0000000000000000  0001 0000000000000000  0001 0000000000000000  0001 0000000000000000  0000 0000000000000000  0000 0000000000000000  0000 0000000000000000
Frame 0322    0001 0000000000000000  0001 0000000000000000  0001 0000000000000000  0001 0000000000000000  0001 0000000000000000  0001 0000000000000000  0001 0000000000000000  0001 0000000000000000  0001 0000000000000000  0000 0000000000000000  0000 0000000000000000  0000 0000000000000000
Frame 0323    0001 0000000000000000  0001 0000000000000000  0001 0000000000000000  0001 0000000000000000  0001 0000000000000000  0001 0000000000000000  0001 0000000000000000  0001 0000000000000000  0001 0000000000000000  0000 0000000000000000  0000 0000000000000000  0000 0000000000000000
Frame 0324    0000 0000000000000000  0000 0000000000000000  0000 0000000000000000  0000 0000000000000000  0000 0000000000000000  0000 0000000000000000  0000 0000000000000000  0000 0000000000000000  0000 0000000000000000  0000 0000000000000000  0000 0000000000000000  0000 0000000000000000
Frame 0325    0000 0000000000000000  0000 0000000000000000  0000 0000000000000000  0000 0000000000000000  0000 0000000000000000  0000 0000000000000000  0000 0000000000000000  0000 0000000000000000  0000 0000000000000000  0000 0000000000000000  0000 0000000000000000  0000 0000000000000000
Frame 0326    0000 0000000000000000  0000 0000000000000000  0000 0000000000000000  0000 0000000000000000  0000 0000000000000000  0000 0000000000000000  0000 0000000000000000  0000 0000000000000000  0000 0000000000000000  0000 0000000000000000  0000 0000000000000000  0000 0000000000000000
Frame 0327    0000 0000000000000000  0000 0000000000000000  0000 0000000000000000  0000 0000000000000000  0000 0000000000000000  0000 0000000000000000  0000 0000000000000000  0000 0000000000000000  0000 0000000000000000  0000 0000000000000000  0000 0000000000000000  0000 0000000000000000
Frame 0328    0000 0000000000000000  0000 0000000000000000  0000 0000000000000000  0000 0000000000000000  0000 0000000000000000  0000 0000000000000000  0000 0000000000000000  0000 0000000000000000  0000 0000000000000000  0000 0000000000000000  0000 0000000000000000  0000 0000000000000000
Frame 0329    0000 0000000000000000  0000 0000000000000000  0000 0000000000000000  0000 0000000000000000  0000 0000000000000000  0000 0000000000000000  0000 0000000000000000  0000 0000000000000000  0000 0000000000000000  0000 0000000000000000  0000 0000000000000000  0000 0000000000000000
Frame 0330    0001 1631bd6e55545cc6  0001 0000000000000000  0001 0007a8007ffe1804  0001 0007f27ec0021604  0001 00041440affe1403  0001 000451057f3f4e7a  0001 0000000000000000  0001 0000000000000000  0001 0000000000000000  0000 0000000000000000  0000 0000000000000000  0000 0000000000000000
Frame 0331    0001 149b5c6e73fa7f1e  0001 00076bc00ff81405  0001 0000000000000000  0001 0007c8ffe0081204  0001 0000000000000000  0001 000423000ffa1004  0001 00045eff0f8ee8a7  0001 0000000000000000  0001 0000000000000000  0000 0000000000000000  0000 0000000000000000  0000 0000000000000000
Frame 0332    0001 19cb4823a47f923f  0001 00076bc04ffe1a04  0001 0007a83fb0021804  0001 0000000000000000  0001 0007e23fdffc1604  0001 0004120020001404  0001 0000000000000000  0001 0000000000000000  0001 0000000000000000  0000 0000000000000000  0000 0000000000000000  0000 0000000000000000
Frame 0333    0001 168c2e8dc5e9c11c  0001 0007624020001c02  0001 0007a83fcffc1802  0001 0007f24010001602  0001 0000000000000000  0001 0000000000000000  0001 0000000000000000  0001 000489ff2f6f4e4d  0001 0000000000000000  0000 0000000000000000  0000 0000000000000000  0000 0000000000000000
Frame 0334    0001 1c962a43c66dbe86  0001 0007668020041203  0001 0007a83fdff81003  0001 0007f27fd0040e03  0001 00043b800ff8083a  0001 000489c03f92b464  0001 0000000000000000  0001 0000000000000000  0001 0000000000000000  0000 0000000000000000  0000 0000000000000000  0000 0000000000000000
Frame 0335    0001 1e5a7a425d8466b7  0001 00076bc01ffe0c04  0001 0007a83fe0000a04  0001 0000000000000000  0001 0007fd000ffe0a04  0001 0000000000000000  0001 00045ec0e1325090  0001 0000000000000000  0001 0000000000000000  0000 0000000000000000  0000 0000000000000000  0000 0000000000000000
Frame 0336    0001 12e27b2a69a875ec  0001 00076bc05ffe1005  0001 0007a83f90000e05  0001 0000000000000000  0001 0000000000000000  0001 00042c46110c82a7  0001 000484c25e8c82a7  0001 0000000000000000  0001 0000000000000000  0000 0000000000000000  0000 0000000000000000  0000 0000000000000000
Frame 0337    0001 1aaefe23c831bbf2  0001 0000000000000000  0001 0007a80000001403  0001 0007f27ffffe1203  0001 0000000000000000  0001 000489ff90531a64  0001 0004dcc0b0971a64  0001 0000000000000000  0001 0000000000000000  0000 0000000000000000  0000 0000000000000000  0000 0000000000000000
Frame 0338    0001 130ba6ebad9ba74f  0001 0007734010001204  0001 0007a83feffe1004  0001 0007f24000000e04  0001 0000000000000000  0001 0004513f8fbab47a  0001 0000000000000000  0001 0000000000000000  0001 0000000000000000  0000 0000000000000000  0000 0000000000000000  0000 0000000000000000
Frame 0339    0001 16ec33909e42aeec  0001 00076bfffff61a07  0001 00078dbfe00e1807  0001 0007ac000ffa1807  0001 0007ce0040021607  0001 0007fa7fdffc1607  0001 0000000000000000  0001 0000000000000000  0001 0000000000000000  0000 0000000000000000  0000 0000000000000000  0000 0000000000000000
Frame 0340    0001 14f40f1667a8739f  0001 00076bc03ffe1405  0001 0007a83fa0001205  0001 0007e0401ffe1204  0001 0004058010001204  0001 000444ff7ee6e8a7  0001 0000000000000000  0001 0000000000000000  0001 0000000000000000  0000 0000000000000000  0000 0000000000000000  0000 0000000000000000
Frame 0341    0001 1ae3541d94118880  0001 00076bffdffe1605  0001 0007a80010001405  0001 0007d7003ffe1404  0001 0004027fd0001404  0001 00042c7f1fc31aa7  0001 0000000000000000  0001 0000000000000000  0001 0000000000000000  0000 0000000000000000  0000 0000000000000000  0000 0000000000000000
Frame 0342    0001 128e99e73b0f1fbf  0001 0000000000000000  0001 000766800ff21008  0001 00077e0010101008  0001 00079abfcfea0e08  0001 0007ba8010060c08  0001 0000000000000000  0001 0000000000000000  0001 0000000000000000  0000 0000000000000000  0000 0000000000000000  0000 0000000000000000
Frame 0343    0001 159335a0135615b1  0001 00076bc030021001  0001 0007a83fcffa0e01  0001 0007f63ff0000c01  0001 0000000000000000  0001 000492000ffc0a3a  0001 0000000000000000  0001 0000000000000000  0001 0000000000000000  0000 0000000000000000  0000 0000000000000000  0000 0000000000000000
Frame 0344    0001 18ff00fdebcdea0c  0001 00076bffdffe1201  0001 0007a83ff0001001  0001 0007ea404ffe0e01  0001 00043cbfefbe0c3a  0001 0000000000000000  0001 0000000000000000  0001 0000000000000000  0001 0000000000000000  0000 0000000000000000  0000 0000000000000000  0000 0000000000000000
Frame 0345    0001 1933b5be04c004b6  0001 0000000000000000  0001 0007a8000ffe1001  0001 0007f3801ffe0e01  0001 0000000000000000  0001 0004a17fcfba0c3a  0001 0004fe0010020a3a  0001 0000000000000000  0001 0000000000000000  0000 0000000000000000  0000 0000000000000000  0000 0000000000000000
Frame 0346    0001 118e8acc6dc0787b  0001 00076ffff0000c05  0001 0000000000000000  0001 0007d5000ffe0a04  0001 0007fdbff0000a04  0001 00042c40001250a7  0001 0000000000000000  0001 0000000000000000  0001 0000000000000000  0000 0000000000000000  0000 0000000000000000  0000 0000000000000000
Frame 0347    0001 14b107c5e083dd8f  0001 00076bff9ffe1402  0001 0007a80000001202  0001 0007f0805ffe1002  0001 00043d001fea083a  0001 0004a17fe042083a  0001 0000000000000000  0001 0000000000000000  0001 0000000000000000  0000 0000000000000000  0000 0000000000000000  0000 0000000000000000
Frame 0348    0001 196252e409d0057b  0001 00076aff1ffc1201  0001 0007aa4080021001  0001 0007f240bffe0e01  0001 000443ff906e0c3a  0001 0000000000000000  0001 0000000000000000  0001 0000000000000000  0001 0000000000000000  0000 0000000000000000  0000 0000000000000000  0000 0000000000000000
Frame 0349    0001 0000000000000000  0001 0000000000000000  0001 0000000000000000  0001 0000000000000000  0001 0000000000000000  0001 0000000000000000  0001 0000000000000000  0001 0000000000000000  0001 0000000000000000  0000 0000000000000000  0000 0000000000000000  0000 0000000000000000
Frame 0350    0001 0000000000000000  0001 0000000000000000  0001 0000000000000000  0001 0000000000000000  0001 0000000000000000  0001 0000000000000000  0001 0000000000000000  0001 0000000000000000  0001 0000000000000000  0000 0000000000000000  0000 0000000000000000  0000 0000000000000000
Frame 0351    0001 0000000000000000  0001 0000000000000000  0001 0000000000000000  0001 0000000000000000  0001 0000000000000000  0001 0000000000000000  0001 0000000000000000  0001 0000000000000000  0001 0000000000000000  0000 0000000000000000  0000 0000000000000000  0000 0000000000000000
Frame 0352    0001 0000000000000000  0001 0000000000000000  0001 0000000000000000  0001 0000000000000000  0001 0000000000000000  0001 0000000000000000  0001 0000000000000000  0001 0000000000000000  0001 0000000000000000  0000 0000000000000000  0000 0000000000000000  0000 0000000000000000
Frame 0353    0001 0000000000000000  0001 0000000000000000  0001 0000000000000000  0001 0000000000000000  0001 0000000000000000  0001 0000000000000000  0001 0000000000000000  0001 0000000000000000  0001 0000000000000000  0000 0000000000000000  0000 0000000000000000  0000 0000000000000000
Frame 0354    0001 0000000000000000  0001 0000000000000000  0001 0000000000000000  0001 0000000000000000  0001 0000000000000000  0001 0000000000000000  0001 0000000000000000  0001 0000000000000000  0001 0000000000000000  0000 0000000000000000  0000 0000000000000000  0000 0000000000000000
Frame 0355    0001 0000000000000000  0001 0000000000000000  0001 0000000000000000  0001 0000000000000000  0001 0000000000000000  0001 0000000000000000  0001 0000000000000000  0001 0000000000000000  0001 0000000000000000  0000 0000000000000000  0000 0000000000000000  0000 0000000000000000
Frame 0356    0001 0000000000000000  0001 0000000000000000  0001 0000000000000000  0001 0000000000000000  0001 0000000000000000  0001 0000000000000000  0001 0000000000000000  0001 0000000000000000  0001 0000000000000000  0000 0000000000000000  0000 0000000000000000  0000 0000000000000000
Frame 0357    0001 0000000000000000  0001 0000000000000000  0001 0000000000000000  0001 0000000000000000  0001 0000000000000000  0001 0000000000000000  0001 0000000000000000  0001 0000000000000000  0001 0000000000000000  0000 0000000000000000  0000 0000000000000000  0000 0000000000000000
Frame 0358    0001 0000000000000000  0001 0000000000000000  0001 0000000000000000  0001 0000000000000000  0001 0000000000000000  0001 0000000000000000  0001 0000000000000000  0001 0000000000000000  0001 0000000000000000  0000 0000000000000000  0000 0000000000000000  0000 0000000000000000
Frame 0359    0001 0000000000000000  0001 0000000000000000  0001 0000000000000000  0001 0000000000000000  0001 0000000000000000  0001 0000000000000000  0001 0000000000000000  0001 0000000000000000  0001 0000000000000000  0000 0000000000000000  0000 0000000000000000  0000 0000000000000000
Frame 0360    0001 0000000000000000  0001 0000000000000000  0001 0000000000000000  0001 0000000000000000  0001 0000000000000000  0001 0000000000000000  0001 0000000000000000  0001 0000000000000000  0001 0000000000000000  0000 0000000000000000  0000 0000000000000000  0000 0000000000000000
Frame 0361    0001 0000000000000000  0001 0000000000000000  0001 0000000000000000  0001 0000000000000000  0001 0000000000000000  0001 0000000000000000  0001 0000000000000000  0001 0000000000000000  0001 0000000000000000  0000 0000000000000000  0000 0000000000000000  0000 0000000000000000
Frame 0362    0001 0000000000000000  0001 0000000000000000  0001 0000000000000000  0001 0000000000000000  0001 0000000000000000  0001 0000000000000000  0001 0000000000000000  0001 0000000000000000  0001 0000000000000000  0000 0000000000000000  0000 0000000000000000  0000 0000000000000000
Frame 0363    0001 0000000000000000  0001 0000000000000000  0001 0000000000000000  0001 0000000000000000  0001 0000000000000000  0001 0000000000000000  0001 0000000000000000  0001 0000000000000000  0001 0000000000000000  0000 0000000000000000  0000 0000000000000000  0000 0000000000000000
Frame 0364    0001 0000000000000000  0001 0000000000000000  0001 0000000000000000  0001 0000000000000000  0001 0000000000000000  0001 0000000000000000  0001 0000000000000000  0001 0000000000000000  0001 0000000000000000  0000 0000000000000000  0000 0000000000000000  0000 0000000000000000
Frame 0365    0001 0000000000000000  0001 0000000000000000  0001 0000000000000000  0001 0000000000000000  0001 0000000000000000  0001 0000000000000000  0001 0000000000000000  0001 0000000000000000  0001 0000000000000000  0000 0000000000000000  0000 0000000000000000  0000 0000000000000000
Frame 0366    0001 0000000000000000  0001 0000000000000000  0001 0000000000000000  0001 0000000000000000  0001 0000000000000000  0001 0000000000000000  0001 0000000000000000  0001 0000000000000000  0001 0000000000000000  0000 0000000000000000  0000 0000000000000000  0000 0000000000000000
Frame 0367    0001 0000000000000000  0001 0000000000000000  0001 0000000000000000  0001 0000000000000000  0001 0000000000000000  0001 0000000000000000  0001 0000000000000000  0001 0000000000000000  0001 0000000000000000  0000 0000000000000000  0000 0000000000000000  0000 0000000000000000
Frame 0368    0001 0000000000000000  0001 0000000000000000  0001 0000000000000000  0001 0000000000000000  0001 0000000000000000  0001 0000000000000000  0001 0000000000000000  0001 0000000000000000  0001 0000000000000000  0000 0000000000000000  0000 0000000000000000  0000 0000000000000000
Frame 0369    0001 0000000000000000  0001 0000000000000000  0001 0000000000000000  0001 0000000000000000  0001 0000000000000000  0001 0000000000000000  0001 0000000000000000  0001 0000000000000000  0001 0000000000000000  0000 0000000000000000  0000 0000000000000000  0000 0000000000000000
Frame 0370    0001 0000000000000000  0001 0000000000000000  0001 0000000000000000  0001 0000000000000000  0001 0000000000000000  0001 0000000000000000  0001 0000000000000000  0001 0000000000000000  0001 0000000000000000  0000 0000000000000000  0000 0000000000000000  0000 0000000000000000
Frame 0371    0001 0000000000000000  0001 0000000000000000  0001 0000000000000000  0001 0000000000000000  0001 0000000000000000  0001 0000000000000000  0001 0000000000000000  0001 0000000000000000  0001 0000000000000000  0000 0000000000000000  0000 0000000000000000  0000 0000000000000000
Frame 0372    0001 0000000000000000  0001 0000000000000000  0001 0000000000000000  0001 0000000000000000  0001 0000000000000000  0001 0000000000000000  0001 0000000000000000  0001 0000000000000000  0001 0000000000000000  0000 0000000000000000  0000 0000000000000000  0000 0000000000000000
Frame 0373    0001 0000000000000000  0001 0000000000000000  0001 0000000000000000  0001 0000000000000000  0001 0000000000000000  0001 0000000000000000  0001 0000000000000000  0001 0000000000000000  0001 0000000000000000  0000 0000000000000000  0000 0000000000000000  0000 0000000000000000
Frame 0374    0001 0000000000000000  0001 0000000000000000  0001 0000000000000000  0001 0000000000000000  0001 0000000000000000  0001 0000000000000000  0001 0000000000000000  0001 0000000000000000  0001 0000000000000000  0000 0000000000000000  0000 0000000000000000  0000 0000000000000000
Frame 0375    0001 0000000000000000  0001 0000000000000000  0001 0000000000000000  0001 0000000000000000  0001 0000000000000000  0001 0000000000000000  0001 0000000000000000  0001 0000000000000000  0001 0000000000000000  0000 0000000000000000  0000 0000000000000000  0000 0000000000000000
Frame 0376    0001 0000000000000000  0001 0000000000000000  0001 0000000000000000  0001 0000000000000000  0001 0000000000000000  0001 0000000000000000  0001 0000000000000000  0001 0000000000000000  0001 0000000000000000  0000 0000000000000000  0000 0000000000000000  0000 0000000000000000
Frame 0377    0001 0000000000000000  0001 0000000000000000  0001 0000000000000000  0001 0000000000000000  0001 0000000000000000  0001 0000000000000000  0001 0000000000000000  0001 0000000000000000  0001 0000000000000000  0000 0000000000000000  0000 0000000000000000  0000 0000000000000000
Frame 0378    0001 0000000000000000  0001 0000000000000000  0001 0000000000000000  0001 0000000000000000  0001 0000000000000000  0001 0000000000000000  0001 0000000000000000  0001 0000000000000000  0001 0000000000000000  0000 0000000000000000  0000 0000000000000000  0000 0000000000000000
Frame 0379    0001 0000000000000000  0001 0000000000000000  0001 0000000000000000  0001 0000000000000000  0001 0000000000000000  0001 0000000000000000  0001 0000000000000000  0001 0000000000000000  0001 0000000000000000  0000 0000000000000000  0000 0000000000000000  0000 0000000000000000
Frame 0380    0001 0000000000000000  0001 0000000000000000  0001 0000000000000000  0001 0000000000000000  0001 0000000000000000  0001 0000000000000000  0001 0000000000000000  0001 0000000000000000  0001 0000000000000000  0000 0000000000000000  0000 0000000000000000  0000 0000000000000000
Frame 0381    0001 0000000000000000  0001 0000000000000000  0001 0000000000000000  0001 0000000000000000  0001 0000000000000000  0001 0000000000000000  0001 0000000000000000  0001 0000000000000000  0001 0000000000000000  0000 0000000000000000  0000 0000000000000000  0000 0000000000000000
Frame 0382    0001 0000000000000000  0001 0000000000000000  0001 0000000000000000  0001 0000000000000000  0001 0000000000000000  0001 0000000000000000  0001 0000000000000000  0001 0000000000000000  0001 0000000000000000  0000 0000000000000000  0000 0000000000000000  0000 0000000000000000
Frame 0383    0001 0000000000000000  0001 0000000000000000  0001 0000000000000000  0001 0000000000000000  0001 0000000000000000  0001 0000000000000000  0001 0000000000000000  0001 0000000000000000  0001 0000000000000000  0000 0000000000000000  0000 0000000000000000  0000 0000000000000000
Frame 0384    0001 0000000000000000  0001 0000000000000000  0001 0000000000000000  0001 0000000000000000  0001 0000000000000000  0001 0000000000000000  0001 0000000000000000  0001 0000000000000000  0001 0000000000000000  0000 0000000000000000  0000 0000000000000000  0000 0000000000000000
Frame 0385    0001 0000000000000000  0001 0000000000000000  0001 0000000000000000  0001 0000000000000000  0001 0000000000000000  0001 0000000000000000  0001 0000000000000000  0001 0000000000000000  0001 0000000000000000  0000 0000000000000000  0000 0000000000000000  0000 0000000000000000
Frame 0386    0001 0000000000000000  0001 0000000000000000  0001 0000000000000000  0001 0000000000000000  0001 0000000000000000  0001 0000000000000000  0001 0000000000000000  0001 0000000000000000  0001 0000000000000000  0000 0000000000000000  0000 0000000000000000  0000 0000000000000000
Frame 0387    0001 0000000000000000  0001 0000000000000000  0001 0000000000000000  0001 0000000000000000  0001 0000000000000000  0001 0000000000000000  0001 0000000000000000  0001 0000000000000000  0001 0000000000000000  0000 0000000000000000  0000 0000000000000000  0000 0000000000000000
Frame 0388    0001 0000000000000000  0001 0000000000000000  0001 0000000000000000  0001 0000000000000000  0001 0000000000000000  0001 0000000000000000  0001 0000000000000000  0001 0000000000000000  0001 0000000000000000  0000 0000000000000000  0000 0000000000000000  0000 0000000000000000
Frame 0389    0001 0000000000000000  0001 0000000000000000  0001 0000000000000000  0001 0000000000000000  0001 0000000000000000  0001 0000000000000000  0001 0000000000000000  0001 0000000000000000  0001 0000000000000000  0000 0000000000000000  0000 0000000000000000  0000 0000000000000000
Frame 0390    0001 0000000000000000  0001 0000000000000000  0001 0000000000000000  0001 0000000000000000  0001 0000000000000000  0001 0000000000000000  0001 0000000000000000  0001 0000000000000000  0001 0000000000000000  0000 0000000000000000  0000 0000000000000000  0000 0000000000000000
Frame 0391    0001 0000000000000000  0001 0000000000000000  0001 0000000000000000  0001 0000000000000000  0001 0000000000000000  0001 0000000000000000  0001 0000000000000000  0001 0000000000000000  0001 0000000000000000  0000 0000000000000000  0000 0000000000000000  0000 0000000000000000
Frame 0392    0001 0000000000000000  0001 0000000000000000  0001 0000000000000000  0001 0000000000000000  0001 0000000000000000  0001 0000000000000000  0001 0000000000000000  0001 0000000000000000  0001 0000000000000000  0000 0000000000000000  0000 0000000000000000  0000 0000000000000000
Frame 0393    0001 0000000000000000  0001 0000000000000000  0001 0000000000000000  0001 0000000000000000  0001 0000000000000000  0001 0000000000000000  0001 0000000000000000  0001 0000000000000000  0001 0000000000000000  0000 0000000000000000  0000 0000000000000000  0000 0000000000000000
Frame 0394    0001 0000000000000000  0001 0000000000000000  0001 0000000000000000  0001 0000000000000000  0001 0000000000000000  0001 0000000000000000  0001 0000000000000000  0001 0000000000000000  0001 0000000000000000  0000 0000000000000000  0000 0000000000000000  0000 0000000000000000
Frame 0395    0001 0000000000000000  0001 0000000000000000  0001 0000000000000000  0001 0000000000000000  0001 0000000000000000  0001 0000000000000000  0001 0000000000000000  0001 0000000000000000  0001 0000000000000000  0000 0000000000000000  0000 0000000000000000  0000 0000000000000000
Frame 0396    0001 0000000000000000  0001 0000000000000000  0001 0000000000000000  0001 0000000000000000  0001 0000000000000000  0001 0000000000000000  0001 0000000000000000  0001 0000000000000000  0001 0000000000000000  0000 0000000000000000  0000 0000000000000000  0000 0000000000000000
Frame 0397    0001 0000000000000000  0001 0000000000000000  0001 0000000000000000  0001 0000000000000000  0001 0000000000000000  0001 0000000000000000  0001 0000000000000000  0001 0000000000000000  0001 0000000000000000  0000 0000000000000000  0000 0000000000000000  0000 0000000000000000
Frame 0398    0001 0000000000000000  0001 0000000000000000  0001 0000000000000000  0001 0000000000000000  0001 0000000000000000  0001 0000000000000000  0001 0000000000000000  0001 0000000000000000  0001 0000000000000000  0000 0000000000000000  0000 0000000000000000  0000 0000000000000000
Frame 0399    0001 0000000000000000  0001 0000000000000000  0001 0000000000000000  0001 0000000000000000  0001 0000000000000000  0001 0000000000000000  0001 0000000000000000  0001 0000000000000000  0001 0000000000000000  0000 0000000000000000  0000 0000000000000000  0000 0000000000000000
Frame 0400    0001 0000000000000000  0001 0000000000000000  0001 0000000000000000  0001 0000000000000000  0001 0000000000000000  0001 0000000000000000  0001 0000000000000000  0001 0000000000000000  0001 0000000000000000  0000 0000000000000000  0000 0000000000000000  0000 0000000000000000
Frame 0401    0001 0000000000000000  0001 0000000000000000  0001 0000000000000000  0001 0000000000000000  0001 0000000000000000  0001 0000000000000000  0001 0000000000000000  0001 0000000000000000  0001 0000000000000000  0000 0000000000000000  0000 0000000000000000  0000 0000000000000000
Frame 0402    0001 0000000000000000  0001 0000000000000000  0001 0000000000000000  0001 0000000000000000  0001 0000000000000000  0001 0000000000000000  0001 0000000000000000  0001 0000000000000000  0001 0000000000000000  0000 0000000000000000  0000 0000000000000000  0000 0000000000000000
Frame 0403    0001 0000000000000000  0001 0000000000000000  0001 0000000000000000  0001 0000000000000000  0001 0000000000000000  0001 0000000000000000  0001 0000000000000000  0001 0000000000000000  0001 0000000000000000  0000 0000000000000000  0000 0000000000000000  0000 0000000000000000
Frame 0404    0001 0000000000000000  0001 0000000000000000  0001 0000000000000000  0001 0000000000000000  0001 0000000000000000  0001 0000000000000000  0001 0000000000000000  0001 0000000000000000  0001 0000000000000000  0000 0000000000000000  0000 0000000000000000  0000 0000000000000000
Frame 0405    0001 0000000000000000  0001 0000000000000000  0001 0000000000000000  0001 0000000000000000  0001 0000000000000000  0001 0000000000000000  0001 0000000000000000  0001 0000000000000000  0001 0000000000000000  0000 0000000000000000  0000 0000000000000000  0000 0000000000000000
Frame 0406    0001 0000000000000000  0001 0000000000000000  0001 0000000000000000  0001 0000000000000000  0001 0000000000000000  0001 0000000000000000  0001 0000000000000000  0001 0000000000000000  0001 0000000000000000  0000 0000000000000000  0000 0000000000000000  0000 0000000000000000
Frame 0407    0001 0000000000000000  0001 0000000000000000  0001 0000000000000000  0001 0000000000000000  0001 0000000000000000  0001 0000000000000000  0001 0000000000000000  0001 0000000000000000  0001 0000000000000000  0000 0000000000000000  0000 0000000000000000  0000 0000000000000000
Frame 0408    0001 0000000000000000  0001 0000000000000000  0001 0000000000000000  0001 0000000000000000  0001 0000000000000000  0001 0000000000000000  0001 0000000000000000  0001 0000000000000000  0001 0000000000000000  0000 0000000000000000  0000 0000000000000000  0000 0000000000000000
Frame 0409    0001 0000000000000000  0001 0000000000000000  0001 0000000000000000  0001 0000000000000000  0001 0000000000000000  0001 0000000000000000  0001 0000000000000000  0001 0000000000000000  0001 0000000000000000  0000 0000000000000000  0000 0000000000000000  0000 0000000000000000
Frame 0410    0001 0000000000000000  0001 0000000000000000  0001 0000000000000000  0001 0000000000000000  0001 0000000000000000  0001 0000000000000000  0001 0000000000000000  0001 0000000000000000  0001 0000000000000000  0000 0000000000000000  0000 0000000000000000  0000 0000000000000000
Frame 0411    0001 0000000000000000  0001 0000000000000000  0001 0000000000000000  0001 0000000000000000  0001 0000000000000000  0001 0000000000000000  0001 0000000000000000  0001 0000000000000000  0001 0000000000000000  0000 0000000000000000  0000 0000000000000000  0000 0000000000000000
Frame 0412    0001 0000000000000000  0001 0000000000000000  0001 0000000000000000  0001 0000000000000000  0001 0000000000000000  0001 0000000000000000  0001 0000000000000000  0001 0000000000000000  0001 0000000000000000  0000 0000000000000000  0000 0000000000000000  0000 0000000000000000
Frame 0413    0001 0000000000000000  0001 0000000000000000  0001 0000000000000000  0001 0000000000000000  0001 0000000000000000  0001 0000000000000000  0001 0000000000000000  0001 0000000000000000  0001 0000000000000000  0000 0000000000000000  0000 0000000000000000  0000 0000000000000000
Frame 0414    0001 0000000000000000  0001 0000000000000000  0001 0000000000000000  0001 0000000000000000  0001 0000000000000000  0001 0000000000000000  0001 0000000000000000  0001 0000000000000000  0001 0000000000000000  0000 0000000000000000  0000 0000000000000000  0000 0000000000000000
Frame 0415    0001 0000000000000000  0001 0000000000000000  0001 0000000000000000  0001 0000000000000000  0001 0000000000000000  0001 0000000000000000  0001 0000000000000000  0001 0000000000000000  0001 0000000000000000  0000 0000000000000000  0000 0000000000000000  0000 0000000000000000
Frame 0416    0001 0000000000000000  0001 0000000000000000  0001 0000000000000000  0001 0000000000000000  0001 0000000000000000  0001 0000000000000000  0001 0000000000000000  0001 0000000000000000  0001 0000000000000000  0000 0000000000000000  0000 0000000000000000  0000 0000000000000000
Frame 0417    0001 0000000000000000  0001 0000000000000000  0001 0000000000000000  0001 0000000000000000  0001 0000000000000000  0001 0000000000000000  0001 0000000000000000  0001 0000000000000000  0001 0000000000000000  0000 0000000000000000  0000 0000000000000000  0000 0000000000000000
Frame 0418    0001 0000000000000000  0001 0000000000000000  0001 0000000000000000  0001 0000000000000000  0001 0000000000000000  0001 0000000000000000  0001 0000000000000000  0001 0000000000000000  0001 0000000000000000  0000 0000000000000000  0000 0000000000000000  0000 0000000000000000
Frame 0419    0001 0000000000000000  0001 0000000000000000  0001 0000000000000000  0001 0000000000000000  0001 0000000000000000  0001 0000000000000000  0001 0000000000000000  0001 0000000000000000  0001 0000000000000000  0000 0000000000000000  0000 0000000000000000  0000 0000000000000000
Frame 0420    0001 0000000000000000  0001 0000000000000000  0001 0000000000000000  0001 0000000000000000  0001 0000000000000000  0001 0000000000000000  0001 0000000000000000  0001 0000000000000000  0001 0000000000000000  0000 0000000000000000  0000 0000000000000000  0000 0000000000000000
Frame 0421    0001 0000000000000000  0001 0000000000000000  0001 0000000000000000  0001 0000000000000000  0001 0000000000000000  0001 0000000000000000  0001 0000000000000000  0001 0000000000000000  0001 0000000000000000  0000 0000000000000000  0000 0000000000000000  0000 0000000000000000
Frame 0422    0001 0000000000000000  0001 0000000000000000  0001 0000000000000000  0001 0000000000000000  0001 0000000000000000  0001 0000000000000000  0001 0000000000000000  0001 0000000000000000  0001 0000000000000000  0000 0000000000000000  0000 0000000000000000  0000 0000000000000000
Frame 0423    0001 0000000000000000  0001 0000000000000000  0001 0000000000000000  0001 0000000000000000  0001 0000000000000000  0001 0000000000000000  0001 0000000000000000  0001 0000000000000000  0001 0000000000000000  0000 0000000000000000  0000 0000000000000000  0000 0000000000000000
Frame 0424    0001 0000000000000000  0001 0000000000000000  0001 0000000000000000  0001 0000000000000000  0001 0000000000000000  0001 0000000000000000  0001 0000000000000000  0001 0000000000000000  0001 0000000000000000  0000 0000000000000000  0000 0000000000000000  0000 0000000000000000
Frame 0425    0001 0000000000000000  0001 0000000000000000  0001 0000000000000000  0001 0000000000000000  0001 0000000000000000  0001 0000000000000000  0001 0000000000000000  0001 0000000000000000  0001 0000000000000000  0000 0000000000000000  0000 0000000000000000  0000 0000000000000000
Frame 0426    0001 0000000000000000  0001 0000000000000000  0001 0000000000000000  0001 0000000000000000  0001 0000000000000000  0001 0000000000000000  0001 0000000000000000  0001 0000000000000000  0001 0000000000000000  0000 0000000000000000  0000 0000000000000000  0000 0000000000000000
Frame 0427    0001 0000000000000000  0001 0000000000000000  0001 0000000000000000  0001 0000000000000000  0001 0000000000000000  0001 0000000000000000  0001 0000000000000000  0001 0000000000000000  0001 0000000000000000  0000 0000000000000000  0000 0000000000000000  0000 0000000000000000
Frame 0428    0001 0000000000000000  0001 0000000000000000  0001 0000000000000000  0001 0000000000000000  0001 0000000000000000  0001 0000000000000000  0001 0000000000000000  0001 0000000000000000  0001 0000000000000000  0000 0000000000000000  0000 0000000000000000  0000 0000000000000000
Frame 0429    0001 0000000000000000  0001 0000000000000000  0001 0000000000000000  0001 0000000000000000  0001 0000000000000000  0001 0000000000000000  0001 0000000000000000  0001 0000000000000000  0001 0000000000000000  0000 0000000000000000  0000 0000000000000000  0000 0000000000000000
Frame 0430    0001 0000000000000000  0001 0000000000000000  0001 0000000000000000  0001 0000000000000000  0001 0000000000000000  0001 0000000000000000  0001 0000000000000000  0001 0000000000000000  0001 0000000000000000  0000 0000000000000000  0000 0000000000000000  0000 0000000000000000
Frame 0431    0001 0000000000000000  0001 0000000000000000  0001 0000000000000000  0001 0000000000000000  0001 0000000000000000  0001 0000000000000000  0001 0000000000000000  0001 0000000000000000  0001 0000000000000000  0000 0000000000000000  0000 0000000000000000  0000 0000000000000000
Frame 0432    0001 0000000000000000  0001 0000000000000000  0001 0000000000000000  0001 0000000000000000  0001 0000000000000000  0001 0000000000000000  0001 0000000000000000  0001 0000000000000000  0001 0000000000000000  0000 0000000000000000  0000 0000000000000000  0000 0000000000000000
Frame 0433    0001 0000000000000000  0001 0000000000000000  0001 0000000000000000  0001 0000000000000000  0001 0000000000000000  0001 0000000000000000  0001 0000000000000000  0001 0000000000000000  0001 0000000000000000  0000 0000000000000000  0000 0000000000000000  0000 0000000000000000
Frame 0434    0001 0000000000000000  0001 0000000000000000  0001 0000000000000000  0001 0000000000000000  0001 0000000000000000  0001 0000000000000000  0001 0000000000000000  0001 0000000000000000  0001 0000000000000000  0000 0000000000000000  0000 0000000000000000  0000 0000000000000000
Frame 0435    0001 0000000000000000  0001 0000000000000000  0001 0000000000000000  0001 0000000000000000  0001 0000000000000000  0001 0000000000000000  0001 0000000000000000  0001 0000000000000000  0001 0000000000000000  0000 0000000000000000  0000 0000000000000000  0000 0000000000000000
Frame 0436    0001 0000000000000000  0001 0000000000000000  0001 0000000000000000  0001 0000000000000000  0001 0000000000000000  0001 0000000000000000  0001 0000000000000000  0001 0000000000000000  0001 0000000000000000  0000 0000000000000000  0000 0000000000000000  0000 0000000000000000
Frame 0437    0001 0000000000000000  0001 0000000000000000  0001 0000000000000000  0001 0000000000000000  0001 0000000000000000  0001 0000000000000000  0001 0000000000000000  0001 0000000000000000  0001 0000000000000000  0000 0000000000000000  0000 0000000000000000  0000 0000000000000000
Frame 0438    0001 0000000000000000  0001 0000000000000000  0001 0000000000000000  0001 0000000000000000  0001 0000000000000000  0001 0000000000000000  0001 0000000000000000  0001 0000000000000000  0001 0000000000000000  0000 0000000000000000  0000 0000000000000000  0000 0000000000000000
Frame 0439    0001 0000000000000000  0001 0000000000000000  0001 0000000000000000  0001 0000000000000000  0001 0000000000000000  0001 0000000000000000  0001 0000000000000000  0001 0000000000000000  0001 0000000000000000  0000 0000000000000000  0000 0000000000000000  0000 0000000000000000
Frame 0440    0001 0000000000000000  0001 0000000000000000  0001 0000000000000000  0001 0000000000000000  0001 0000000000000000  0001 0000000000000000  0001 0000000000000000  0001 0000000000000000  0001 0000000000000000  0000 0000000000000000  0000 0000000000000000  0000 0000000000000000
Frame 0441    0001 0000000000000000  0001 0000000000000000  0001 0000000000000000  0001 0000000000000000  0001 0000000000000000  0001 0000000000000000  0001 0000000000000000  0001 0000000000000000  0001 0000000000000000  0000 0000000000000000  0000 0000000000000000  0000 0000000000000000
Frame 0442    0001 0000000000000000  0001 0000000000000000  0001 0000000000000000  0001 0000000000000000  0001 0000000000000000  0001 0000000000000000  0001 0000000000000000  0001 0000000000000000  0001 0000000000000000  0000 0000000000000000  0000 0000000000000000  0000 0000000000000000
Frame 0443    0001 0000000000000000  0001 0000000000000000  0001 0000000000000000  0001 0000000000000000  0001 0000000000000000  0001 0000000000000000  0001 0000000000000000  0001 0000000000000000  0001 0000000000000000  0000 0000000000000000  0000 0000000000000000  0000 0000000000000000
Frame 0444    0001 0000000000000000  0001 0000000000000000  0001 0000000000000000  0001 0000000000000000  0001 0000000000000000  0001 0000000000000000  0001 0000000000000000  0001 0000000000000000  0001 0000000000000000  0000 0000000000000000  0000 0000000000000000  0000 0000000000000000
Frame 0445    0001 0000000000000000  0001 0000000000000000  0001 0000000000000000  0001 0000000000000000  0001 0000000000000000  0001 0000000000000000  0001 0000000000000000  0001 0000000000000000  0001 0000000000000000  0000 0000000000000000  0000 0000000000000000  0000 0000000000000000
Frame 0446    0001 0000000000000000  0001 0000000000000000  0001 0000000000000000  0001 0000000000000000  0001 0000000000000000  0001 0000000000000000  0001 0000000000000000  0001 0000000000000000  0001 0000000000000000  0000 0000000000000000  0000 0000000000000000  0000 0000000000000000
Frame 0447    0001 0000000000000000  0001 0000000000000000  0001 0000000000000000  0001 0000000000000000  0001 0000000000000000  0001 0000000000000000  0001 0000000000000000  0001 0000000000000000  0001 0000000000000000  0000 0000000000000000  0000 0000000000000000  0000 0000000000000000
Frame 0448    0001 0000000000000000  0001 0000000000000000  0001 0000000000000000  0001 0000000000000000  0001 0000000000000000  0001 0000000000000000  0001 0000000000000000  0001 0000000000000000  0001 0000000000000000  0000 0000000000000000  0000 0000000000000000  0000 0000000000000000
Frame 0449    0001 0000000000000000  0001 0000000000000000  0001 0000000000000000  0001 0000000000000000  0001 0000000000000000  0001 0000000000000000  0001 0000000000000000  0001 0000000000000000  0001 0000000000000000  0000 0000000000000000  0000 0000000000000000  0000 0000000000000000
Frame 0450    0001 0000000000000000  0001 0000000000000000  0001 0000000000000000  0001 0000000000000000  0001 0000000000000000  0001 0000000000000000  0001 0000000000000000  0001 0000000000000000  0001 0000000000000000  0000 0000000000000000  0000 0000000000000000  0000 0000000000000000
Frame 0451    0001 0000000000000000  0001 0000000000000000  0001 0000000000000000  0001 0000000000000000  0001 0000000000000000  0001 0000000000000000  0001 0000000000000000  0001 0000000000000000  0001 0000000000000000  0000 0000000000000000  0000 0000000000000000  0000 0000000000000000
Frame 0452    0001 0000000000000000  0001 0000000000000000  0001 0000000000000000  0001 0000000000000000  0001 0000000000000000  0001 0000000000000000  0001 0000000000000000  0001 0000000000000000  0001 0000000000000000  0000 0000000000000000  0000 0000000000000000  0000 0000000000000000
Frame 0453    0001 0000000000000000  0001 0000000000000000  0001 0000000000000000  0001 0000000000000000  0001 0000000000000000  0001 0000000000000000  0001 0000000000000000  0001 0000000000000000  0001 0000000000000000  0000 0000000000000000  0000 0000000000000000  0000 0000000000000000
Frame 0454    0001 0000000000000000  0001 0000000000000000  0001 0000000000000000  0001 0000000000000000  0001 0000000000000000  0001 0000000000000000  0001 0000000000000000  0001 0000000000000000  0001 0000000000000000  0000 0000000000000000  0000 0000000000000000  0000 0000000000000000
Frame 0455    0001 0000000000000000  0001 0000000000000000  0001 0000000000000000  0001 0000000000000000  0001 0000000000000000  0001 0000000000000000  0001 0000000000000000  0001 0000000000000000  0001 0000000000000000  0000 0000000000000000  0000 0000000000000000  0000 0000000000000000
Frame 0456    0001 0000000000000000  0001 0000000000000000  0001 0000000000000000  0001 0000000000000000  0001 0000000000000000  0001 0000000000000000  0001 0000000000000000  0001 0000000000000000  0001 0000000000000000  0000 0000000000000000  0000 0000000000000000  0000 0000000000000000
Frame 0457    0001 0000000000000000  0001 0000000000000000  0001 0000000000000000  0001 0000000000000000  0001 0000000000000000  0001 0000000000000000  0001 0000000000000000  0001 0000000000000000  0001 0000000000000000  0000 0000000000000000  0000 0000000000000000  0000 0000000000000000
Frame 0458    0001 0000000000000000  0001 0000000000000000  0001 0000000000000000  0001 0000000000000000  0001 0000000000000000  0001 0000000000000000  0001 0000000000000000  0001 0000000000000000  0001 0000000000000000  0000 0000000000000000  0000 0000000000000000  0000 0000000000000000
Frame 0459    0001 0000000000000000  0001 0000000000000000  0001 0000000000000000  0001 0000000000000000  0001 0000000000000000  0001 0000000000000000  0001 0000000000000000  0001 0000000000000000  0001 0000000000000000  0000 0000000000000000  0000 0000000000000000  0000 0000000000000000
Frame 0460    0001 0000000000000000  0001 0000000000000000  0001 0000000000000000  0001 0000000000000000  0001 0000000000000000  0001 0000000000000000  0001 0000000000000000  0001 0000000000000000  0001 0000000000000000  0000 0000000000000000  0000 0000000000000000  0000 0000000000000000
Frame 0461    0001 0000000000000000  0001 0000000000000000  0001 0000000000000000  0001 0000000000000000  0001 0000000000000000  0001 0000000000000000  0001 0000000000000000  0001 0000000000000000  0001 0000000000000000  0000 0000000000000000  0000 0000000000000000  0000 0000000000000000
Frame 0462    0001 0000000000000000  0001 0000000000000000  0001 0000000000000000  0001 0000000000000000  0001 0000000000000000  0001 0000000000000000  0001 0000000000000000  0001 0000000000000000  0001 0000000000000000  0000 0000000000000000  0000 0000000000000000  0000 0000000000000000
Frame 0463    0001 0000000000000000  0001 0000000000000000  0001 0000000000000000  0001 0000000000000000  0001 0000000000000000  0001 0000000000000000  0001 0000000000000000  0001 0000000000000000  0001 0000000000000000  0000 0000000000000000  0000 0000000000000000  0000 0000000000000000
Frame 0464    0001 0000000000000000  0001 0000000000000000  0001 0000000000000000  0001 0000000000000000  0001 0000000000000000  0001 0000000000000000  0001 0000000000000000  0001 0000000000000000  0001 0000000000000000  0000 0000000000000000  0000 0000000000000000  0000 0000000000000000
Frame 0465    0001 0000000000000000  0001 0000000000000000  0001 0000000000000000  0001 0000000000000000  0001 0000000000000000  0001 0000000000000000  0001 0000000000000000  0001 0000000000000000  0001 0000000000000000  0000 0000000000000000  0000 0000000000000000  0000 0000000000000000
Frame 0466    0001 0000000000000000  0001 0000000000000000  0001 0000000000000000  0001 0000000000000000  0001 0000000000000000  0001 0000000000000000  0001 0000000000000000  0001 0000000000000000  0001 0000000000000000  0000 0000000000000000  0000 0000000000000000  0000 0000000000000000
Frame 0467    0001 0000000000000000  0001 0000000000000000  0001 0000000000000000  0001 0000000000000000  0001 0000000000000000  0001 0000000000000000  0001 0000000000000000  0001 0000000000000000  0001 0000000000000000  0000 0000000000000000  0000 0000000000000000  0000 0000000000000000
Frame 0468    0001 0000000000000000  0001 0000000000000000  0001 0000000000000000  0001 0000000000000000  0001 0000000000000000  0001 0000000000000000  0001 0000000000000000  0001 0000000000000000  0001 0000000000000000  0000 0000000000000000  0000 0000000000000000  0000 0000000000000000
Frame 0469    0001 0000000000000000  0001 0000000000000000  0001 0000000000000000  0001 0000000000000000  0001 0000000000000000  0001 0000000000000000  0001 0000000000000000  0001 0000000000000000  0001 0000000000000000  0000 0000000000000000  0000 0000000000000000  0000 0000000000000000
Frame 0470    0001 0000000000000000  0001 0000000000000000  0001 0000000000000000  0001 0000000000000000  0001 0000000000000000  0001 0000000000000000  0001 0000000000000000  0001 0000000000000000  0001 0000000000000000  0000 0000000000000000  0000 0000000000000000  0000 0000000000000000
Frame 0471    0001 0000000000000000  0001 0000000000000000  0001 0000000000000000  0001 0000000000000000  0001 0000000000000000  0001 0000000000000000  0001 0000000000000000  0001 0000000000000000  0001 0000000000000000  0000 0000000000000000  0000 0000000000000000  0000 0000000000000000
Frame 0472    0001 0000000000000000  0001 0000000000000000  0001 0000000000000000  0001 0000000000000000  0001 0000000000000000  0001 0000000000000000  0001 0000000000000000  0001 0000000000000000  0001 0000000000000000  0000 0000000000000000  0000 0000000000000000  0000 0000000000000000
Frame 0473    0001 0000000000000000  0001 0000000000000000  0001 0000000000000000  0001 0000000000000000  0001 0000000000000000  0001 0000000000000000  0001 0000000000000000  0001 0000000000000000  0001 0000000000000000  0000 0000000000000000  0000 0000000000000000  0000 0000000000000000
Frame 0474    0001 0000000000000000  0001 0000000000000000  0001 0000000000000000  0001 0000000000000000  0001 0000000000000000  0001 0000000000000000  0001 0000000000000000  0001 0000000000000000  0001 0000000000000000  0000 0000000000000000  0000 0000000000000000  0000 0000000000000000
Frame 0475    0001 0000000000000000  0001 0000000000000000  0001 0000000000000000  0001 0000000000000000  0001 0000000000000000  0001 0000000000000000  0001 0000000000000000  0001 0000000000000000  0001 0000000000000000  0000 0000000000000000  0000 0000000000000000  0000 0000000000000000
Frame 0476    0001 0000000000000000  0001 0000000000000000  0001 0000000000000000  0001 0000000000000000  0001 0000000000000000  0001 0000000000000000  0001 0000000000000000  0001 0000000000000000  0001 0000000000000000  0000 0000000000000000  0000 0000000000000000  0000 0000000000000000
Frame 0477    0001 0000000000000000  0001 0000000000000000  0001 0000000000000000  0001 0000000000000000  0001 0000000000000000  0001 0000000000000000  0001 0000000000000000  0001 0000000000000000  0001 0000000000000000  0000 0000000000000000  0000 0000000000000000  0000 0000000000000000
Frame 0478    0001 0000000000000000  0001 0000000000000000  0001 0000000000000000  0001 0000000000000000  0001 0000000000000000  0001 0000000000000000  0001 0000000000000000  0001 0000000000000000  0001 0000000000000000  0000 0000000000000000  0000 0000000000000000  0000 0000000000000000
Frame 0479    0001 0000000000000000  0001 0000000000000000  0001 0000000000000000  0001 0000000000000000  0001 0000000000000000  0001 0000000000000000  0001 0000000000000000  0001 0000000000000000  0001 0000000000000000  0000 0000000000000000  0000 0000000000000000  0000 0000000000000000
Frame 0480    0001 0000000000000000  0001 0000000000000000  0001 0000000000000000  0001 0000000000000000  0001 0000000000000000  0001 0000000000000000  0001 0000000000000000  0001 0000000000000000  0001 0000000000000000  0000 0000000000000000  0000 0000000000000000  0000 0000000000000000
Frame 0481    0001 0000000000000000  0001 0000000000000000  0001 0000000000000000  0001 0000000000000000  0001 0000000000000000  0001 0000000000000000  0001 0000000000000000  0001 0000000000000000  0001 0000000000000000  0000 0000000000000000  0000 0000000000000000  0000 0000000000000000
Frame 0482    0001 0000000000000000  0001 0000000000000000  0001 0000000000000000  0001 0000000000000000  0001 0000000000000000  0001 0000000000000000  0001 0000000000000000  0001 0000000000000000  0001 0000000000000000  0000 0000000000000000  0000 0000000000000000  0000 0000000000000000
Frame 0483    0001 0000000000000000  0001 0000000000000000  0001 0000000000000000  0001 0000000000000000  0001 0000000000000000  0001 0000000000000000  0001 0000000000000000  0001 0000000000000000  0001 0000000000000000  0000 0000000000000000  0000 0000000000000000  0000 0000000000000000
Frame 0484    0001 0000000000000000  0001 0000000000000000  0001 0000000000000000  0001 0000000000000000  0001 0000000000000000  0001 0000000000000000  0001 0000000000000000  0001 0000000000000000  0001 0000000000000000  0000 0000000000000000  0000 0000000000000000  0000 0000000000000000
Frame 0485    0001 0000000000000000  0001 0000000000000000  0001 0000000000000000  0001 0000000000000000  0001 0000000000000000  0001 0000000000000000  0001 0000000000000000  0001 0000000000000000  0001 0000000000000000  0000 0000000000000000  0000 0000000000000000  0000 0000000000000000
Frame 0486    0000 0000000000000000  0000 0000000000000000  0000 0000000000000000  0000 0000000000000000  0000 0000000000000000  0000 0000000000000000  0000 0000000000000000  0000 0000000000000000  0000 0000000000000000  0000 0000000000000000  0000 0000000000000000  0000 0000000000000000
Frame 0487    0000 0000000000000000  0000 0000000000000000  0000 0000000000000000  0000 0000000000000000  0000 0000000000000000  0000 0000000000000000  0000 0000000000000000  0000 0000000000000000  0000 0000000000000000  0000 0000000000000000  0000 0000000000000000  0000 0000000000000000
Frame 0488    0000 0000000000000000  0000 0000000000000000  0000 0000000000000000  0000 0000000000000000  0000 0000000000000000  0000 0000000000000000  0000 0000000000000000  0000 0000000000000000  0000 0000000000000000  0000 0000000000000000  0000 0000000000000000  0000 0000000000000000
Frame 0489    0000 0000000000000000  0000 0000000000000000  0000 0000000000000000  0000 0000000000000000  0000 0000000000000000  0000 0000000000000000  0000 0000000000000000  0000 0000000000000000  0000 0000000000000000  0000 0000000000000000  0000 0000000000000000  0000 0000000000000000
Frame 0490    0000 0000000000000000  0000 0000000000000000  0000 0000000000000000  0000 0000000000000000  0000 0000000000000000  0000 0000000000000000  0000 0000000000000000  0000 0000000000000000  0000 0000000000000000  0000 0000000000000000  0000 0000000000000000  0000 0000000000000000
Frame 0491    0000 0000000000000000  0000 0000000000000000  0000 0000000000000000  0000 0000000000000000  0000 0000000000000000  0000 0000000000000000  0000 0000000000000000  0000 0000000000000000  0000 0000000000000000  0000 0000000000000000  0000 0000000000000000  0000 0000000000000000
Frame 0492    0001 1397182426622adc  0001 00076bffd0001202  0001 0007a8002ffc1002  0001 0007f4bff0000e02  0001 0000000000000000  0001 00049ffff060083a  0001 0000000000000000  0001 0000000000000000  0001 0000000000000000  0000 0000000000000000  0000 0000000000000000  0000 0000000000000000
Frame 0493    0001 1563b8c3bbf9b72b  0001 0007680050001603  0001 0007a83f70001403  0001 0007f2402ffe1203  0001 0000000000000000  0001 000468c28ffd1a64  0001 0000000000000000  0001 0000000000000000  0001 0000000000000000  0000 0000000000000000  0000 0000000000000000  0000 0000000000000000
Frame 0494    0001 1a0ccd63c87dbc29  0001 0000000000000000  0001 0007a80030001803  0001 0007f27faffe1603  0001 00043ac0006c0c3a  0001 000489c1b00b4e64  0001 0000000000000000  0001 0000000000000000  0001 0000000000000000  0000 0000000000000000  0000 0000000000000000  0000 0000000000000000
Frame 0495    0001 199d18d1f5f7f3ec  0001 00076bff00001201  0001 0007a8000ffc1001  0001 0007e70100000e01  0001 0000000000000000  0001 0004907fa0620c3a  0001 0000000000000000  0001 0000000000000000  0001 0000000000000000  0000 0000000000000000  0000 0000000000000000  0000 0000000000000000
Frame 0496    0001 19ebf8ddd49dd443  0001 0000000000000000  0001 0007a80040001802  0001 0007f27fcffe1602  0001 00043cbfefe80c3a  0001 000491c010260c3a  0001 0000000000000000  0001 0000000000000000  0001 0000000000000000  0000 0000000000000000  0000 0000000000000000  0000 0000000000000000
Frame 0497    0001 15a0eca3cac3c400  0001 00076fbfe0001602  0001 0007a8002ffa1402  0001 0007f27fe0001202  0001 00043c40001c0a3a  0001 0000000000000000  0001 0000000000000000  0001 0000000000000000  0001 0000000000000000  0000 0000000000000000  0000 0000000000000000  0000 0000000000000000
Frame 0498    0001 195c0b241b101c89  0001 00076bc070001a01  0001 0007a83fbffe1001  0001 0000000000000000  0001 00044c001fea0c3a  0001 0004a13ff06e0c3a  0001 0000000000000000  0001 0000000000000000  0001 0000000000000000  0000 0000000000000000  0000 0000000000000000  0000 0000000000000000
Frame 0499    0001 1c37351c4d7054bb  0001 0007767ff0001204  0001 0007a8001ffe1004  0001 0007f27ff0000e04  0001 000438405f28b47a  0001 0000000000000000  0001 0000000000000000  0001 0000000000000000  0001 0000000000000000  0000 0000000000000000  0000 0000000000000000  0000 0000000000000000
Frame 0500    0001 1f098ca0081c0761  0001 00076bc10ffe0a01  0001 0007a83feffe0801  0001 0007f5bee0000601  0001 00043b405014043a  0001 0000000000000000  0001 0000000000000000  0001 0000000000000000  0001 0000000000000000  0000 0000000000000000  0000 0000000000000000  0000 0000000000000000
Frame 0501    0001 1bded0e1c8efc364  0001 000774802ffe1402  0001 0007a83faffe1202  0001 0007f24040001002  0001 00044abff042083a  0001 0000000000000000  0001 0000000000000000  0001 0000000000000000  0001 0000000000000000  0000 0000000000000000  0000 0000000000000000  0000 0000000000000000
Frame 0502    0001 19cc568447664e0c  0001 00076b8020021a03  0001 0007a83faffa1803  0001 0007f24010021603  0001 0000000000000000  0001 000451001f3f4e64  0001 0000000000000000  0001 0000000000000000  0001 0000000000000000  0000 0000000000000000  0000 0000000000000000  0000 0000000000000000
Frame 0503    0001 19b84ada014600bb  0001 00076bff8ffe1201  0001 0007a80040021001  0001 0007f5c06ffe0e01  0001 00044c3fc04e0c3a  0001 0000000000000000  0001 0000000000000000  0001 0000000000000000  0001 0000000000000000  0000 0000000000000000  0000 0000000000000000  0000 0000000000000000
Frame 0504    0001 146c0b6816ea17d9  0001 00076bc030000e01  0001 0007a83fdffe0c01  0001 0007f5bfe0000a01  0001 00043b801fe4083a  0001 0000000000000000  0001 0000000000000000  0001 0000000000000000  0001 0000000000000000  0000 0000000000000000  0000 0000000000000000  0000 0000000000000000
Frame 0505    0001 1a8d75c3c8ddc385  0001 0000000000000000  0001 0007a83fe0001402  0001 0007f2401ffe1202  0001 00044b3ff03c0a3a  0001 0000000000000000  0001 0000000000000000  0001 0004bf41b07f1a4d  0001 0000000000000000  0000 0000000000000000  0000 0000000000000000  0000 0000000000000000
Frame 0506    0001 1c80b56a8e349ed6  0001 00076bffd0001206  0001 0000000000000000  0001 0007ba404ffa0e06  0001 0007e0ffdffe0e06  0001 0004163ff0020c06  0001 0000000000000000  0001 0000000000000000  0001 0000000000000000  0000 0000000000000000  0000 0000000000000000  0000 0000000000000000
Frame 0507    0001 1117ff9e08300748  0001 0000000000000000  0001 0007a80030000801  0001 0007e9ffcffe0601  0001 00044a800032043a  0001 000490400058043a  0001 0000000000000000  0001 0000000000000000  0001 0000000000000000  0000 0000000000000000  0000 0000000000000000  0000 0000000000000000
Frame 0508    0001 1c92df0069267332  0001 000775404ffe1205  0001 0007b13fbffc1005  0001 0007deffc0040e04  0001 000409803ffc0e04  0001 0000000000000000  0001 0000000000000000  0001 0000000000000000  0001 0000000000000000  0000 0000000000000000  0000 0000000000000000  0000 0000000000000000
Frame 0509    0001 1d070ec8142614fc  0001 00076bc010000e01  0001 0007a83feffe0c01  0001 0007e73ff0000a01  0001 00043bc00fea083a  0001 0000000000000000  0001 0000000000000000  0001 0000000000000000  0001 0000000000000000  0000 0000000000000000  0000 0000000000000000  0000 0000000000000000
Frame 0510    0001 191a3df02b0e2fa3  0001 00076bc02ffe1a02  0001 0007a83ff0021802  0001 0007f9ffdffe1602  0001 00043ac0001c0c3a  0001 0000000000000000  0001 0000000000000000  0001 0000000000000000  0001 0000000000000000  0000 0000000000000000  0000 0000000000000000  0000 0000000000000000
Frame 0511    0001 15080e9b67a34e26  0001 000773c100041407  0001 0007847f2ffe1407  0001 0007a17eaff41407  0001 0007c780b0061207  0001 0000000000000000  0001 0000000000000000  0001 0000000000000000  0001 0000000000000000  0000 0000000000000000  0000 0000000000000000  0000 0000000000000000
Frame 0512    0001 165e005c5a3c68ee  0001 00076bc04ffe1a04  0001 0007a83f90021804  0001 0000000000000000  0001 0007f1402ffe1604  0001 0000000000000000  0001 0000000000000000  0001 00049d7f71194e90  0001 0000000000000000  0000 0000000000000000  0000 0000000000000000  0000 0000000000000000
Frame 0513    0001 12857fca2c7e2fea  0001 00076bc030001002  0001 0007a83faffe0e02  0001 0007f50010000c02  0001 00044c3ff064063a  0001 0000000000000000  0001 0000000000000000  0001 0000000000000000  0001 0000000000000000  0000 0000000000000000  0000 0000000000000000  0000 0000000000000000
Frame 0514    0001 19f0b609682b5860  0001 00076f3e60021a06  0001 000794812ff81806  0001 0007b24130061606  0001 0007d47ecffc1606  0001 0000000000000000  0001 0000000000000000  0001 0000000000000000  0001 0000000000000000  0000 0000000000000000  0000 0000000000000000  0000 0000000000000000
Frame 0515    0001 195b1b241b521cab  0001 00076bc080001201  0001 0007a83f6ffe1001  0001 0000000000000000  0001 00044c001fe40c3a  0001 0004a10000660c3a  0001 0000000000000000  0001 0000000000000000  0001 0000000000000000  0000 0000000000000000  0000 0000000000000000  0000 0000000000000000
Frame 0516    0001 1e28bf800a8e0a32  0001 00076bff90000a01  0001 0007a83fbffe0801  0001 0000000000000000  0001 0000000000000000  0001 000492007066043a  0001 00050fbfd00a023a  0001 0000000000000000  0001 0000000000000000  0000 0000000000000000  0000 0000000000000000  0000 0000000000000000
Frame 0517    0001 1624060edd50eef9  0001 0000000000000000  0001 00077a402ff21a0a  0001 0007963fe004180a  0001 0007b47fd01a160a  0001 0007d7001fec160a  0001 0000000000000000  0001 0000000000000000  0001 0000000000000000  0000 0000000000000000  0000 0000000000000000  0000 0000000000000000
Frame 0518    0001 194985f5682d58aa  0001 0000000000000000  0001 0000000000000000  0001 0007b37fc0041606  0001 0007d8005ff61606  0001 0004057fd0041606  0001 00042c7e0e634ee9  0001 0000000000000000  0001 0000000000000000  0000 0000000000000000  0000 0000000000000000  0000 0000000000000000
Frame 0519    0001 1580843823a02b9b  0001 00076bff70001602  0001 0007a8005ffe1402  0001 0007f50060001202  0001 00044b3fe03c0a3a  0001 0000000000000000  0001 0000000000000000  0001 0000000000000000  0001 0000000000000000  0000 0000000000000000  0000 0000000000000000  0000 0000000000000000
Frame 0520    0001 15589c95e87feb5f  0001 00075cffb0001201  0001 00079c805ffe0e01  0001 0007f27fe0000c01  0001 000443c000460a3a  0001 0000000000000000  0001 0000000000000000  0001 0000000000000000  0001 0000000000000000  0000 0000000000000000  0000 0000000000000000  0000 0000000000000000
Frame 0521    0001 1976665e45fe5562  0001 00076bc00ffc1a04  0001 0007a83ff0021804  0001 0000000000000000  0001 0000000000000000  0001 00048140af0f4e7a  0001 0004d140ef3f4e7a  0001 0000000000000000  0001 0000000000000000  0000 0000000000000000  0000 0000000000000000  0000 0000000000000000
Frame 0522    0001 1a19569c44fe4c9c  0001 00076bffeffe1603  0001 0007a8001ffe1403  0001 0000000000000000  0001 0000000000000000  0001 0004513e3fc51a64  0001 000489fd40431a64  0001 0000000000000000  0001 0000000000000000  0000 0000000000000000  0000 0000000000000000  0000 0000000000000000
Frame 0523    0001 13d6d43c10741393  0001 0000000000000000  0001 00079e402ffe0c01  0001 0007f27feffe0a01  0001 000443ffeff0083a  0001 000490401ff8083a  0001 0000000000000000  0001 0000000000000000  0001 0000000000000000  0000 0000000000000000  0000 0000000000000000  0000 0000000000000000
Frame 0524    0001 19c5d68446c64da9  0001 00076bc020001a03  0001 0007a83fdffe1803  0001 0000000000000000  0001 0000000000000000  0001 000451030f654e64  0001 00048143c0db4e64  0001 0000000000000000  0001 0000000000000000  0000 0000000000000000  0000 0000000000000000  0000 0000000000000000
Frame 0525    0001 1bacc2301be21d26  0001 0007773f90001401  0001 00079c401ffe0c01  0001 0007f24030001001  0001 000443fffff8083a  0001 0000000000000000  0001 0000000000000000  0001 0000000000000000  0001 0000000000000000  0000 0000000000000000  0000 0000000000000000  0000 0000000000000000
Frame 0526    0001 11e0a2320ad60a19  0001 0000000000000000  0001 0007abbfd0000801  0001 0000000000000000  0001 000443c0201a043a  0001 0004a13fe02a043a  0001 00050ec00fd4023a  0001 0000000000000000  0001 0000000000000000  0000 0000000000000000  0000 0000000000000000  0000 0000000000000000
Frame 0527    0001 11dfb2320a6009eb  0001 0000000000000000  0001 0007abbfa0000801  0001 0007f2401ffe0601  0001 000443c0202a043a  0001 0004a13fe046043a  0001 0000000000000000  0001 0000000000000000  0001 0000000000000000  0000 0000000000000000  0000 0000000000000000  0000 0000000000000000
Frame 0528    0001 15d8c22de045d925  0001 0000000000000000  0001 0000000000000000  0001 0007f24070001202  0001 000443ffffda0a3a  0001 0004923fb0240a3a  0001 0004ff801ff4083a  0001 0000000000000000  0001 0000000000000000  0000 0000000000000000  0000 0000000000000000  0000 0000000000000000
Frame 0529    0001 1c7db611803d75f5  0001 00076bffd0021205  0001 0007a8014ff41005  0001 0007b63f10080e05  0001 0000000000000000  0001 0000000000000000  0001 000444c5912ab4bd  0001 0000000000000000  0001 0000000000000000  0000 0000000000000000  0000 0000000000000000  0000 0000000000000000
Frame 0530    0001 15c05231de6dd8d6  0001 00077880e0001602  0001 0000000000000000  0001 0007f27f7ffe1202  0001 000443ff90020a3a  0001 0004920050740a3a  0001 0000000000000000  0001 0000000000000000  0001 0000000000000000  0000 0000000000000000  0000 0000000000000000  0000 0000000000000000
Frame 0531    0001 1af325cf80e77626  0001 00076bff1ffc1405  0001 0007a8007ffc1205  0001 0007b601800c1205  0001 0007dd3ecff81205  0001 0000000000000000  0001 0000000000000000  0001 0000000000000000  0001 0000000000000000  0000 0000000000000000  0000 0000000000000000  0000 0000000000000000
Frame 0532    0001 19fe37661ee01ff8  0001 00076ebfe0001a01  0001 0007aebfd0001801  0001 0007f2406ffe1601  0001 000443ffef960c3a  0001 0000000000000000  0001 0000000000000000  0001 0000000000000000  0001 0000000000000000  0000 0000000000000000  0000 0000000000000000  0000 0000000000000000
Frame 0533    0001 19f7a7641ef81fef  0001 00076bffd0001a01  0001 0007a8000ffe1801  0001 0007fa0040001601  0001 00044affffb80c3a  0001 0000000000000000  0001 0000000000000000  0001 0000000000000000  0001 0000000000000000  0000 0000000000000000  0000 0000000000000000  0000 0000000000000000
Frame 0534    0001 19f7e7641f162002  0001 00076bffd0001a01  0001 0007a83ffffe1801  0001 0007fa0050001601  0001 00044affefb80c3a  0001 0000000000000000  0001 0000000000000000  0001 0000000000000000  0001 0000000000000000  0000 0000000000000000  0000 0000000000000000  0000 0000000000000000
Frame 0535    0001 19fe37661e441fa3  0001 00076ebfdffc1a01  0001 0007aebfb0081801  0001 0007f240affc1601  0001 000443ffefae0c3a  0001 0000000000000000  0001 0000000000000000  0001 0000000000000000  0001 0000000000000000  0000 0000000000000000  0000 0000000000000000  0000 0000000000000000
Frame 0536    0001 1bacf2301c401d5c  0001 0000000000000000  0001 0007af7fe0001201  0001 0007f9ffa0001001  0001 0000000000000000  0001 000498c04044083a  0001 000506bfe05c063a  0001 0000000000000000  0001 0000000000000000  0000 0000000000000000  0000 0000000000000000  0000 0000000000000000
Frame 0537    0001 1a07f7661efa2003  0001 00075dc06ffe1201  0001 0007aebfc0021402  0001 0007fa3f7ffc1202  0001 0000000000000000  0001 000498c01ffa0a3a  0001 0000000000000000  0001 0000000000000000  0001 0000000000000000  0000 0000000000000000  0000 0000000000000000  0000 0000000000000000
Frame 0538    0001 11df72320a9e09f9  0001 0000000000000000  0001 0000000000000000  0001 0007eac010000601  0001 00043b401048043a  0001 000498ffd020043a  0001 000506800fd6023a  0001 0000000000000000  0001 0000000000000000  0000 0000000000000000  0000 0000000000000000  0000 0000000000000000
Frame 0539    0001 0000000000000000  0001 0000000000000000  0001 0000000000000000  0001 0000000000000000  0001 0000000000000000  0001 0000000000000000  0001 0000000000000000  0001 0000000000000000  0001 0000000000000000  0000 0000000000000000  0000 0000000000000000  0000 0000000000000000
Frame 0540    0001 0000000000000000  0001 0000000000000000  0001 0000000000000000  0001 0000000000000000  0001 0000000000000000  0001 0000000000000000  0001 0000000000000000  0001 0000000000000000  0001 0000000000000000  0000 0000000000000000  0000 0000000000000000  0000 0000000000000000
Frame 0541    0001 0000000000000000  0001 0000000000000000  0001 0000000000000000  0001 0000000000000000  0001 0000000000000000  0001 0000000000000000  0001 0000000000000000  0001 0000000000000000  0001 0000000000000000  0000 0000000000000000  0000 0000000000000000  0000 0000000000000000
Frame 0542    0001 0000000000000000  0001 0000000000000000  0001 0000000000000000  0001 0000000000000000  0001 0000000000000000  0001 0000000000000000  0001 0000000000000000  0001 0000000000000000  0001 0000000000000000  0000 0000000000000000  0000 0000000000000000  0000 0000000000000000
Frame 0543    0001 0000000000000000  0001 0000000000000000  0001 0000000000000000  0001 0000000000000000  0001 0000000000000000  0001 0000000000000000  0001 0000000000000000  0001 0000000000000000  0001 0000000000000000  0000 0000000000000000  0000 0000000000000000  0000 0000000000000000
Frame 0544    0001 0000000000000000  0001 0000000000000000  0001 0000000000000000  0001 0000000000000000  0001 0000000000000000  0001 0000000000000000  0001 0000000000000000  0001 0000000000000000  0001 0000000000000000  0000 0000000000000000  0000 0000000000000000  0000 0000000000000000
Frame 0545    0001 0000000000000000  0001 0000000000000000  0001 0000000000000000  0001 0000000000000000  0001 0000000000000000  0001 0000000000000000  0001 0000000000000000  0001 0000000000000000  0001 0000000000000000  0000 0000000000000000  0000 0000000000000000  0000 0000000000000000
Frame 0546    0001 0000000000000000  0001 0000000000000000  0001 0000000000000000  0001 0000000000000000  0001 0000000000000000  0001 0000000000000000  0001 0000000000000000  0001 0000000000000000  0001 0000000000000000  0000 0000000000000000  0000 0000000000000000  0000 0000000000000000
Frame 0547    0001 0000000000000000  0001 0000000000000000  0001 0000000000000000  0001 0000000000000000  0001 0000000000000000  0001 0000000000000000  0001 0000000000000000  0001 0000000000000000  0001 0000000000000000  0000 0000000000000000  0000 0000000000000000  0000 0000000000000000
Frame 0548    0001 0000000000000000  0001 0000000000000000  0001 0000000000000000  0001 0000000000000000  0001 0000000000000000  0001 0000000000000000  0001 0000000000000000  0001 0000000000000000  0001 0000000000000000  0000 0000000000000000  0000 0000000000000000  0000 0000000000000000
Frame 0549    0001 0000000000000000  0001 0000000000000000  0001 0000000000000000  0001 0000000000000000  0001 0000000000000000  0001 0000000000000000  0001 0000000000000000  0001 0000000000000000  0001 0000000000000000  0000 0000000000000000  0000 0000000000000000  0000 0000000000000000
Frame 0550    0001 0000000000000000  0001 0000000000000000  0001 0000000000000000  0001 0000000000000000  0001 0000000000000000  0001 0000000000000000  0001 0000000000000000  0001 0000000000000000  0001 0000000000000000  0000 0000000000000000  0000 0000000000000000  0000 0000000000000000
Frame 0551    0001 0000000000000000  0001 0000000000000000  0001 0000000000000000  0001 0000000000000000  0001 0000000000000000  0001 0000000000000000  0001 0000000000000000  0001 0000000000000000  0001 0000000000000000  0000 0000000000000000  0000 0000000000000000  0000 0000000000000000
Frame 0552    0001 0000000000000000  0001 0000000000000000  0001 0000000000000000  0001 0000000000000000  0001 0000000000000000  0001 0000000000000000  0001 0000000000000000  0001 0000000000000000  0001 0000000000000000  0000 0000000000000000  0000 0000000000000000  0000 0000000000000000
Frame 0553    0001 0000000000000000  0001 0000000000000000  0001 0000000000000000  0001 0000000000000000  0001 0000000000000000  0001 0000000000000000  0001 0000000000000000  0001 0000000000000000  0001 0000000000000000  0000 0000000000000000  0000 0000000000000000  0000 0000000000000000
Frame 0554    0001 0000000000000000  0001 0000000000000000  0001 0000000000000000  0001 0000000000000000  0001 0000000000000000  0001 0000000000000000  0001 0000000000000000  0001 0000000000000000  0001 0000000000000000  0000 0000000000000000  0000 0000000000000000  0000 0000000000000000
Frame 0555    0001 0000000000000000  0001 0000000000000000  0001 0000000000000000  0001 0000000000000000  0001 0000000000000000  0001 0000000000000000  0001 0000000000000000  0001 0000000000000000  0001 0000000000000000  0000 0000000000000000  0000 0000000000000000  0000 0000000000000000
Frame 0556    0001 0000000000000000  0001 0000000000000000  0001 0000000000000000  0001 0000000000000000  0001 0000000000000000  0001 0000000000000000  0001 0000000000000000  0001 0000000000000000  0001 0000000000000000  0000 0000000000000000  0000 0000000000000000  0000 0000000000000000
Frame 0557    0001 0000000000000000  0001 0000000000000000  0001 0000000000000000  0001 0000000000000000  0001 0000000000000000  0001 0000000000000000  0001 0000000000000000  0001 0000000000000000  0001 0000000000000000  0000 0000000000000000  0000 0000000000000000  0000 0000000000000000
Frame 0558    0001 0000000000000000  0001 0000000000000000  0001 0000000000000000  0001 0000000000000000  0001 0000000000000000  0001 0000000000000000  0001 0000000000000000  0001 0000000000000000  0001 0000000000000000  0000 0000000000000000  0000 0000000000000000  0000 0000000000000000
Frame 0559    0001 0000000000000000  0001 0000000000000000  0001 0000000000000000  0001 0000000000000000  0001 0000000000000000  0001 0000000000000000  0001 0000000000000000  0001 0000000000000000  0001 0000000000000000  0000 0000000000000000  0000 0000000000000000  0000 0000000000000000
Frame 0560    0001 0000000000000000  0001 0000000000000000  0001 0000000000000000  0001 0000000000000000  0001 0000000000000000  0001 0000000000000000  0001 0000000000000000  0001 0000000000000000  0001 0000000000000000  0000 0000000000000000  0000 0000000000000000  0000 0000000000000000
Frame 0561    0001 0000000000000000  0001 0000000000000000  0001 0000000000000000  0001 0000000000000000  0001 0000000000000000  0001 0000000000000000  0001 0000000000000000  0001 0000000000000000  0001 0000000000000000  0000 0000000000000000  0000 0000000000000000  0000 0000000000000000
Frame 0562    0001 0000000000000000  0001 0000000000000000  0001 0000000000000000  0001 0000000000000000  0001 0000000000000000  0001 0000000000000000  0001 0000000000000000  0001 0000000000000000  0001 0000000000000000  0000 0000000000000000  0000 0000000000000000  0000 0000000000000000
Frame 0563    0001 0000000000000000  0001 0000000000000000  0001 0000000000000000  0001 0000000000000000  0001 0000000000000000  0001 0000000000000000  0001 0000000000000000  0001 0000000000000000  0001 0000000000000000  0000 0000000000000000  0000 0000000000000000  0000 0000000000000000
Frame 0564    0001 0000000000000000  0001 0000000000000000  0001 0000000000000000  0001 0000000000000000  0001 0000000000000000  0001 0000000000000000  0001 0000000000000000  0001 0000000000000000  0001 0000000000000000  0000 0000000000000000  0000 0000000000000000  0000 0000000000000000
Frame 0565    0001 0000000000000000  0001 0000000000000000  0001 0000000000000000  0001 0000000000000000  0001 0000000000000000  0001 0000000000000000  0001 0000000000000000  0001 0000000000000000  0001 0000000000000000  0000 0000000000000000  0000 0000000000000000  0000 0000000000000000
Frame 0566    0001 0000000000000000  0001 0000000000000000  0001 0000000000000000  0001 0000000000000000  0001 0000000000000000  0001 0000000000000000  0001 0000000000000000  0001 0000000000000000  0001 0000000000000000  0000 0000000000000000  0000 0000000000000000  0000 0000000000000000
Frame 0567    0001 0000000000000000  0001 0000000000000000  0001 0000000000000000  0001 0000000000000000  0001 0000000000000000  0001 0000000000000000  0001 0000000000000000  0001 0000000000000000  0001 0000000000000000  0000 0000000000000000  0000 0000000000000000  0000 0000000000000000
Frame 0568    0001 0000000000000000  0001 0000000000000000  0001 0000000000000000  0001 0000000000000000  0001 0000000000000000  0001 0000000000000000  0001 0000000000000000  0001 0000000000000000  0001 0000000000000000  0000 0000000000000000  0000 0000000000000000  0000 0000000000000000
Frame 0569    0001 0000000000000000  0001 0000000000000000  0001 0000000000000000  0001 0000000000000000  0001 0000000000000000  0001 0000000000000000  0001 0000000000000000  0001 0000000000000000  0001 0000000000000000  0000 0000000000000000  0000 0000000000000000  0000 0000000000000000
Frame 0570    0001 0000000000000000  0001 0000000000000000  0001 0000000000000000  0001 0000000000000000  0001 0000000000000000  0001 0000000000000000  0001 0000000000000000  0001 0000000000000000  0001 0000000000000000  0000 0000000000000000  0000 0000000000000000  0000 0000000000000000
Frame 0571    0001 0000000000000000  0001 0000000000000000  0001 0000000000000000  0001 0000000000000000  0001 0000000000000000  0001 0000000000000000  0001 0000000000000000  0001 0000000000000000  0001 0000000000000000  0000 0000000000000000  0000 0000000000000000  0000 0000000000000000
Frame 0572    0001 0000000000000000  0001 0000000000000000  0001 0000000000000000  0001 0000000000000000  0001 0000000000000000  0001 0000000000000000  0001 0000000000000000  0001 0000000000000000  0001 0000000000000000  0000 0000000000000000  0000 0000000000000000  0000 0000000000000000
Frame 0573    0001 0000000000000000  0001 0000000000000000  0001 0000000000000000  0001 0000000000000000  0001 0000000000000000  0001 0000000000000000  0001 0000000000000000  0001 0000000000000000  0001 0000000000000000  0000 0000000000000000  0000 0000000000000000  0000 0000000000000000
Frame 0574    0001 0000000000000000  0001 0000000000000000  0001 0000000000000000  0001 0000000000000000  0001 0000000000000000  0001 0000000000000000  0001 0000000000000000  0001 0000000000000000  0001 0000000000000000  0000 0000000000000000  0000 0000000000000000  0000 0000000000000000
Frame 0575    0001 0000000000000000  0001 0000000000000000  0001 0000000000000000  0001 0000000000000000  0001 0000000000000000  0001 0000000000000000  0001 0000000000000000  0001 0000000000000000  0001 0000000000000000  0000 0000000000000000  0000 0000000000000000  0000 0000000000000000
Frame 0576    0001 0000000000000000  0001 0000000000000000  0001 0000000000000000  0001 0000000000000000  0001 0000000000000000  0001 0000000000000000  0001 0000000000000000  0001 0000000000000000  0001 0000000000000000  0000 0000000000000000  0000 0000000000000000  0000 0000000000000000
Frame 0577    0001 0000000000000000  0001 0000000000000000  0001 0000000000000000  0001 0000000000000000  0001 0000000000000000  0001 0000000000000000  0001 0000000000000000  0001 0000000000000000  0001 0000000000000000  0000 0000000000000000  0000 0000000000000000  0000 0000000000000000
Frame 0578    0001 0000000000000000  0001 0000000000000000  0001 0000000000000000  0001 0000000000000000  0001 0000000000000000  0001 0000000000000000  0001 0000000000000000  0001 0000000000000000  0001 0000000000000000  0000 0000000000000000  0000 0000000000000000  0000 0000000000000000
Frame 0579    0001 0000000000000000  0001 0000000000000000  0001 0000000000000000  0001 0000000000000000  0001 0000000000000000  0001 0000000000000000  0001 0000000000000000  0001 0000000000000000  0001 0000000000000000  0000 0000000000000000  0000 0000000000000000  0000 0000000000000000
Frame 0580    0001 0000000000000000  0001 0000000000000000  0001 0000000000000000  0001 0000000000000000  0001 0000000000000000  0001 0000000000000000  0001 0000000000000000  0001 0000000000000000  0001 0000000000000000  0000 0000000000000000  0000 0000000000000000  0000 0000000000000000
Frame 0581    0001 0000000000000000  0001 0000000000000000  0001 0000000000000000  0001 0000000000000000  0001 0000000000000000  0001 0000000000000000  0001 0000000000000000  0001 0000000000000000  0001 0000000000000000  0000 0000000000000000  0000 0000000000000000  0000 0000000000000000
Frame 0582    0001 0000000000000000  0001 0000000000000000  0001 0000000000000000  0001 0000000000000000  0001 0000000000000000  0001 0000000000000000  0001 0000000000000000  0001 0000000000000000  0001 0000000000000000  0000 0000000000000000  0000 0000000000000000  0000 0000000000000000
Frame 0583    0001 0000000000000000  0001 0000000000000000  0001 0000000000000000  0001 0000000000000000  0001 0000000000000000  0001 0000000000000000  0001 0000000000000000  0001 0000000000000000  0001 0000000000000000  0000 0000000000000000  0000 0000000000000000  0000 0000000000000000
Frame 0584    0001 0000000000000000  0001 0000000000000000  0001 0000000000000000  0001 0000000000000000  0001 0000000000000000  0001 0000000000000000  0001 0000000000000000  0001 0000000000000000  0001 0000000000000000  0000 0000000000000000  0000 0000000000000000  0000 0000000000000000
Frame 0585    0001 0000000000000000  0001 0000000000000000  0001 0000000000000000  0001 0000000000000000  0001 0000000000000000  0001 0000000000000000  0001 0000000000000000  0001 0000000000000000  0001 0000000000000000  0000 0000000000000000  0000 0000000000000000  0000 0000000000000000
Frame 0586    0001 0000000000000000  0001 0000000000000000  0001 0000000000000000  0001 0000000000000000  0001 0000000000000000  0001 0000000000000000  0001 0000000000000000  0001 0000000000000000  0001 0000000000000000  0000 0000000000000000  0000 0000000000000000  0000 0000000000000000
Frame 0587    0001 0000000000000000  0001 0000000000000000  0001 0000000000000000  0001 0000000000000000  0001 0000000000000000  0001 0000000000000000  0001 0000000000000000  0001 0000000000000000  0001 0000000000000000  0000 0000000000000000  0000 0000000000000000  0000 0000000000000000
Frame 0588    0001 0000000000000000  0001 0000000000000000  0001 0000000000000000  0001 0000000000000000  0001 0000000000000000  0001 0000000000000000  0001 0000000000000000  0001 0000000000000000  0001 0000000000000000  0000 0000000000000000  0000 0000000000000000  0000 0000000000000000
Frame 0589    0001 0000000000000000  0001 0000000000000000  0001 0000000000000000  0001 0000000000000000  0001 0000000000000000  0001 0000000000000000  0001 0000000000000000  0001 0000000000000000  0001 0000000000000000  0000 0000000000000000  0000 0000000000000000  0000 0000000000000000
Frame 0590    0001 0000000000000000  0001 0000000000000000  0001 0000000000000000  0001 0000000000000000  0001 0000000000000000  0001 0000000000000000  0001 0000000000000000  0001 0000000000000000  0001 0000000000000000  0000 0000000000000000  0000 0000000000000000  0000 0000000000000000
Frame 0591    0001 0000000000000000  0001 0000000000000000  0001 0000000000000000  0001 0000000000000000  0001 0000000000000000  0001 0000000000000000  0001 0000000000000000  0001 0000000000000000  0001 0000000000000000  0000 0000000000000000  0000 0000000000000000  0000 0000000000000000
Frame 0592    0001 0000000000000000  0001 0000000000000000  0001 0000000000000000  0001 0000000000000000  0001 0000000000000000  0001 0000000000000000  0001 0000000000000000  0001 0000000000000000  0001 0000000000000000  0000 0000000000000000  0000 0000000000000000  0000 0000000000000000
Frame 0593    0001 0000000000000000  0001 0000000000000000  0001 0000000000000000  0001 0000000000000000  0001 0000000000000000  0001 0000000000000000  0001 0000000000000000  0001 0000000000000000  0001 0000000000000000  0000 0000000000000000  0000 0000000000000000  0000 0000000000000000
Frame 0594    0001 0000000000000000  0001 0000000000000000  0001 0000000000000000  0001 0000000000000000  0001 0000000000000000  0001 0000000000000000  0001 0000000000000000  0001 0000000000000000  0001 0000000000000000  0000 0000000000000000  0000 0000000000000000  0000 0000000000000000
Frame 0595    0001 0000000000000000  0001 0000000000000000  0001 0000000000000000  0001 0000000000000000  0001 0000000000000000  0001 0000000000000000  0001 0000000000000000  0001 0000000000000000  0001 0000000000000000  0000 0000000000000000  0000 0000000000000000  0000 0000000000000000
Frame 0596    0001 0000000000000000  0001 0000000000000000  0001 0000000000000000  0001 0000000000000000  0001 0000000000000000  0001 0000000000000000  0001 0000000000000000  0001 0000000000000000  0001 0000000000000000  0000 0000000000000000  0000 0000000000000000  0000 0000000000000000
Frame 0597    0001 0000000000000000  0001 0000000000000000  0001 0000000000000000  0001 0000000000000000  0001 0000000000000000  0001 0000000000000000  0001 0000000000000000  0001 0000000000000000  0001 0000000000000000  0000 0000000000000000  0000 0000000000000000  0000 0000000000000000
Frame 0598    0001 0000000000000000  0001 0000000000000000  0001 0000000000000000  0001 0000000000000000  0001 0000000000000000  0001 0000000000000000  0001 0000000000000000  0001 0000000000000000  0001 0000000000000000  0000 0000000000000000  0000 0000000000000000  0000 0000000000000000
Frame 0599    0001 0000000000000000  0001 0000000000000000  0001 0000000000000000  0001 0000000000000000  0001 0000000000000000  0001 0000000000000000  0001 0000000000000000  0001 0000000000000000  0001 0000000000000000  0000 0000000000000000  0000 0000000000000000  0000 0000000000000000
Frame 0600    0001 0000000000000000  0001 0000000000000000  0001 0000000000000000  0001 0000000000000000  0001 0000000000000000  0001 0000000000000000  0001 0000000000000000  0001 0000000000000000  0001 0000000000000000  0000 0000000000000000  0000 0000000000000000  0000 0000000000000000
Frame 0601    0001 0000000000000000  0001 0000000000000000  0001 0000000000000000  0001 0000000000000000  0001 0000000000000000  0001 0000000000000000  0001 0000000000000000  0001 0000000000000000  0001 0000000000000000  0000 0000000000000000  0000 0000000000000000  0000 0000000000000000
Frame 0602    0001 0000000000000000  0001 0000000000000000  0001 0000000000000000  0001 0000000000000000  0001 0000000000000000  0001 0000000000000000  0001 0000000000000000  0001 0000000000000000  0001 0000000000000000  0000 0000000000000000  0000 0000000000000000  0000 0000000000000000
Frame 0603    0001 0000000000000000  0001 0000000000000000  0001 0000000000000000  0001 0000000000000000  0001 0000000000000000  0001 0000000000000000  0001 0000000000000000  0001 0000000000000000  0001 0000000000000000  0000 0000000000000000  0000 0000000000000000  0000 0000000000000000
Frame 0604    0001 0000000000000000  0001 0000000000000000  0001 0000000000000000  0001 0000000000000000  0001 0000000000000000  0001 0000000000000000  0001 0000000000000000  0001 0000000000000000  0001 0000000000000000  0000 0000000000000000  0000 0000000000000000  0000 0000000000000000
Frame 0605    0001 0000000000000000  0001 0000000000000000  0001 0000000000000000  0001 0000000000000000  0001 0000000000000000  0001 0000000000000000  0001 0000000000000000  0001 0000000000000000  0001 0000000000000000  0000 0000000000000000  0000 0000000000000000  0000 0000000000000000
Frame 0606    0001 0000000000000000  0001 0000000000000000  0001 0000000000000000  0001 0000000000000000  0001 0000000000000000  0001 0000000000000000  0001 0000000000000000  0001 0000000000000000  0001 0000000000000000  0000 0000000000000000  0000 0000000000000000  0000 0000000000000000
Frame 0607    0001 0000000000000000  0001 0000000000000000  0001 0000000000000000  0001 0000000000000000  0001 0000000000000000  0001 0000000000000000  0001 0000000000000000  0001 0000000000000000  0001 0000000000000000  0000 0000000000000000  0000 0000000000000000  0000 0000000000000000
Frame 0608    0001 0000000000000000  0001 0000000000000000  0001 0000000000000000  0001 0000000000000000  0001 0000000000000000  0001 0000000000000000  0001 0000000000000000  0001 0000000000000000  0001 0000000000000000  0000 0000000000000000  0000 0000000000000000  0000 0000000000000000
Frame 0609    0001 0000000000000000  0001 0000000000000000  0001 0000000000000000  0001 0000000000000000  0001 0000000000000000  0001 0000000000000000  0001 0000000000000000  0001 0000000000000000  0001 0000000000000000  0000 0000000000000000  0000 0000000000000000  0000 0000000000000000
Frame 0610    0001 0000000000000000  0001 0000000000000000  0001 0000000000000000  0001 0000000000000000  0001 0000000000000000  0001 0000000000000000  0001 0000000000000000  0001 0000000000000000  0001 0000000000000000  0000 0000000000000000  0000 0000000000000000  0000 0000000000000000
Frame 0611    0001 0000000000000000  0001 0000000000000000  0001 0000000000000000  0001 0000000000000000  0001 0000000000000000  0001 0000000000000000  0001 0000000000000000  0001 0000000000000000  0001 0000000000000000  0000 0000000000000000  0000 0000000000000000  0000 0000000000000000
Frame 0612    0001 0000000000000000  0001 0000000000000000  0001 0000000000000000  0001 0000000000000000  0001 0000000000000000  0001 0000000000000000  0001 0000000000000000  0001 0000000000000000  0001 0000000000000000  0000 0000000000000000  0000 0000000000000000  0000 0000000000000000
Frame 0613    0001 0000000000000000  0001 0000000000000000  0001 0000000000000000  0001 0000000000000000  0001 0000000000000000  0001 0000000000000000  0001 0000000000000000  0001 0000000000000000  0001 0000000000000000  0000 0000000000000000  0000 0000000000000000  0000 0000000000000000
Frame 0614    0001 0000000000000000  0001 0000000000000000  0001 0000000000000000  0001 0000000000000000  0001 0000000000000000  0001 0000000000000000  0001 0000000000000000  0001 0000000000000000  0001 0000000000000000  0000 0000000000000000  0000 0000000000000000  0000 0000000000000000
Frame 0615    0001 0000000000000000  0001 0000000000000000  0001 0000000000000000  0001 0000000000000000  0001 0000000000000000  0001 0000000000000000  0001 0000000000000000  0001 0000000000000000  0001 0000000000000000  0000 0000000000000000  0000 0000000000000000  0000 0000000000000000
Frame 0616    0001 0000000000000000  0001 0000000000000000  0001 0000000000000000  0001 0000000000000000  0001 0000000000000000  0001 0000000000000000  0001 0000000000000000  0001 0000000000000000  0001 0000000000000000  0000 0000000000000000  0000 0000000000000000  0000 0000000000000000
Frame 0617    0001 0000000000000000  0001 0000000000000000  0001 0000000000000000  0001 0000000000000000  0001 0000000000000000  0001 0000000000000000  0001 0000000000000000  0001 0000000000000000  0001 0000000000000000  0000 0000000000000000  0000 0000000000000000  0000 0000000000000000
Frame 0618    0001 0000000000000000  0001 0000000000000000  0001 0000000000000000  0001 0000000000000000  0001 0000000000000000  0001 0000000000000000  0001 0000000000000000  0001 0000000000000000  0001 0000000000000000  0000 0000000000000000  0000 0000000000000000  0000 0000000000000000
Frame 0619    0001 0000000000000000  0001 0000000000000000  0001 0000000000000000  0001 0000000000000000  0001 0000000000000000  0001 0000000000000000  0001 0000000000000000  0001 0000000000000000  0001 0000000000000000  0000 0000000000000000  0000 0000000000000000  0000 0000000000000000
Frame 0620    0001 0000000000000000  0001 0000000000000000  0001 0000000000000000  0001 0000000000000000  0001 0000000000000000  0001 0000000000000000  0001 0000000000000000  0001 0000000000000000  0001 0000000000000000  0000 0000000000000000  0000 0000000000000000  0000 0000000000000000
Frame 0621    0001 0000000000000000  0001 0000000000000000  0001 0000000000000000  0001 0000000000000000  0001 0000000000000000  0001 0000000000000000  0001 0000000000000000  0001 0000000000000000  0001 0000000000000000  0000 0000000000000000  0000 0000000000000000  0000 0000000000000000
Frame 0622    0001 0000000000000000  0001 0000000000000000  0001 0000000000000000  0001 0000000000000000  0001 0000000000000000  0001 0000000000000000  0001 0000000000000000  0001 0000000000000000  0001 0000000000000000  0000 0000000000000000  0000 0000000000000000  0000 0000000000000000
Frame 0623    0001 0000000000000000  0001 0000000000000000  0001 0000000000000000  0001 0000000000000000  0001 0000000000000000  0001 0000000000000000  0001 0000000000000000  0001 0000000000000000  0001 0000000000000000  0000 0000000000000000  0000 0000000000000000  0000 0000000000000000
Frame 0624    0001 0000000000000000  0001 0000000000000000  0001 0000000000000000  0001 0000000000000000  0001 0000000000000000  0001 0000000000000000  0001 0000000000000000  0001 0000000000000000  0001 0000000000000000  0000 0000000000000000  0000 0000000000000000  0000 0000000000000000
Frame 0625    0001 0000000000000000  0001 0000000000000000  0001 0000000000000000  0001 0000000000000000  0001 0000000000000000  0001 0000000000000000  0001 0000000000000000  0001 0000000000000000  0001 0000000000000000  0000 0000000000000000  0000 0000000000000000  0000 0000000000000000
Frame 0626    0001 0000000000000000  0001 0000000000000000  0001 0000000000000000  0001 0000000000000000  0001 0000000000000000  0001 0000000000000000  0001 0000000000000000  0001 0000000000000000  0001 0000000000000000  0000 0000000000000000  0000 0000000000000000  0000 0000000000000000
Frame 0627    0001 0000000000000000  0001 0000000000000000  0001 0000000000000000  0001 0000000000000000  0001 0000000000000000  0001 0000000000000000  0001 0000000000000000  0001 0000000000000000  0001 0000000000000000  0000 0000000000000000  0000 0000000000000000  0000 0000000000000000
Frame 0628    0001 0000000000000000  0001 0000000000000000  0001 0000000000000000  0001 0000000000000000  0001 0000000000000000  0001 0000000000000000  0001 0000000000000000  0001 0000000000000000  0001 0000000000000000  0000 0000000000000000  0000 0000000000000000  0000 0000000000000000
Frame 0629    0001 0000000000000000  0001 0000000000000000  0001 0000000000000000  0001 0000000000000000  0001 0000000000000000  0001 0000000000000000  0001 0000000000000000  0001 0000000000000000  0001 0000000000000000  0000 0000000000000000  0000 0000000000000000  0000 0000000000000000
Frame 0630    0001 0000000000000000  0001 0000000000000000  0001 0000000000000000  0001 0000000000000000  0001 0000000000000000  0001 0000000000000000  0001 0000000000000000  0001 0000000000000000  0001 0000000000000000  0000 0000000000000000  0000 0000000000000000  0000 0000000000000000
Frame 0631    0001 0000000000000000  0001 0000000000000000  0001 0000000000000000  0001 0000000000000000  0001 0000000000000000  0001 0000000000000000  0001 0000000000000000  0001 0000000000000000  0001 0000000000000000  0000 0000000000000000  0000 0000000000000000  0000 0000000000000000
Frame 0632    0001 0000000000000000  0001 0000000000000000  0001 0000000000000000  0001 0000000000000000  0001 0000000000000000  0001 0000000000000000  0001 0000000000000000  0001 0000000000000000  0001 0000000000000000  0000 0000000000000000  0000 0000000000000000  0000 0000000000000000
Frame 0633    0001 0000000000000000  0001 0000000000000000  0001 0000000000000000  0001 0000000000000000  0001 0000000000000000  0001 0000000000000000  0001 0000000000000000  0001 0000000000000000  0001 0000000000000000  0000 0000000000000000  0000 0000000000000000  0000 0000000000000000
Frame 0634    0001 0000000000000000  0001 0000000000000000  0001 0000000000000000  0001 0000000000000000  0001 0000000000000000  0001 0000000000000000  0001 0000000000000000  0001 0000000000000000  0001 0000000000000000  0000 0000000000000000  0000 0000000000000000  0000 0000000000000000
Frame 0635    0001 0000000000000000  0001 0000000000000000  0001 0000000000000000  0001 0000000000000000  0001 0000000000000000  0001 0000000000000000  0001 0000000000000000  0001 0000000000000000  0001 0000000000000000  0000 0000000000000000  0000 0000000000000000  0000 0000000000000000
Frame 0636    0001 0000000000000000  0001 0000000000000000  0001 0000000000000000  0001 0000000000000000  0001 0000000000000000  0001 0000000000000000  0001 0000000000000000  0001 0000000000000000  0001 0000000000000000  0000 0000000000000000  0000 0000000000000000  0000 0000000000000000
Frame 0637    0001 0000000000000000  0001 0000000000000000  0001 0000000000000000  0001 0000000000000000  0001 0000000000000000  0001 0000000000000000  0001 0000000000000000  0001 0000000000000000  0001 0000000000000000  0000 0000000000000000  0000 0000000000000000  0000 0000000000000000
Frame 0638    0001 0000000000000000  0001 0000000000000000  0001 0000000000000000  0001 0000000000000000  0001 0000000000000000  0001 0000000000000000  0001 0000000000000000  0001 0000000000000000  0001 0000000000000000  0000 0000000000000000  0000 0000000000000000  0000 0000000000000000
Frame 0639    0001 0000000000000000  0001 0000000000000000  0001 0000000000000000  0001 0000000000000000  0001 0000000000000000  0001 0000000000000000  0001 0000000000000000  0001 0000000000000000  0001 0000000000000000  0000 0000000000000000  0000 0000000000000000  0000 0000000000000000
Frame 0640    0001 0000000000000000  0001 0000000000000000  0001 0000000000000000  0001 0000000000000000  0001 0000000000000000  0001 0000000000000000  0001 0000000000000000  0001 0000000000000000  0001 0000000000000000  0000 0000000000000000  0000 0000000000000000  0000 0000000000000000
Frame 0641    0001 0000000000000000  0001 0000000000000000  0001 0000000000000000  0001 0000000000000000  0001 0000000000000000  0001 0000000000000000  0001 0000000000000000  0001 0000000000000000  0001 0000000000000000  0000 0000000000000000  0000 0000000000000000  0000 0000000000000000
Frame 0642    0001 0000000000000000  0001 0000000000000000  0001 0000000000000000  0001 0000000000000000  0001 0000000000000000  0001 0000000000000000  0001 0000000000000000  0001 0000000000000000  0001 0000000000000000  0000 0000000000000000  0000 0000000000000000  0000 0000000000000000
Frame 0643    0001 0000000000000000  0001 0000000000000000  0001 0000000000000000  0001 0000000000000000  0001 0000000000000000  0001 0000000000000000  0001 0000000000000000  0001 0000000000000000  0001 0000000000000000  0000 0000000000000000  0000 0000000000000000  0000 0000000000000000
Frame 0644    0001 0000000000000000  0001 0000000000000000  0001 0000000000000000  0001 0000000000000000  0001 0000000000000000  0001 0000000000000000  0001 0000000000000000  0001 0000000000000000  0001 0000000000000000  0000 0000000000000000  0000 0000000000000000  0000 0000000000000000
Frame 0645    0001 0000000000000000  0001 0000000000000000  0001 0000000000000000  0001 0000000000000000  0001 0000000000000000  0001 0000000000000000  0001 0000000000000000  0001 0000000000000000  0001 0000000000000000  0000 0000000000000000  0000 0000000000000000  0000 0000000000000000
Frame 0646    0001 0000000000000000  0001 0000000000000000  0001 0000000000000000  0001 0000000000000000  0001 0000000000000000  0001 0000000000000000  0001 0000000000000000  0001 0000000000000000  0001 0000000000000000  0000 0000000000000000  0000 0000000000000000  0000 0000000000000000
Frame 0647    0001 0000000000000000  0001 0000000000000000  0001 0000000000000000  0001 0000000000000000  0001 0000000000000000  0001 0000000000000000  0001 0000000000000000  0001 0000000000000000  0001 0000000000000000  0000 0000000000000000  0000 0000000000000000  0000 0000000000000000
Frame 0648    0000 0000000000000000  0000 0000000000000000  0000 0000000000000000  0000 0000000000000000  0000 0000000000000000  0000 0000000000000000  0000 0000000000000000  0000 0000000000000000  0000 0000000000000000  0000 0000000000000000  0000 0000000000000000  0000 0000000000000000
Frame 0649    0000 0000000000000000  0000 0000000000000000  0000 0000000000000000  0000 0000000000000000  0000 0000000000000000  0000 0000000000000000  0000 0000000000000000  0000 0000000000000000  0000 0000000000000000  0000 0000000000000000  0000 0000000000000000  0000 0000000000000000
Frame 0650    0000 0000000000000000  0000 0000000000000000  0000 0000000000000000  0000 0000000000000000  0000 0000000000000000  0000 0000000000000000  0000 0000000000000000  0000 0000000000000000  0000 0000000000000000  0000 0000000000000000  0000 0000000000000000  0000 0000000000000000
Frame 0651    0000 0000000000000000  0000 0000000000000000  0000 0000000000000000  0000 0000000000000000  0000 0000000000000000  0000 0000000000000000  0000 0000000000000000  0000 0000000000000000  0000 0000000000000000  0000 0000000000000000  0000 0000000000000000  0000 0000000000000000
Frame 0652    0000 0000000000000000  0000 0000000000000000  0000 0000000000000000  0000 0000000000000000  0000 0000000000000000  0000 0000000000000000  0000 0000000000000000  0000 0000000000000000  0000 0000000000000000  0000 0000000000000000  0000 0000000000000000  0000 0000000000000000
Frame 0653    0000 0000000000000000  0000 0000000000000000  0000 0000000000000000  0000 0000000000000000  0000 0000000000000000  0000 0000000000000000  0000 0000000000000000  0000 0000000000000000  0000 0000000000000000  0000 0000000000000000  0000 0000000000000000  0000 0000000000000000
Frame 0654    0001 15b85a504d0853e2  0001 00076bffe0001604  0001 0007a8002ffc1404  0001 0007fcfff0001204  0001 0004387edf531a7a  0001 0000000000000000  0001 0000000000000000  0001 0000000000000000  0001 0000000000000000  0000 0000000000000000  0000 0000000000000000  0000 0000000000000000
Frame 0655    0001 14b728c843fc4a7e  0001 000772bfbffe1403  0001 0007a80040001203  0001 0007f27feffe1003  0001 0000000000000000  0001 000468fedfa6e864  0001 0000000000000000  0001 0000000000000000  0001 0000000000000000  0000 0000000000000000  0000 0000000000000000  0000 0000000000000000
Frame 0656    0001 167c3c52486a4fdd  0001 0007683ff0021a03  0001 0007a83ffffc1803  0001 0007f27ff0001603  0001 0000000000000000  0001 0004384090b74e64  0001 0000000000000000  0001 0000000000000000  0001 0000000000000000  0000 0000000000000000  0000 0000000000000000  0000 0000000000000000
Frame 0657    0001 1d9fda363e2e4357  0001 0000000000000000  0001 0007a83fe0000e03  0001 0007f2402ffe0c03  0001 00043cbfffe8063a  0001 00048140a0828264  0001 0000000000000000  0001 0000000000000000  0001 0000000000000000  0000 0000000000000000  0000 0000000000000000  0000 0000000000000000
Frame 0658    0001 134a0b2d7b616c92  0001 00076bffe0001206  0001 0000000000000000  0001 0007aa400ffc1006  0001 0007ca4040080e06  0001 0007f7ffdffc0e06  0001 0000000000000000  0001 0000000000000000  0001 0000000000000000  0000 0000000000000000  0000 0000000000000000  0000 0000000000000000
Frame 0659    0001 14feea9d9ecf91d9  0001 00076bfff0001404  0001 0000000000000000  0001 0000000000000000  0001 0007e38000001204  0001 0000000000000000  0001 00045eff3118e890  0001 000484fffeeee890  0001 0000000000000000  0000 0000000000000000  0000 0000000000000000  0000 0000000000000000
Frame 0660    0001 13b225723d7e4882  0001 00076bc010021203  0001 0007a83feffa1003  0001 0007f24000020e03  0001 0000000000000000  0001 000468c07086b464  0001 0000000000000000  0001 0000000000000000  0001 0000000000000000  0000 0000000000000000  0000 0000000000000000  0000 0000000000000000
Frame 0661    0001 11d795dfbf73b5f7  0001 0000000000000000  0001 0007a8000ffe0a03  0001 0007f27ff0000803  0001 0000000000000000  0001 000468c08fe05064  0001 0004a2403fbe5064  0001 0000000000000000  0001 0000000000000000  0000 0000000000000000  0000 0000000000000000  0000 0000000000000000
Frame 0662    0001 16cb4a4217a81824  0001 00076bc0a0001201  0001 0007a83fcffc1001  0001 0007f3bf40000e01  0001 00044c0050580c3a  0001 0000000000000000  0001 0000000000000000  0001 0000000000000000  0001 0000000000000000  0000 0000000000000000  0000 0000000000000000  0000 0000000000000000
Frame 0663    0001 144b8599b281a8be  0001 00076f009ffe1404  0001 0007a83f80021204  0001 0007f27f9ffe1004  0001 00042e4060001003  0001 0000000000000000  0001 0000000000000000  0001 0000000000000000  0001 0000000000000000  0000 0000000000000000  0000 0000000000000000  0000 0000000000000000
Frame 0664    0001 16da0a8c03220168  0001 00076bc01ffe1201  0001 0007a83fd0021001  0001 0007f6000ffe0e01  0001 00044c000ff60c3a  0001 0000000000000000  0001 0000000000000000  0001 0000000000000000  0001 0000000000000000  0000 0000000000000000  0000 0000000000000000  0000 0000000000000000
Frame 0665    0001 160af9c1d44fcfd7  0001 00076bff90021a02  0001 0007a8004ffc1802  0001 0007f3c050001602  0001 00044b7fe0280c3a  0001 0000000000000000  0001 0000000000000000  0001 0000000000000000  0001 0000000000000000  0000 0000000000000000  0000 0000000000000000  0000 0000000000000000
Frame 0666    0001 166a71949514a131  0001 00076bffe0061a06  0001 00079e000ff81806  0001 0007ba003ff41606  0001 0007df7fd0081606  0001 0000000000000000  0001 0000000000000000  0001 0000000000000000  0001 0000000000000000  0000 0000000000000000  0000 0000000000000000  0000 0000000000000000
Frame 0667    0001 1d1ee985fdf9fb65  0001 0000000000000000  0001 0007a83fb0000a01  0001 0007e78020000801  0001 00043ac00022063a  0001 000490bfe03e063a  0001 0000000000000000  0001 0000000000000000  0001 0000000000000000  0000 0000000000000000  0000 0000000000000000  0000 0000000000000000
Frame 0668    0001 1ae19b0006d805f0  0001 00076bfff0001001  0001 0007a8000ffe0e01  0001 0007f5c000000c01  0001 00043d3fffb60a3a  0001 0000000000000000  0001 0000000000000000  0001 0000000000000000  0001 0000000000000000  0000 0000000000000000  0000 0000000000000000  0000 0000000000000000
Frame 0669    0001 1cd44b7c11fa191e  0001 00076bc03ffe1201  0001 0007a83ff0000c01  0001 0000000000000000  0001 00044c7fe09a083a  0001 0000000000000000  0001 00050e000f90063a  0001 0000000000000000  0001 0000000000000000  0000 0000000000000000  0000 0000000000000000  0000 0000000000000000
Frame 0670    0001 1949b40a6ca07bb3  0001 0000000000000000  0001 0000000000000000  0001 0007cc8000001604  0001 0007f0bfe0001604  0001 00042c40df5d4ea7  0001 00045ec280d94ea7  0001 0000000000000000  0001 0000000000000000  0000 0000000000000000  0000 0000000000000000  0000 0000000000000000
Frame 0671    0001 1e50267155433847  0001 00075c7f50260e08  0001 00077281200a0e08  0001 00078c7f9fae0c08  0001 0000000000000000  0001 0007d4bff01e0a08  0001 0000000000000000  0001 0000000000000000  0001 0000000000000000  0000 0000000000000000  0000 0000000000000000  0000 0000000000000000
Frame 0672    0001 16599f7417241a91  0001 00076bc01ffe1a01  0001 0007a800d0001001  0001 0000000000000000  0001 00043d3f20180c3a  0001 0000000000000000  0001 00050f404fc20a3a  0001 0000000000000000  0001 0000000000000000  0000 0000000000000000  0000 0000000000000000  0000 0000000000000000
Frame 0673    0001 15805f147e988d69  0001 00076bc08ffe1605  0001 0007a83f30001405  0001 0000000000000000  0001 0000000000000000  0001 0007fe405ffe1405  0001 00042c7e61151abd  0001 0000000000000000  0001 0000000000000000  0000 0000000000000000  0000 0000000000000000  0000 0000000000000000
Frame 0674    0001 1ba0cc39b95bb25e  0001 00076bc010001403  0001 0007a83feffe1203  0001 0000000000000000  0001 0000000000000000  0001 00045101204ce864  0001 000489c18022e864  0001 0000000000000000  0001 0000000000000000  0000 0000000000000000  0000 0000000000000000  0000 0000000000000000
Frame 0675    0001 19ff9e5c1bce1d6b  0001 00076bc06ffe1a01  0001 0007a83fe0001801  0001 0000000000000000  0001 00044cbfcfbc0c3a  0001 0004a10020160c3a  0001 0000000000000000  0001 0000000000000000  0001 0000000000000000  0000 0000000000000000  0000 0000000000000000  0000 0000000000000000
Frame 0676    0001 1ba8cc3dbbdbb37f  0001 00076bc04ffe1403  0001 0007a83fb0001203  0001 0000000000000000  0001 0000000000000000  0001 00045103ffe2e864  0001 000489c63f92e864  0001 0000000000000000  0001 0000000000000000  0000 0000000000000000  0000 0000000000000000  0000 0000000000000000
Frame 0677    0001 1b6693a198198c46  0001 000773bfe0061405  0001 0007ae3feff41205  0001 0007dd4080001204  0001 000408bfa0021204  0001 0000000000000000  0001 0000000000000000  0001 0000000000000000  0001 0000000000000000  0000 0000000000000000  0000 0000000000000000  0000 0000000000000000
Frame 0678    0001 1955fea9a0e393b6  0001 00076bffc0021a04  0001 0007a8006ffa1804  0001 0000000000000000  0001 0007e9bfd0021604  0001 0000000000000000  0001 000444ffbef34e90  0001 0000000000000000  0001 0000000000000000  0000 0000000000000000  0000 0000000000000000  0000 0000000000000000
Frame 0679    0001 19b33ec3a69d9795  0001 00076bc00ffe1a04  0001 0007a83ff0021804  0001 0000000000000000  0001 0000000000000000  0001 0000000000000000  0001 00045effdf214e90  0001 00049d403ef94e90  0001 0000000000000000  0000 0000000000000000  0000 0000000000000000  0000 0000000000000000
Frame 0680    0001 1957f7eda2bf984e  0001 00076c00affc1a04  0001 0007ab3f70021804  0001 0000000000000000  0001 0007f8bf7ffe1604  0001 000428807ffe1404  0001 0000000000000000  0001 0000000000000000  0001 0000000000000000  0000 0000000000000000  0000 0000000000000000  0000 0000000000000000
Frame 0681    0001 160023a20e180e75  0001 0000000000000000  0001 0007a80020001001  0001 0007f58000000e01  0001 00043c7fb0260c3a  0001 00049fc0203e0c3a  0001 0000000000000000  0001 0000000000000000  0001 0000000000000000  0000 0000000000000000  0000 0000000000000000  0000 0000000000000000
Frame 0682    0001 1a608131d353c802  0001 00076bfffffe1602  0001 0007a83ff0001402  0001 0007f9c020001202  0001 00043d3fff940a3a  0001 0000000000000000  0001 0000000000000000  0001 0000000000000000  0001 0000000000000000  0000 0000000000000000  0000 0000000000000000  0000 0000000000000000
Frame 0683    0001 162292001c221f21  0001 00076bc01ffe1a01  0001 0007a80010001801  0001 0007ee7fbffe1601  0001 00044ac000160c3a  0001 0000000000000000  0001 0000000000000000  0001 0000000000000000  0001 0000000000000000  0000 0000000000000000  0000 0000000000000000  0000 0000000000000000
Frame 0684    0001 1535d6a4260c2949  0001 00076bc030001602  0001 0007a83fdffc1402  0001 0007f9ffe0001202  0001 0000000000000000  0001 000491c00fd60a3a  0001 0000000000000000  0001 0000000000000000  0001 0000000000000000  0000 0000000000000000  0000 0000000000000000  0000 0000000000000000
Frame 0685    0001 18ded5c81cb21f25  0001 00076bffe0001c01  0001 0007a8003ffc1a01  0001 0007f2ffc0001801  0001 00043c400f860c3a  0001 0000000000000000  0001 0000000000000000  0001 0000000000000000  0001 0000000000000000  0000 0000000000000000  0000 0000000000000000  0000 0000000000000000
Frame 0686    0001 18e8f5b411e41915  0001 00076bffd0001c01  0001 0007a83ffffe1001  0001 0007e78020000e01  0001 00043affffe00c3a  0001 0000000000000000  0001 0000000000000000  0001 0000000000000000  0001 0000000000000000  0000 0000000000000000  0000 0000000000000000  0000 0000000000000000
Frame 0687    0001 18df75b4124e192d  0001 0000000000000000  0001 0007a83fe0001001  0001 0007f3bff0000e01  0001 00043ac03fce0c3a  0001 000491ffd0160c3a  0001 0000000000000000  0001 0000000000000000  0001 0000000000000000  0000 0000000000000000  0000 0000000000000000  0000 0000000000000000
Frame 0688    0001 1a071e5e1bbe1d69  0001 000771805ffe1601  0001 0007ae3fa0021401  0001 0007f27ffffe1201  0001 000443c000520a3a  0001 0000000000000000  0001 0000000000000000  0001 0000000000000000  0001 0000000000000000  0000 0000000000000000  0000 0000000000000000  0000 0000000000000000
Frame 0689    0001 1981d73dfb73fcdf  0001 00076bffcffe1201  0001 0007a80000001001  0001 0000000000000000  0001 0000000000000000  0001 00049fc0603c0c3a  0001 0004ffbfcfb60a3a  0001 0000000000000000  0001 0000000000000000  0000 0000000000000000  0000 0000000000000000  0000 0000000000000000
Frame 0690    0001 1a02fe5e1bec1d8e  0001 0007718030001601  0001 0007ae3fb0001401  0001 0007f24000001201  0001 000443c00f7e0a3a  0001 0000000000000000  0001 0000000000000000  0001 0000000000000000  0001 0000000000000000  0000 0000000000000000  0000 0000000000000000  0000 0000000000000000
Frame 0691    0001 19bb7e6614461b70  0001 0000000000000000  0001 0007ab7ef0021801  0001 0007f27feffe1601  0001 000443c080640c3a  0001 0000000000000000  0001 00050f7fd3040a3a  0001 0000000000000000  0001 0000000000000000  0000 0000000000000000  0000 0000000000000000  0000 0000000000000000
Frame 0692    0001 1537af882f603656  0001 0000000000000000  0001 0007ab4080001402  0001 0007f27f2ffe1202  0001 000443c01ff80a3a  0001 0000000000000000  0001 0000000000000000  0001 0004dcc3e07d1a4d  0001 0000000000000000  0000 0000000000000000  0000 0000000000000000  0000 0000000000000000
Frame 0693    0001 18ef85b6114a18dc  0001 00076f3fdffe1c01  0001 0007b6bfb0061801  0001 0007f2404ffc0e01  0001 000443ffefac0c3a  0001 0000000000000000  0001 0000000000000000  0001 0000000000000000  0001 0000000000000000  0000 0000000000000000  0000 0000000000000000  0000 0000000000000000
Frame 0694    0001 168bc35be2ffd7f3  0001 0007780060001a02  0001 0000000000000000  0001 0007f27f7ffe1602  0001 000443c0000e0c3a  0001 0004a10000620c3a  0001 0000000000000000  0001 0000000000000000  0001 0000000000000000  0000 0000000000000000  0000 0000000000000000  0000 0000000000000000
Frame 0695    0001 1a135e601c061d96  0001 0007718080001601  0001 0007ae3f80001401  0001 0000000000000000  0001 0000000000000000  0001 000498ffffa80a3a  0001 000506800022083a  0001 0000000000000000  0001 0000000000000000  0000 0000000000000000  0000 0000000000000000  0000 0000000000000000
Frame 0696    0001 164e4f6c249e2409  0001 00075d010ff61401  0001 0007a3fec0081801  0001 0000000000000000  0001 0000000000000000  0001 000498ff8b200c3a  0001 0005068049ce0a3a  0001 0000000000000000  0001 0000000000000000  0000 0000000000000000  0000 0000000000000000  0000 0000000000000000
Frame 0697    0001 0000000000000000  0001 0000000000000000  0001 0000000000000000  0001 0000000000000000  0001 0000000000000000  0001 0000000000000000  0001 0000000000000000  0001 0000000000000000  0001 0000000000000000  0000 0000000000000000  0000 0000000000000000  0000 0000000000000000
Frame 0698    0001 0000000000000000  0001 0000000000000000  0001 0000000000000000  0001 0000000000000000  0001 0000000000000000  0001 0000000000000000  0001 0000000000000000  0001 0000000000000000  0001 0000000000000000  0000 0000000000000000  0000 0000000000000000  0000 0000000000000000
Frame 0699    0001 0000000000000000  0001 0000000000000000  0001 0000000000000000  0001 0000000000000000  0001 0000000000000000  0001 0000000000000000  0001 0000000000000000  0001 0000000000000000  0001 0000000000000000  0000 0000000000000000  0000 0000000000000000  0000 0000000000000000
Frame 0700    0001 0000000000000000  0001 0000000000000000  0001 0000000000000000  0001 0000000000000000  0001 0000000000000000  0001 0000000000000000  0001 0000000000000000  0001 0000000000000000  0001 0000000000000000  0000 0000000000000000  0000 0000000000000000  0000 0000000000000000
Frame 0701    0001 0000000000000000  0001 0000000000000000  0001 0000000000000000  0001 0000000000000000  0001 0000000000000000  0001 0000000000000000  0001 0000000000000000  0001 0000000000000000  0001 0000000000000000  0000 0000000000000000  0000 0000000000000000  0000 0000000000000000
Frame 0702    0001 0000000000000000  0001 0000000000000000  0001 0000000000000000  0001 0000000000000000  0001 0000000000000000  0001 0000000000000000  0001 0000000000000000  0001 0000000000000000  0001 0000000000000000  0000 0000000000000000  0000 0000000000000000  0000 0000000000000000
Frame 0703    0001 0000000000000000  0001 0000000000000000  0001 0000000000000000  0001 0000000000000000  0001 0000000000000000  0001 0000000000000000  0001 0000000000000000  0001 0000000000000000  0001 0000000000000000  0000 0000000000000000  0000 0000000000000000  0000 0000000000000000
Frame 0704    0001 0000000000000000  0001 0000000000000000  0001 0000000000000000  0001 0000000000000000  0001 0000000000000000  0001 0000000000000000  0001 0000000000000000  0001 0000000000000000  0001 0000000000000000  0000 0000000000000000  0000 0000000000000000  0000 0000000000000000
Frame 0705    0001 0000000000000000  0001 0000000000000000  0001 0000000000000000  0001 0000000000000000  0001 0000000000000000  0001 0000000000000000  0001 0000000000000000  0001 0000000000000000  0001 0000000000000000  0000 0000000000000000  0000 0000000000000000  0000 0000000000000000
Frame 0706    0001 0000000000000000  0001 0000000000000000  0001 0000000000000000  0001 0000000000000000  0001 0000000000000000  0001 0000000000000000  0001 0000000000000000  0001 0000000000000000  0001 0000000000000000  0000 0000000000000000  0000 0000000000000000  0000 0000000000000000
Frame 0707    0001 0000000000000000  0001 0000000000000000  0001 0000000000000000  0001 0000000000000000  0001 0000000000000000  0001 0000000000000000  0001 0000000000000000  0001 0000000000000000  0001 0000000000000000  0000 0000000000000000  0000 0000000000000000  0000 0000000000000000
Frame 0708    0001 0000000000000000  0001 0000000000000000  0001 0000000000000000  0001 0000000000000000  0001 0000000000000000  0001 0000000000000000  0001 0000000000000000  0001 0000000000000000  0001 0000000000000000  0000 0000000000000000  0000 0000000000000000  0000 0000000000000000
Frame 0709    0001 0000000000000000  0001 0000000000000000  0001 0000000000000000  0001 0000000000000000  0001 0000000000000000  0001 0000000000000000  0001 0000000000000000  0001 0000000000000000  0001 0000000000000000  0000 0000000000000000  0000 0000000000000000  0000 0000000000000000
Frame 0710    0001 0000000000000000  0001 0000000000000000  0001 0000000000000000  0001 0000000000000000  0001 0000000000000000  0001 0000000000000000  0001 0000000000000000  0001 0000000000000000  0001 0000000000000000  0000 0000000000000000  0000 0000000000000000  0000 0000000000000000
Frame 0711    0001 0000000000000000  0001 0000000000000000  0001 0000000000000000  0001 0000000000000000  0001 0000000000000000  0001 0000000000000000  0001 0000000000000000  0001 0000000000000000  0001 0000000000000000  0000 0000000000000000  0000 0000000000000000  0000 0000000000000000
Frame 0712    0001 0000000000000000  0001 0000000000000000  0001 0000000000000000  0001 0000000000000000  0001 0000000000000000  0001 0000000000000000  0001 0000000000000000  0001 0000000000000000  0001 0000000000000000  0000 0000000000000000  0000 0000000000000000  0000 0000000000000000
Frame 0713    0001 0000000000000000  0001 0000000000000000  0001 0000000000000000  0001 0000000000000000  0001 0000000000000000  0001 0000000000000000  0001 0000000000000000  0001 0000000000000000  0001 0000000000000000  0000 0000000000000000  0000 0000000000000000  0000 0000000000000000
Frame 0714    0001 0000000000000000  0001 0000000000000000  0001 0000000000000000  0001 0000000000000000  0001 0000000000000000  0001 0000000000000000  0001 0000000000000000  0001 0000000000000000  0001 0000000000000000  0000 0000000000000000  0000 0000000000000000  0000 0000000000000000
Frame 0715    0001 0000000000000000  0001 0000000000000000  0001 0000000000000000  0001 0000000000000000  0001 0000000000000000  0001 0000000000000000  0001 0000000000000000  0001 0000000000000000  0001 0000000000000000  0000 0000000000000000  0000 0000000000000000  0000 0000000000000000
Frame 0716    0001 0000000000000000  0001 0000000000000000  0001 0000000000000000  0001 0000000000000000  0001 0000000000000000  0001 0000000000000000  0001 0000000000000000  0001 0000000000000000  0001 0000000000000000  0000 0000000000000000  0000 0000000000000000  0000 0000000000000000
Frame 0717    0001 0000000000000000  0001 0000000000000000  0001 0000000000000000  0001 0000000000000000  0001 0000000000000000  0001 0000000000000000  0001 0000000000000000  0001 0000000000000000  0001 0000000000000000  0000 0000000000000000  0000 0000000000000000  0000 0000000000000000
Frame 0718    0001 0000000000000000  0001 0000000000000000  0001 0000000000000000  0001 0000000000000000  0001 0000000000000000  0001 0000000000000000  0001 0000000000000000  0001 0000000000000000  0001 0000000000000000  0000 0000000000000000  0000 0000000000000000  0000 0000000000000000
Frame 0719    0001 0000000000000000  0001 0000000000000000  0001 0000000000000000  0001 0000000000000000  0001 0000000000000000  0001 0000000000000000  0001 0000000000000000  0001 0000000000000000  0001 0000000000000000  0000 0000000000000000  0000 0000000000000000  0000 0000000000000000
Frame 0720    0001 0000000000000000  0001 0000000000000000  0001 0000000000000000  0001 0000000000000000  0001 0000000000000000  0001 0000000000000000  0001 0000000000000000  0001 0000000000000000  0001 0000000000000000  0000 0000000000000000  0000 0000000000000000  0000 0000000000000000
Frame 0721    0001 0000000000000000  0001 0000000000000000  0001 0000000000000000  0001 0000000000000000  0001 0000000000000000  0001 0000000000000000  0001 0000000000000000  0001 0000000000000000  0001 0000000000000000  0000 0000000000000000  0000 0000000000000000  0000 0000000000000000
Frame 0722    0001 0000000000000000  0001 0000000000000000  0001 0000000000000000  0001 0000000000000000  0001 0000000000000000  0001 0000000000000000  0001 0000000000000000  0001 0000000000000000  0001 0000000000000000  0000 0000000000000000  0000 0000000000000000  0000 0000000000000000
Frame 0723    0001 0000000000000000  0001 0000000000000000  0001 0000000000000000  0001 0000000000000000  0001 0000000000000000  0001 0000000000000000  0001 0000000000000000  0001 0000000000000000  0001 0000000000000000  0000 0000000000000000  0000 0000000000000000  0000 0000000000000000
Frame 0724    0001 0000000000000000  0001 0000000000000000  0001 0000000000000000  0001 0000000000000000  0001 0000000000000000  0001 0000000000000000  0001 0000000000000000  0001 0000000000000000  0001 0000000000000000  0000 0000000000000000  0000 0000000000000000  0000 0000000000000000
Frame 0725    0001 0000000000000000  0001 0000000000000000  0001 0000000000000000  0001 0000000000000000  0001 0000000000000000  0001 0000000000000000  0001 0000000000000000  0001 0000000000000000  0001 0000000000000000  0000 0000000000000000  0000 0000000000000000  0000 0000000000000000
Frame 0726    0001 0000000000000000  0001 0000000000000000  0001 0000000000000000  0001 0000000000000000  0001 0000000000000000  0001 0000000000000000  0001 0000000000000000  0001 0000000000000000  0001 0000000000000000  0000 0000000000000000  0000 0000000000000000  0000 0000000000000000
Frame 0727    0001 0000000000000000  0001 0000000000000000  0001 0000000000000000  0001 0000000000000000  0001 0000000000000000  0001 0000000000000000  0001 0000000000000000  0001 0000000000000000  0001 0000000000000000  0000 0000000000000000  0000 0000000000000000  0000 0000000000000000
Frame 0728    0001 0000000000000000  0001 0000000000000000  0001 0000000000000000  0001 0000000000000000  0001 0000000000000000  0001 0000000000000000  0001 0000000000000000  0001 0000000000000000  0001 0000000000000000  0000 0000000000000000  0000 0000000000000000  0000 0000000000000000
Frame 0729    0001 0000000000000000  0001 0000000000000000  0001 0000000000000000  0001 0000000000000000  0001 0000000000000000  0001 0000000000000000  0001 0000000000000000  0001 0000000000000000  0001 0000000000000000  0000 0000000000000000  0000 0000000000000000  0000 0000000000000000
Frame 0730    0001 0000000000000000  0001 0000000000000000  0001 0000000000000000  0001 0000000000000000  0001 0000000000000000  0001 0000000000000000  0001 0000000000000000  0001 0000000000000000  0001 0000000000000000  0000 0000000000000000  0000 0000000000000000  0000 0000000000000000
Frame 0731    0001 0000000000000000  0001 0000000000000000  0001 0000000000000000  0001 0000000000000000  0001 0000000000000000  0001 0000000000000000  0001 0000000000000000  0001 0000000000000000  0001 0000000000000000  0000 0000000000000000  0000 0000000000000000  0000 0000000000000000
Frame 0732    0001 0000000000000000  0001 0000000000000000  0001 0000000000000000  0001 0000000000000000  0001 0000000000000000  0001 0000000000000000  0001 0000000000000000  0001 0000000000000000  0001 0000000000000000  0000 0000000000000000  0000 0000000000000000  0000 0000000000000000
Frame 0733    0001 0000000000000000  0001 0000000000000000  0001 0000000000000000  0001 0000000000000000  0001 0000000000000000  0001 0000000000000000  0001 0000000000000000  0001 0000000000000000  0001 0000000000000000  0000 0000000000000000  0000 0000000000000000  0000 0000000000000000
Frame 0734    0001 0000000000000000  0001 0000000000000000  0001 0000000000000000  0001 0000000000000000  0001 0000000000000000  0001 0000000000000000  0001 0000000000000000  0001 0000000000000000  0001 0000000000000000  0000 0000000000000000  0000 0000000000000000  0000 0000000000000000
Frame 0735    0001 0000000000000000  0001 0000000000000000  0001 0000000000000000  0001 0000000000000000  0001 0000000000000000  0001 0000000000000000  0001 0000000000000000  0001 0000000000000000  0001 0000000000000000  0000 0000000000000000  0000 0000000000000000  0000 0000000000000000
Frame 0736    0001 0000000000000000  0001 0000000000000000  0001 0000000000000000  0001 0000000000000000  0001 0000000000000000  0001 0000000000000000  0001 0000000000000000  0001 0000000000000000  0001 0000000000000000  0000 0000000000000000  0000 0000000000000000  0000 0000000000000000
Frame 0737    0001 0000000000000000  0001 0000000000000000  0001 0000000000000000  0001 0000000000000000  0001 0000000000000000  0001 0000000000000000  0001 0000000000000000  0001 0000000000000000  0001 0000000000000000  0000 0000000000000000  0000 0000000000000000  0000 0000000000000000
Frame 0738    0001 0000000000000000  0001 0000000000000000  0001 0000000000000000  0001 0000000000000000  0001 0000000000000000  0001 0000000000000000  0001 0000000000000000  0001 0000000000000000  0001 0000000000000000  0000 0000000000000000  0000 0000000000000000  0000 0000000000000000
Frame 0739    0001 0000000000000000  0001 0000000000000000  0001 0000000000000000  0001 0000000000000000  0001 0000000000000000  0001 0000000000000000  0001 0000000000000000  0001 0000000000000000  0001 0000000000000000  0000 0000000000000000  0000 0000000000000000  0000 0000000000000000
Frame 0740    0001 0000000000000000  0001 0000000000000000  0001 0000000000000000  0001 0000000000000000  0001 0000000000000000  0001 0000000000000000  0001 0000000000000000  0001 0000000000000000  0001 0000000000000000  0000 0000000000000000  0000 0000000000000000  0000 0000000000000000
Frame 0741    0001 0000000000000000  0001 0000000000000000  0001 0000000000000000  0001 0000000000000000  0001 0000000000000000  0001 0000000000000000  0001 0000000000000000  0001 0000000000000000  0001 0000000000000000  0000 0000000000000000  0000 0000000000000000  0000 0000000000000000
Frame 0742    0001 0000000000000000  0001 0000000000000000  0001 0000000000000000  0001 0000000000000000  0001 0000000000000000  0001 0000000000000000  0001 0000000000000000  0001 0000000000000000  0001 0000000000000000  0000 0000000000000000  0000 0000000000000000  0000 0000000000000000
Frame 0743    0001 0000000000000000  0001 0000000000000000  0001 0000000000000000  0001 0000000000000000  0001 0000000000000000  0001 0000000000000000  0001 0000000000000000  0001 0000000000000000  0001 0000000000000000  0000 0000000000000000  0000 0000000000000000  0000 0000000000000000
Frame 0744    0001 0000000000000000  0001 0000000000000000  0001 0000000000000000  0001 0000000000000000  0001 0000000000000000  0001 0000000000000000  0001 0000000000000000  0001 0000000000000000  0001 0000000000000000  0000 0000000000000000  0000 0000000000000000  0000 0000000000000000
Frame 0745    0001 0000000000000000  0001 0000000000000000  0001 0000000000000000  0001 0000000000000000  0001 0000000000000000  0001 0000000000000000  0001 0000000000000000  0001 0000000000000000  0001 0000000000000000  0000 0000000000000000  0000 0000000000000000  0000 0000000000000000
Frame 0746    0001 0000000000000000  0001 0000000000000000  0001 0000000000000000  0001 0000000000000000  0001 0000000000000000  0001 0000000000000000  0001 0000000000000000  0001 0000000000000000  0001 0000000000000000  0000 0000000000000000  0000 0000000000000000  0000 0000000000000000
Frame 0747    0001 0000000000000000  0001 0000000000000000  0001 0000000000000000  0001 0000000000000000  0001 0000000000000000  0001 0000000000000000  0001 0000000000000000  0001 0000000000000000  0001 0000000000000000  0000 0000000000000000  0000 0000000000000000  0000 0000000000000000
Frame 0748    0001 0000000000000000  0001 0000000000000000  0001 0000000000000000  0001 0000000000000000  0001 0000000000000000  0001 0000000000000000  0001 0000000000000000  0001 0000000000000000  0001 0000000000000000  0000 0000000000000000  0000 0000000000000000  0000 0000000000000000
Frame 0749    0001 0000000000000000  0001 0000000000000000  0001 0000000000000000  0001 0000000000000000  0001 0000000000000000  0001 0000000000000000  0001 0000000000000000  0001 0000000000000000  0001 0000000000000000  0000 0000000000000000  0000 0000000000000000  0000 0000000000000000
Frame 0750    0001 0000000000000000  0001 0000000000000000  0001 0000000000000000  0001 0000000000000000  0001 0000000000000000  0001 0000000000000000  0001 0000000000000000  0001 0000000000000000  0001 0000000000000000  0000 0000000000000000  0000 0000000000000000  0000 0000000000000000
Frame 0751    0001 0000000000000000  0001 0000000000000000  0001 0000000000000000  0001 0000000000000000  0001 0000000000000000  0001 0000000000000000  0001 0000000000000000  0001 0000000000000000  0001 0000000000000000  0000 0000000000000000  0000 0000000000000000  0000 0000000000000000
Frame 0752    0001 0000000000000000  0001 0000000000000000  0001 0000000000000000  0001 0000000000000000  0001 0000000000000000  0001 0000000000000000  0001 0000000000000000  0001 0000000000000000  0001 0000000000000000  0000 0000000000000000  0000 0000000000000000  0000 0000000000000000
Frame 0753    0001 0000000000000000  0001 0000000000000000  0001 0000000000000000  0001 0000000000000000  0001 0000000000000000  0001 0000000000000000  0001 0000000000000000  0001 0000000000000000  0001 0000000000000000  0000 0000000000000000  0000 0000000000000000  0000 0000000000000000
Frame 0754    0001 0000000000000000  0001 0000000000000000  0001 0000000000000000  0001 0000000000000000  0001 0000000000000000  0001 0000000000000000  0001 0000000000000000  0001 0000000000000000  0001 0000000000000000  0000 0000000000000000  0000 0000000000000000  0000 0000000000000000
Frame 0755    0001 0000000000000000  0001 0000000000000000  0001 0000000000000000  0001 0000000000000000  0001 0000000000000000  0001 0000000000000000  0001 0000000000000000  0001 0000000000000000  0001 0000000000000000  0000 0000000000000000  0000 0000000000000000  0000 0000000000000000
Frame 0756    0001 0000000000000000  0001 0000000000000000  0001 0000000000000000  0001 0000000000000000  0001 0000000000000000  0001 0000000000000000  0001 0000000000000000  0001 0000000000000000  0001 0000000000000000  0000 0000000000000000  0000 0000000000000000  0000 0000000000000000
Frame 0757    0001 0000000000000000  0001 0000000000000000  0001 0000000000000000  0001 0000000000000000  0001 0000000000000000  0001 0000000000000000  0001 0000000000000000  0001 0000000000000000  0001 0000000000000000  0000 0000000000000000  0000 0000000000000000  0000 0000000000000000
Frame 0758    0001 0000000000000000  0001 0000000000000000  0001 0000000000000000  0001 0000000000000000  0001 0000000000000000  0001 0000000000000000  0001 0000000000000000  0001 0000000000000000  0001 0000000000000000  0000 0000000000000000  0000 0000000000000000  0000 0000000000000000
Frame 0759    0001 0000000000000000  0001 0000000000000000  0001 0000000000000000  0001 0000000000000000  0001 0000000000000000  0001 0000000000000000  0001 0000000000000000  0001 0000000000000000  0001 0000000000000000  0000 0000000000000000  0000 0000000000000000  0000 0000000000000000
Frame 0760    0001 0000000000000000  0001 0000000000000000  0001 0000000000000000  0001 0000000000000000  0001 0000000000000000  0001 0000000000000000  0001 0000000000000000  0001 0000000000000000  0001 0000000000000000  0000 0000000000000000  0000 0000000000000000  0000 0000000000000000
Frame 0761    0001 0000000000000000  0001 0000000000000000  0001 0000000000000000  0001 0000000000000000  0001 0000000000000000  0001 0000000000000000  0001 0000000000000000  0001 0000000000000000  0001 0000000000000000  0000 0000000000000000  0000 0000000000000000  0000 0000000000000000
Frame 0762    0001 0000000000000000  0001 0000000000000000  0001 0000000000000000  0001 0000000000000000  0001 0000000000000000  0001 0000000000000000  0001 0000000000000000  0001 0000000000000000  0001 0000000000000000  0000 0000000000000000  0000 0000000000000000  0000 0000000000000000
Frame 0763    0001 0000000000000000  0001 0000000000000000  0001 0000000000000000  0001 0000000000000000  0001 0000000000000000  0001 0000000000000000  0001 0000000000000000  0001 0000000000000000  0001 0000000000000000  0000 0000000000000000  0000 0000000000000000  0000 0000000000000000
Frame 0764    0001 0000000000000000  0001 0000000000000000  0001 0000000000000000  0001 0000000000000000  0001 0000000000000000  0001 0000000000000000  0001 0000000000000000  0001 0000000000000000  0001 0000000000000000  0000 0000000000000000  0000 0000000000000000  0000 0000000000000000
Frame 0765    0001 0000000000000000  0001 0000000000000000  0001 0000000000000000  0001 0000000000000000  0001 0000000000000000  0001 0000000000000000  0001 0000000000000000  0001 0000000000000000  0001 0000000000000000  0000 0000000000000000  0000 0000000000000000  0000 0000000000000000
Frame 0766    0001 0000000000000000  0001 0000000000000000  0001 0000000000000000  0001 0000000000000000  0001 0000000000000000  0001 0000000000000000  0001 0000000000000000  0001 0000000000000000  0001 0000000000000000  0000 0000000000000000  0000 0000000000000000  0000 0000000000000000
Frame 0767    0001 0000000000000000  0001 0000000000000000  0001 0000000000000000  0001 0000000000000000  0001 0000000000000000  0001 0000000000000000  0001 0000000000000000  0001 0000000000000000  0001 0000000000000000  0000 0000000000000000  0000 0000000000000000  0000 0000000000000000
Frame 0768    0001 0000000000000000  0001 0000000000000000  0001 0000000000000000  0001 0000000000000000  0001 0000000000000000  0001 0000000000000000  0001 0000000000000000  0001 0000000000000000  0001 0000000000000000  0000 0000000000000000  0000 0000000000000000  0000 0000000000000000
Frame 0769    0001 0000000000000000  0001 0000000000000000  0001 0000000000000000  0001 0000000000000000  0001 0000000000000000  0001 0000000000000000  0001 0000000000000000  0001 0000000000000000  0001 0000000000000000  0000 0000000000000000  0000 0000000000000000  0000 0000000000000000
Frame 0770    0001 0000000000000000  0001 0000000000000000  0001 0000000000000000  0001 0000000000000000  0001 0000000000000000  0001 0000000000000000  0001 0000000000000000  0001 0000000000000000  0001 0000000000000000  0000 0000000000000000  0000 0000000000000000  0000 0000000000000000
Frame 0771    0001 0000000000000000  0001 0000000000000000  0001 0000000000000000  0001 0000000000000000  0001 0000000000000000  0001 0000000000000000  0001 0000000000000000  0001 0000000000000000  0001 0000000000000000  0000 0000000000000000  0000 0000000000000000  0000 0000000000000000
Frame 0772    0001 0000000000000000  0001 0000000000000000  0001 0000000000000000  0001 0000000000000000  0001 0000000000000000  0001 0000000000000000  0001 0000000000000000  0001 0000000000000000  0001 0000000000000000  0000 0000000000000000  0000 0000000000000000  0000 0000000000000000
Frame 0773    0001 0000000000000000  0001 0000000000000000  0001 0000000000000000  0001 0000000000000000  0001 0000000000000000  0001 0000000000000000  0001 0000000000000000  0001 0000000000000000  0001 0000000000000000  0000 0000000000000000  0000 0000000000000000  0000 0000000000000000
Frame 0774    0001 0000000000000000  0001 0000000000000000  0001 0000000000000000  0001 0000000000000000  0001 0000000000000000  0001 0000000000000000  0001 0000000000000000  0001 0000000000000000  0001 0000000000000000  0000 0000000000000000  0000 0000000000000000  0000 0000000000000000
Frame 0775    0001 0000000000000000  0001 0000000000000000  0001 0000000000000000  0001 0000000000000000  0001 0000000000000000  0001 0000000000000000  0001 0000000000000000  0001 0000000000000000  0001 0000000000000000  0000 0000000000000000  0000 0000000000000000  0000 0000000000000000
Frame 0776    0001 0000000000000000  0001 0000000000000000  0001 0000000000000000  0001 0000000000000000  0001 0000000000000000  0001 0000000000000000  0001 0000000000000000  0001 0000000000000000  0001 0000000000000000  0000 0000000000000000  0000 0000000000000000  0000 0000000000000000
Frame 0777    0001 0000000000000000  0001 0000000000000000  0001 0000000000000000  0001 0000000000000000  0001 0000000000000000  0001 0000000000000000  0001 0000000000000000  0001 0000000000000000  0001 0000000000000000  0000 0000000000000000  0000 0000000000000000  0000 0000000000000000
Frame 0778    0001 0000000000000000  0001 0000000000000000  0001 0000000000000000  0001 0000000000000000  0001 0000000000000000  0001 0000000000000000  0001 0000000000000000  0001 0000000000000000  0001 0000000000000000  0000 0000000000000000  0000 0000000000000000  0000 0000000000000000
Frame 0779    0001 0000000000000000  0001 0000000000000000  0001 0000000000000000  0001 0000000000000000  0001 0000000000000000  0001 0000000000000000  0001 0000000000000000  0001 0000000000000000  0001 0000000000000000  0000 0000000000000000  0000 0000000000000000  0000 0000000000000000
Frame 0780    0001 0000000000000000  0001 0000000000000000  0001 0000000000000000  0001 0000000000000000  0001 0000000000000000  0001 0000000000000000  0001 0000000000000000  0001 0000000000000000  0001 0000000000000000  0000 0000000000000000  0000 0000000000000000  0000 0000000000000000
Frame 0781    0001 0000000000000000  0001 0000000000000000  0001 0000000000000000  0001 0000000000000000  0001 0000000000000000  0001 0000000000000000  0001 0000000000000000  0001 0000000000000000  0001 0000000000000000  0000 0000000000000000  0000 0000000000000000  0000 0000000000000000
Frame 0782    0001 0000000000000000  0001 0000000000000000  0001 0000000000000000  0001 0000000000000000  0001 0000000000000000  0001 0000000000000000  0001 0000000000000000  0001 0000000000000000  0001 0000000000000000  0000 0000000000000000  0000 0000000000000000  0000 0000000000000000
Frame 0783    0001 0000000000000000  0001 0000000000000000  0001 0000000000000000  0001 0000000000000000  0001 0000000000000000  0001 0000000000000000  0001 0000000000000000  0001 0000000000000000  0001 0000000000000000  0000 0000000000000000  0000 0000000000000000  0000 0000000000000000
Frame 0784    0001 0000000000000000  0001 0000000000000000  0001 0000000000000000  0001 0000000000000000  0001 0000000000000000  0001 0000000000000000  0001 0000000000000000  0001 0000000000000000  0001 0000000000000000  0000 0000000000000000  0000 0000000000000000  0000 0000000000000000
Frame 0785    0001 0000000000000000  0001 0000000000000000  0001 0000000000000000  0001 0000000000000000  0001 0000000000000000  0001 0000000000000000  0001 0000000000000000  0001 0000000000000000  0001 0000000000000000  0000 0000000000000000  0000 0000000000000000  0000 0000000000000000
Frame 0786    0001 0000000000000000  0001 0000000000000000  0001 0000000000000000  0001 0000000000000000  0001 0000000000000000  0001 0000000000000000  0001 0000000000000000  0001 0000000000000000  0001 0000000000000000  0000 0000000000000000  0000 0000000000000000  0000 0000000000000000
Frame 0787    0001 0000000000000000  0001 0000000000000000  0001 0000000000000000  0001 0000000000000000  0001 0000000000000000  0001 0000000000000000  0001 0000000000000000  0001 0000000000000000  0001 0000000000000000  0000 0000000000000000  0000 0000000000000000  0000 0000000000000000
Frame 0788    0001 0000000000000000  0001 0000000000000000  0001 0000000000000000  0001 0000000000000000  0001 0000000000000000  0001 0000000000000000  0001 0000000000000000  0001 0000000000000000  0001 0000000000000000  0000 0000000000000000  0000 0000000000000000  0000 0000000000000000
Frame 0789    0001 0000000000000000  0001 0000000000000000  0001 0000000000000000  0001 0000000000000000  0001 0000000000000000  0001 0000000000000000  0001 0000000000000000  0001 0000000000000000  0001 0000000000000000  0000 0000000000000000  0000 0000000000000000  0000 0000000000000000
Frame 0790    0001 0000000000000000  0001 0000000000000000  0001 0000000000000000  0001 0000000000000000  0001 0000000000000000  0001 0000000000000000  0001 0000000000000000  0001 0000000000000000  0001 0000000000000000  0000 0000000000000000  0000 0000000000000000  0000 0000000000000000
Frame 0791    0001 0000000000000000  0001 0000000000000000  0001 0000000000000000  0001 0000000000000000  0001 0000000000000000  0001 0000000000000000  0001 0000000000000000  0001 0000000000000000  0001 0000000000000000  0000 0000000000000000  0000 0000000000000000  0000 0000000000000000
Frame 0792    0001 0000000000000000  0001 0000000000000000  0001 0000000000000000  0001 0000000000000000  0001 0000000000000000  0001 0000000000000000  0001 0000000000000000  0001 0000000000000000  0001 0000000000000000  0000 0000000000000000  0000 0000000000000000  0000 0000000000000000
Frame 0793    0001 0000000000000000  0001 0000000000000000  0001 0000000000000000  0001 0000000000000000  0001 0000000000000000  0001 0000000000000000  0001 0000000000000000  0001 0000000000000000  0001 0000000000000000  0000 0000000000000000  0000 0000000000000000  0000 0000000000000000
Frame 0794    0001 0000000000000000  0001 0000000000000000  0001 0000000000000000  0001 0000000000000000  0001 0000000000000000  0001 0000000000000000  0001 0000000000000000  0001 0000000000000000  0001 0000000000000000  0000 0000000000000000  0000 0000000000000000  0000 0000000000000000
Frame 0795    0001 0000000000000000  0001 0000000000000000  0001 0000000000000000  0001 0000000000000000  0001 0000000000000000  0001 0000000000000000  0001 0000000000000000  0001 0000000000000000  0001 0000000000000000  0000 0000000000000000  0000 0000000000000000  0000 0000000000000000
Frame 0796    0001 0000000000000000  0001 0000000000000000  0001 0000000000000000  0001 0000000000000000  0001 0000000000000000  0001 0000000000000000  0001 0000000000000000  0001 0000000000000000  0001 0000000000000000  0000 0000000000000000  0000 0000000000000000  0000 0000000000000000
Frame 0797    0001 0000000000000000  0001 0000000000000000  0001 0000000000000000  0001 0000000000000000  0001 0000000000000000  0001 0000000000000000  0001 0000000000000000  0001 0000000000000000  0001 0000000000000000  0000 0000000000000000  0000 0000000000000000  0000 0000000000000000
Frame 0798    0001 0000000000000000  0001 0000000000000000  0001 0000000000000000  0001 0000000000000000  0001 0000000000000000  0001 0000000000000000  0001 0000000000000000  0001 0000000000000000  0001 0000000000000000  0000 0000000000000000  0000 0000000000000000  0000 0000000000000000
Frame 0799    0001 0000000000000000  0001 0000000000000000  0001 0000000000000000  0001 0000000000000000  0001 0000000000000000  0001 0000000000000000  0001 0000000000000000  0001 0000000000000000  0001 0000000000000000  0000 0000000000000000  0000 0000000000000000  0000 0000000000000000
Frame 0800    0001 0000000000000000  0001 0000000000000000  0001 0000000000000000  0001 0000000000000000  0001 0000000000000000  0001 0000000000000000  0001 0000000000000000  0001 0000000000000000  0001 0000000000000000  0000 0000000000000000  0000 0000000000000000  0000 0000000000000000
Frame 0801    0001 0000000000000000  0001 0000000000000000  0001 0000000000000000  0001 0000000000000000  0001 0000000000000000  0001 0000000000000000  0001 0000000000000000  0001 0000000000000000  0001 0000000000000000  0000 0000000000000000  0000 0000000000000000  0000 0000000000000000
Frame 0802    0001 0000000000000000  0001 0000000000000000  0001 0000000000000000  0001 0000000000000000  0001 0000000000000000  0001 0000000000000000  0001 0000000000000000  0001 0000000000000000  0001 0000000000000000  0000 0000000000000000  0000 0000000000000000  0000 0000000000000000
Frame 0803    0001 0000000000000000  0001 0000000000000000  0001 0000000000000000  0001 0000000000000000  0001 0000000000000000  0001 0000000000000000  0001 0000000000000000  0001 0000000000000000  0001 0000000000000000  0000 0000000000000000  0000 0000000000000000  0000 0000000000000000
Frame 0804    0001 0000000000000000  0001 0000000000000000  0001 0000000000000000  0001 0000000000000000  0001 0000000000000000  0001 0000000000000000  0001 0000000000000000  0001 0000000000000000  0001 0000000000000000  0000 0000000000000000  0000 0000000000000000  0000 0000000000000000
Frame 0805    0001 0000000000000000  0001 0000000000000000  0001 0000000000000000  0001 0000000000000000  0001 0000000000000000  0001 0000000000000000  0001 0000000000000000  0001 0000000000000000  0001 0000000000000000  0000 0000000000000000  0000 0000000000000000  0000 0000000000000000
Frame 0806    0001 0000000000000000  0001 0000000000000000  0001 0000000000000000  0001 0000000000000000  0001 0000000000000000  0001 0000000000000000  0001 0000000000000000  0001 0000000000000000  0001 0000000000000000  0000 0000000000000000  0000 0000000000000000  0000 0000000000000000
Frame 0807    0001 0000000000000000  0001 0000000000000000  0001 0000000000000000  0001 0000000000000000  0001 0000000000000000  0001 0000000000000000  0001 0000000000000000  0001 0000000000000000  0001 0000000000000000  0000 0000000000000000  0000 0000000000000000  0000 0000000000000000
Frame 0808    0001 0000000000000000  0001 0000000000000000  0001 0000000000000000  0001 0000000000000000  0001 0000000000000000  0001 0000000000000000  0001 0000000000000000  0001 0000000000000000  0001 0000000000000000  0000 0000000000000000  0000 0000000000000000  0000 0000000000000000
Frame 0809    0001 0000000000000000  0001 0000000000000000  0001 0000000000000000  0001 0000000000000000  0001 0000000000000000  0001 0000000000000000  0001 0000000000000000  0001 0000000000000000  0001 0000000000000000  0000 0000000000000000  0000 0000000000000000  0000 0000000000000000
Frame 0810    0000 0000000000000000  0000 0000000000000000  0000 0000000000000000  0000 0000000000000000  0000 0000000000000000  0000 0000000000000000  0000 0000000000000000  0000 0000000000000000  0000 0000000000000000  0000 0000000000000000  0000 0000000000000000  0000 0000000000000000
Frame 0811    0000 0000000000000000  0000 0000000000000000  0000 0000000000000000  0000 0000000000000000  0000 0000000000000000  0000 0000000000000000  0000 0000000000000000  0000 0000000000000000  0000 0000000000000000  0000 0000000000000000  0000 0000000000000000  0000 0000000000000000
Frame 0812    0000 0000000000000000  0000 0000000000000000  0000 0000000000000000  0000 0000000000000000  0000 0000000000000000  0000 0000000000000000  0000 0000000000000000  0000 0000000000000000  0000 0000000000000000  0000 0000000000000000  0000 0000000000000000  0000 0000000000000000
Frame 0813    0000 0000000000000000  0000 0000000000000000  0000 0000000000000000  0000 0000000000000000  0000 0000000000000000  0000 0000000000000000  0000 0000000000000000  0000 0000000000000000  0000 0000000000000000  0000 0000000000000000  0000 0000000000000000  0000 0000000000000000
Frame 0814    0000 0000000000000000  0000 0000000000000000  0000 0000000000000000  0000 0000000000000000  0000 0000000000000000  0000 0000000000000000  0000 0000000000000000  0000 0000000000000000  0000 0000000000000000  0000 0000000000000000  0000 0000000000000000  0000 0000000000000000
Frame 0815    0000 0000000000000000  0000 0000000000000000  0000 0000000000000000  0000 0000000000000000  0000 0000000000000000  0000 0000000000000000  0000 0000000000000000  0000 0000000000000000  0000 0000000000000000  0000 0000000000000000  0000 0000000000000000  0000 0000000000000000
Frame 0816    0001 1a7aedd9c00bb7f4  0001 00076ec040001603  0001 0007a83f9ffc1403  0001 0007f24020001203  0001 0000000000000000  0001 000468c26f6f1a64  0001 0000000000000000  0001 0000000000000000  0001 0000000000000000  0000 0000000000000000  0000 0000000000000000  0000 0000000000000000
Frame 0817    0001 1741a16b65014fc0  0001 00076bc0300a1a07  0001 000788ff0ff21807  0001 0007a7810ffe1807  0001 0007cc7fb0041607  0001 0000000000000000  0001 0000000000000000  0001 0000000000000000  0001 0000000000000000  0000 0000000000000000  0000 0000000000000000  0000 0000000000000000
Frame 0818    0001 16875abbff11ff91  0001 00076bc050001201  0001 0007a83ffffc1001  0001 0007f63fc0000e01  0001 00043b7fdfd80c3a  0001 000490403ffc0c3a  0001 0000000000000000  0001 0000000000000000  0001 0000000000000000  0000 0000000000000000  0000 0000000000000000  0000 0000000000000000
Frame 0819    0001 19b8ba23fd4e0014  0001 0000000000000000  0001 0007a83fdffe1001  0001 0007f6403ffe0e01  0001 00044b3fffe00c3a  0001 0004907ff0200c3a  0001 0000000000000000  0001 0000000000000000  0001 0000000000000000  0000 0000000000000000  0000 0000000000000000  0000 0000000000000000
Frame 0820    0001 1724ee4e08120740  0001 00076bc06ffe1201  0001 0007a80010021001  0001 0007eabf8ffe0e01  0001 00044b7fd0220c3a  0001 000490c040500c3a  0001 0000000000000000  0001 0000000000000000  0001 0000000000000000  0000 0000000000000000  0000 0000000000000000  0000 0000000000000000
Frame 0821    0001 1aba2ddbc025b7f7  0001 0000000000000000  0001 0007a83ffffe1403  0001 0007f24000001203  0001 0000000000000000  0001 000468ff7fa71a64  0001 0004a27d9f511a64  0001 0000000000000000  0001 0000000000000000  0000 0000000000000000  0000 0000000000000000  0000 0000000000000000
Frame 0822    0001 1b158995f9cff8c8  0001 00076bfff0000e01  0001 0007a8002ffc0c01  0001 0007eabfe0000a01  0001 00044c7fe002083a  0001 000491c01fa2083a  0001 0000000000000000  0001 0000000000000000  0001 0000000000000000  0000 0000000000000000  0000 0000000000000000  0000 0000000000000000
Frame 0823    0001 1711ed49fb5df9f5  0001 00076bffe0001201  0001 0007a8000ffe1001  0001 0007f5c010000e01  0001 0000000000000000  0001 0004a13ff0080c3a  0001 0000000000000000  0001 0000000000000000  0001 0000000000000000  0000 0000000000000000  0000 0000000000000000  0000 0000000000000000
Frame 0824    0001 14c2a0a61ad01d54  0001 0000000000000000  0001 0007a83fd0001201  0001 0007f40030001001  0001 00043c7ff024083a  0001 0004907fffbc083a  0001 0000000000000000  0001 0000000000000000  0001 0000000000000000  0000 0000000000000000  0000 0000000000000000  0000 0000000000000000
Frame 0825    0001 152670a3b4d9ab3f  0001 0000000000000000  0001 0007a8000ffe1404  0001 0007f27ff0001204  0001 0004384010931a7a  0001 000468c01f7d1a7a  0001 0000000000000000  0001 0000000000000000  0001 0000000000000000  0000 0000000000000000  0000 0000000000000000  0000 0000000000000000
Frame 0826    0001 13eb532c418c499e  0001 0007700000001203  0001 0007a83feffe1003  0001 0007f24000000e03  0001 0000000000000000  0001 000468ff6fe0b464  0001 0000000000000000  0001 0000000000000000  0001 0000000000000000  0000 0000000000000000  0000 0000000000000000  0000 0000000000000000
Frame 0827    0001 1b6c40ebb4c1ad6b  0001 000767c01ffe1404  0001 0007a83fd0021204  0001 0007f2400ffe1004  0001 000438401008e87a  0001 0004817fc08ae87a  0001 0000000000000000  0001 0000000000000000  0001 0000000000000000  0000 0000000000000000  0000 0000000000000000  0000 0000000000000000
Frame 0828    0001 19a36efa7d1689f6  0001 00076bffdffc1a05  0001 0000000000000000  0001 0007b74050081605  0001 0007dc7ffff81605  0001 000404bfdffe1605  0001 0000000000000000  0001 0000000000000000  0001 0000000000000000  0000 0000000000000000  0000 0000000000000000  0000 0000000000000000
Frame 0829    0001 18d8a0ad6a2356d2  0001 00076bfff0001c06  0001 000790803ffc1c06  0001 0007b07fa0021c06  0001 0007d4801ffe1a06  0001 0000000000000000  0001 0000000000000000  0001 0000000000000000  0001 0000000000000000  0000 0000000000000000  0000 0000000000000000  0000 0000000000000000
Frame 0830    0001 12946554184e1a70  0001 00076bc030000c01  0001 0007a83fcffc0a01  0001 0007f30000000801  0001 00043d000038063a  0001 0000000000000000  0001 0000000000000000  0001 0000000000000000  0001 0000000000000000  0000 0000000000000000  0000 0000000000000000  0000 0000000000000000
Frame 0831    0001 117941a35c57481a  0001 00076bffaff80c07  0001 000784004ffe0c07  0001 00079e40300c0c07  0001 0000000000000000  0001 0007ecbfeffa0a07  0001 0000000000000000  0001 0000000000000000  0001 0000000000000000  0000 0000000000000000  0000 0000000000000000  0000 0000000000000000
Frame 0832    0001 157076cb597143e3  0001 00076bffbff41607  0001 0007804030041807  0001 000797c020041607  0001 0007b9ffeffa1407  0001 0000000000000000  0001 0000000000000000  0001 0000000000000000  0001 0000000000000000  0000 0000000000000000  0000 0000000000000000  0000 0000000000000000
Frame 0833    0001 1455e5d9f5eff4b6  0001 00076bc030000e01  0001 0007a83fbffe0c01  0001 0007f38010000a01  0001 00043c400036083a  0001 0000000000000000  0001 0000000000000000  0001 0000000000000000  0001 0000000000000000  0000 0000000000000000  0000 0000000000000000  0000 0000000000000000
Frame 0834    0001 1a7272302a3032e9  0001 00076bffa0041602  0001 0007a8007ff61402  0001 0007feffd0021202  0001 0000000000000000  0001 0004920000600a3a  0001 0000000000000000  0001 0000000000000000  0001 0000000000000000  0000 0000000000000000  0000 0000000000000000  0000 0000000000000000
Frame 0835    0001 14acd45032683868  0001 00076bffe0001402  0001 0007a83ffffe1202  0001 0007fdc030001002  0001 00044b3fff88083a  0001 0000000000000000  0001 0000000000000000  0001 0000000000000000  0001 0000000000000000  0000 0000000000000000  0000 0000000000000000  0000 0000000000000000
Frame 0836    0001 13f344882e083b23  0001 00076bff5ffe1402  0001 0007a800a0001202  0001 0000000000000000  0001 0000000000000000  0001 0004907fff96083a  0001 0000000000000000  0001 0004d7c68034e84d  0001 0000000000000000  0000 0000000000000000  0000 0000000000000000  0000 0000000000000000
Frame 0837    0001 16dc577dbfd5ba4b  0001 00076bfff0001a03  0001 0007a8000ffe1803  0001 0000000000000000  0001 0000000000000000  0001 0004817f40854e64  0001 0004bf7f00674e64  0001 0000000000000000  0001 0000000000000000  0000 0000000000000000  0000 0000000000000000  0000 0000000000000000
Frame 0838    0001 16d7777bbff5ba5f  0001 00076bfff0001a03  0001 0007a8000ffe1803  0001 0000000000000000  0001 0000000000000000  0001 0004817f107d4e64  0001 0004bf7ee0614e64  0001 0000000000000000  0001 0000000000000000  0000 0000000000000000  0000 0000000000000000  0000 0000000000000000
Frame 0839    0001 1aafe7f4421a475c  0001 00076bc010001603  0001 0007a83feffe1403  0001 0000000000000000  0001 00043ac0003c0a3a  0001 000468c070931a64  0001 0000000000000000  0001 0000000000000000  0001 0000000000000000  0000 0000000000000000  0000 0000000000000000  0000 0000000000000000
Frame 0840    0001 1c78a98a039a039e  0001 0000000000000000  0001 0000000000000000  0001 0007f27feffe0a01  0001 000443c0003a083a  0001 000491c01032083a  0001 0004ffbfffd0063a  0001 0000000000000000  0001 0000000000000000  0000 0000000000000000  0000 0000000000000000  0000 0000000000000000
Frame 0841    0001 15a72be62ab8341c  0001 0000000000000000  0001 0007ad014ffe1402  0001 0007f27f60001202  0001 000443ff50100a3a  0001 000491c07fde0a3a  0001 0000000000000000  0001 0000000000000000  0001 0000000000000000  0000 0000000000000000  0000 0000000000000000  0000 0000000000000000
Frame 0842    0001 0000000000000000  0001 0000000000000000  0001 0000000000000000  0001 0000000000000000  0001 0000000000000000  0001 0000000000000000  0001 0000000000000000  0001 0000000000000000  0001 0000000000000000  0000 0000000000000000  0000 0000000000000000  0000 0000000000000000
Frame 0843    0001 0000000000000000  0001 0000000000000000  0001 0000000000000000  0001 0000000000000000  0001 0000000000000000  0001 0000000000000000  0001 0000000000000000  0001 0000000000000000  0001 0000000000000000  0000 0000000000000000  0000 0000000000000000  0000 0000000000000000
Frame 0844    0001 0000000000000000  0001 0000000000000000  0001 0000000000000000  0001 0000000000000000  0001 0000000000000000  0001 0000000000000000  0001 0000000000000000  0001 0000000000000000  0001 0000000000000000  0000 0000000000000000  0000 0000000000000000  0000 0000000000000000
Frame 0845    0001 0000000000000000  0001 0000000000000000  0001 0000000000000000  0001 0000000000000000  0001 0000000000000000  0001 0000000000000000  0001 0000000000000000  0001 0000000000000000  0001 0000000000000000  0000 0000000000000000  0000 0000000000000000  0000 0000000000000000
Frame 0846    0001 0000000000000000  0001 0000000000000000  0001 0000000000000000  0001 0000000000000000  0001 0000000000000000  0001 0000000000000000  0001 0000000000000000  0001 0000000000000000  0001 0000000000000000  0000 0000000000000000  0000 0000000000000000  0000 0000000000000000
Frame 0847    0001 0000000000000000  0001 0000000000000000  0001 0000000000000000  0001 0000000000000000  0001 0000000000000000  0001 0000000000000000  0001 0000000000000000  0001 0000000000000000  0001 0000000000000000  0000 0000000000000000  0000 0000000000000000  0000 0000000000000000
Frame 0848    0001 0000000000000000  0001 0000000000000000  0001 0000000000000000  0001 0000000000000000  0001 0000000000000000  0001 0000000000000000  0001 0000000000000000  0001 0000000000000000  0001 0000000000000000  0000 0000000000000000  0000 0000000000000000  0000 0000000000000000
Frame 0849    0001 0000000000000000  0001 0000000000000000  0001 0000000000000000  0001 0000000000000000  0001 0000000000000000  0001 0000000000000000  0001 0000000000000000  0001 0000000000000000  0001 0000000000000000  0000 0000000000000000  0000 0000000000000000  0000 0000000000000000
Frame 0850    0001 0000000000000000  0001 0000000000000000  0001 0000000000000000  0001 0000000000000000  0001 0000000000000000  0001 0000000000000000  0001 0000000000000000  0001 0000000000000000  0001 0000000000000000  0000 0000000000000000  0000 0000000000000000  0000 0000000000000000
Frame 0851    0001 0000000000000000  0001 0000000000000000  0001 0000000000000000  0001 0000000000000000  0001 0000000000000000  0001 0000000000000000  0001 0000000000000000  0001 0000000000000000  0001 0000000000000000  0000 0000000000000000  0000 0000000000000000  0000 0000000000000000
Frame 0852    0001 0000000000000000  0001 0000000000000000  0001 0000000000000000  0001 0000000000000000  0001 0000000000000000  0001 0000000000000000  0001 0000000000000000  0001 0000000000000000  0001 0000000000000000  0000 0000000000000000  0000 0000000000000000  0000 0000000000000000
Frame 0853    0001 0000000000000000  0001 0000000000000000  0001 0000000000000000  0001 0000000000000000  0001 0000000000000000  0001 0000000000000000  0001 0000000000000000  0001 0000000000000000  0001 0000000000000000  0000 0000000000000000  0000 0000000000000000  0000 0000000000000000
Frame 0854    0001 0000000000000000  0001 0000000000000000  0001 0000000000000000  0001 0000000000000000  0001 0000000000000000  0001 0000000000000000  0001 0000000000000000  0001 0000000000000000  0001 0000000000000000  0000 0000000000000000  0000 0000000000000000  0000 0000000000000000
Frame 0855    0001 0000000000000000  0001 0000000000000000  0001 0000000000000000  0001 0000000000000000  0001 0000000000000000  0001 0000000000000000  0001 0000000000000000  0001 0000000000000000  0001 0000000000000000  0000 0000000000000000  0000 0000000000000000  0000 0000000000000000
Frame 0856    0001 0000000000000000  0001 0000000000000000  0001 0000000000000000  0001 0000000000000000  0001 0000000000000000  0001 0000000000000000  0001 0000000000000000  0001 0000000000000000  0001 0000000000000000  0000 0000000000000000  0000 0000000000000000  0000 0000000000000000
Frame 0857    0001 0000000000000000  0001 0000000000000000  0001 0000000000000000  0001 0000000000000000  0001 0000000000000000  0001 0000000000000000  0001 0000000000000000  0001 0000000000000000  0001 0000000000000000  0000 0000000000000000  0000 0000000000000000  0000 0000000000000000
Frame 0858    0001 0000000000000000  0001 0000000000000000  0001 0000000000000000  0001 0000000000000000  0001 0000000000000000  0001 0000000000000000  0001 0000000000000000  0001 0000000000000000  0001 0000000000000000  0000 0000000000000000  0000 0000000000000000  0000 0000000000000000
Frame 0859    0001 0000000000000000  0001 0000000000000000  0001 0000000000000000  0001 0000000000000000  0001 0000000000000000  0001 0000000000000000  0001 0000000000000000  0001 0000000000000000  0001 0000000000000000  0000 0000000000000000  0000 0000000000000000  0000 0000000000000000
Frame 0860    0001 0000000000000000  0001 0000000000000000  0001 0000000000000000  0001 0000000000000000  0001 0000000000000000  0001 0000000000000000  0001 0000000000000000  0001 0000000000000000  0001 0000000000000000  0000 0000000000000000  0000 0000000000000000  0000 0000000000000000
Frame 0861    0001 0000000000000000  0001 0000000000000000  0001 0000000000000000  0001 0000000000000000  0001 0000000000000000  0001 0000000000000000  0001 0000000000000000  0001 0000000000000000  0001 0000000000000000  0000 0000000000000000  0000 0000000000000000  0000 0000000000000000
Frame 0862    0001 0000000000000000  0001 0000000000000000  0001 0000000000000000  0001 0000000000000000  0001 0000000000000000  0001 0000000000000000  0001 0000000000000000  0001 0000000000000000  0001 0000000000000000  0000 0000000000000000  0000 0000000000000000  0000 0000000000000000
Frame 0863    0001 0000000000000000  0001 0000000000000000  0001 0000000000000000  0001 0000000000000000  0001 0000000000000000  0001 0000000000000000  0001 0000000000000000  0001 0000000000000000  0001 0000000000000000  0000 0000000000000000  0000 0000000000000000  0000 0000000000000000
Frame 0864    0001 0000000000000000  0001 0000000000000000  0001 0000000000000000  0001 0000000000000000  0001 0000000000000000  0001 0000000000000000  0001 0000000000000000  0001 0000000000000000  0001 0000000000000000  0000 0000000000000000  0000 0000000000000000  0000 0000000000000000
Frame 0865    0001 0000000000000000  0001 0000000000000000  0001 0000000000000000  0001 0000000000000000  0001 0000000000000000  0001 0000000000000000  0001 0000000000000000  0001 0000000000000000  0001 0000000000000000  0000 0000000000000000  0000 0000000000000000  0000 0000000000000000
Frame 0866    0001 0000000000000000  0001 0000000000000000  0001 0000000000000000  0001 0000000000000000  0001 0000000000000000  0001 0000000000000000  0001 0000000000000000  0001 0000000000000000  0001 0000000000000000  0000 0000000000000000  0000 0000000000000000  0000 0000000000000000
Frame 0867    0001 0000000000000000  0001 0000000000000000  0001 0000000000000000  0001 0000000000000000  0001 0000000000000000  0001 0000000000000000  0001 0000000000000000  0001 0000000000000000  0001 0000000000000000  0000 0000000000000000  0000 0000000000000000  0000 0000000000000000
Frame 0868    0001 0000000000000000  0001 0000000000000000  0001 0000000000000000  0001 0000000000000000  0001 0000000000000000  0001 0000000000000000  0001 0000000000000000  0001 0000000000000000  0001 0000000000000000  0000 0000000000000000  0000 0000000000000000  0000 0000000000000000
Frame 0869    0001 0000000000000000  0001 0000000000000000  0001 0000000000000000  0001 0000000000000000  0001 0000000000000000  0001 0000000000000000  0001 0000000000000000  0001 0000000000000000  0001 0000000000000000  0000 0000000000000000  0000 0000000000000000  0000 0000000000000000
Frame 0870    0001 0000000000000000  0001 0000000000000000  0001 0000000000000000  0001 0000000000000000  0001 0000000000000000  0001 0000000000000000  0001 0000000000000000  0001 0000000000000000  0001 0000000000000000  0000 0000000000000000  0000 0000000000000000  0000 0000000000000000
Frame 0871    0001 0000000000000000  0001 0000000000000000  0001 0000000000000000  0001 0000000000000000  0001 0000000000000000  0001 0000000000000000  0001 0000000000000000  0001 0000000000000000  0001 0000000000000000  0000 0000000000000000  0000 0000000000000000  0000 0000000000000000
Frame 0872    0001 0000000000000000  0001 0000000000000000  0001 0000000000000000  0001 0000000000000000  0001 0000000000000000  0001 0000000000000000  0001 0000000000000000  0001 0000000000000000  0001 0000000000000000  0000 0000000000000000  0000 0000000000000000  0000 0000000000000000
Frame 0873    0001 0000000000000000  0001 0000000000000000  0001 0000000000000000  0001 0000000000000000  0001 0000000000000000  0001 0000000000000000  0001 0000000000000000  0001 0000000000000000  0001 0000000000000000  0000 0000000000000000  0000 0000000000000000  0000 0000000000000000
Frame 0874    0001 0000000000000000  0001 0000000000000000  0001 0000000000000000  0001 0000000000000000  0001 0000000000000000  0001 0000000000000000  0001 0000000000000000  0001 0000000000000000  0001 0000000000000000  0000 0000000000000000  0000 0000000000000000  0000 0000000000000000
Frame 0875    0001 0000000000000000  0001 0000000000000000  0001 0000000000000000  0001 0000000000000000  0001 0000000000000000  0001 0000000000000000  0001 0000000000000000  0001 0000000000000000  0001 0000000000000000  0000 0000000000000000  0000 0000000000000000  0000 0000000000000000
Frame 0876    0001 0000000000000000  0001 0000000000000000  0001 0000000000000000  0001 0000000000000000  0001 0000000000000000  0001 0000000000000000  0001 0000000000000000  0001 0000000000000000  0001 0000000000000000  0000 0000000000000000  0000 0000000000000000  0000 0000000000000000
Frame 0877    0001 0000000000000000  0001 0000000000000000  0001 0000000000000000  0001 0000000000000000  0001 0000000000000000  0001 0000000000000000  0001 0000000000000000  0001 0000000000000000  0001 0000000000000000  0000 0000000000000000  0000 0000000000000000  0000 0000000000000000
Frame 0878    0001 0000000000000000  0001 0000000000000000  0001 0000000000000000  0001 0000000000000000  0001 0000000000000000  0001 0000000000000000  0001 0000000000000000  0001 0000000000000000  0001 0000000000000000  0000 0000000000000000  0000 0000000000000000  0000 0000000000000000
Frame 0879    0001 0000000000000000  0001 0000000000000000  0001 0000000000000000  0001 0000000000000000  0001 0000000000000000  0001 0000000000000000  0001 0000000000000000  0001 0000000000000000  0001 0000000000000000  0000 0000000000000000  0000 0000000000000000  0000 0000000000000000
Frame 0880    0001 0000000000000000  0001 0000000000000000  0001 0000000000000000  0001 0000000000000000  0001 0000000000000000  0001 0000000000000000  0001 0000000000000000  0001 0000000000000000  0001 0000000000000000  0000 0000000000000000  0000 0000000000000000  0000 0000000000000000
Frame 0881    0001 0000000000000000  0001 0000000000000000  0001 0000000000000000  0001 0000000000000000  0001 0000000000000000  0001 0000000000000000  0001 0000000000000000  0001 0000000000000000  0001 0000000000000000  0000 0000000000000000  0000 0000000000000000  0000 0000000000000000
Frame 0882    0001 0000000000000000  0001 0000000000000000  0001 0000000000000000  0001 0000000000000000  0001 0000000000000000  0001 0000000000000000  0001 0000000000000000  0001 0000000000000000  0001 0000000000000000  0000 0000000000000000  0000 0000000000000000  0000 0000000000000000
Frame 0883    0001 0000000000000000  0001 0000000000000000  0001 0000000000000000  0001 0000000000000000  0001 0000000000000000  0001 0000000000000000  0001 0000000000000000  0001 0000000000000000  0001 0000000000000000  0000 0000000000000000  0000 0000000000000000  0000 0000000000000000
Frame 0884    0001 0000000000000000  0001 0000000000000000  0001 0000000000000000  0001 0000000000000000  0001 0000000000000000  0001 0000000000000000  0001 0000000000000000  0001 0000000000000000  0001 0000000000000000  0000 0000000000000000  0000 0000000000000000  0000 0000000000000000
Frame 0885    0001 0000000000000000  0001 0000000000000000  0001 0000000000000000  0001 0000000000000000  0001 0000000000000000  0001 0000000000000000  0001 0000000000000000  0001 0000000000000000  0001 0000000000000000  0000 0000000000000000  0000 0000000000000000  0000 0000000000000000
Frame 0886    0001 0000000000000000  0001 0000000000000000  0001 0000000000000000  0001 0000000000000000  0001 0000000000000000  0001 0000000000000000  0001 0000000000000000  0001 0000000000000000  0001 0000000000000000  0000 0000000000000000  0000 0000000000000000  0000 0000000000000000
Frame 0887    0001 0000000000000000  0001 0000000000000000  0001 0000000000000000  0001 0000000000000000  0001 0000000000000000  0001 0000000000000000  0001 0000000000000000  0001 0000000000000000  0001 0000000000000000  0000 0000000000000000  0000 0000000000000000  0000 0000000000000000
Frame 0888    0001 0000000000000000  0001 0000000000000000  0001 0000000000000000  0001 0000000000000000  0001 0000000000000000  0001 0000000000000000  0001 0000000000000000  0001 0000000000000000  0001 0000000000000000  0000 0000000000000000  0000 0000000000000000  0000 0000000000000000
Frame 0889    0001 0000000000000000  0001 0000000000000000  0001 0000000000000000  0001 0000000000000000  0001 0000000000000000  0001 0000000000000000  0001 0000000000000000  0001 0000000000000000  0001 0000000000000000  0000 0000000000000000  0000 0000000000000000  0000 0000000000000000
Frame 0890    0001 0000000000000000  0001 0000000000000000  0001 0000000000000000  0001 0000000000000000  0001 0000000000000000  0001 0000000000000000  0001 0000000000000000  0001 0000000000000000  0001 0000000000000000  0000 0000000000000000  0000 0000000000000000  0000 0000000000000000
Frame 0891    0001 0000000000000000  0001 0000000000000000  0001 0000000000000000  0001 0000000000000000  0001 0000000000000000  0001 0000000000000000  0001 0000000000000000  0001 0000000000000000  0001 0000000000000000  0000 0000000000000000  0000 0000000000000000  0000 0000000000000000
Frame 0892    0001 0000000000000000  0001 0000000000000000  0001 0000000000000000  0001 0000000000000000  0001 0000000000000000  0001 0000000000000000  0001 0000000000000000  0001 0000000000000000  0001 0000000000000000  0000 0000000000000000  0000 0000000000000000  0000 0000000000000000
Frame 0893    0001 0000000000000000  0001 0000000000000000  0001 0000000000000000  0001 0000000000000000  0001 0000000000000000  0001 0000000000000000  0001 0000000000000000  0001 0000000000000000  0001 0000000000000000  0000 0000000000000000  0000 0000000000000000  0000 0000000000000000
Frame 0894    0001 0000000000000000  0001 0000000000000000  0001 0000000000000000  0001 0000000000000000  0001 0000000000000000  0001 0000000000000000  0001 0000000000000000  0001 0000000000000000  0001 0000000000000000  0000 0000000000000000  0000 0000000000000000  0000 0000000000000000
Frame 0895    0001 0000000000000000  0001 0000000000000000  0001 0000000000000000  0001 0000000000000000  0001 0000000000000000  0001 0000000000000000  0001 0000000000000000  0001 0000000000000000  0001 0000000000000000  0000 0000000000000000  0000 0000000000000000  0000 0000000000000000
Frame 0896    0001 0000000000000000  0001 0000000000000000  0001 0000000000000000  0001 0000000000000000  0001 0000000000000000  0001 0000000000000000  0001 0000000000000000  0001 0000000000000000  0001 0000000000000000  0000 0000000000000000  0000 0000000000000000  0000 0000000000000000
Frame 0897    0001 0000000000000000  0001 0000000000000000  0001 0000000000000000  0001 0000000000000000  0001 0000000000000000  0001 0000000000000000  0001 0000000000000000  0001 0000000000000000  0001 0000000000000000  0000 0000000000000000  0000 0000000000000000  0000 0000000000000000
Frame 0898    0001 0000000000000000  0001 0000000000000000  0001 0000000000000000  0001 0000000000000000  0001 0000000000000000  0001 0000000000000000  0001 0000000000000000  0001 0000000000000000  0001 0000000000000000  0000 0000000000000000  0000 0000000000000000  0000 0000000000000000
Frame 0899    0001 0000000000000000  0001 0000000000000000  0001 0000000000000000  0001 0000000000000000  0001 0000000000000000  0001 0000000000000000  0001 0000000000000000  0001 0000000000000000  0001 0000000000000000  0000 0000000000000000  0000 0000000000000000  0000 0000000000000000
Frame 0900    0001 0000000000000000  0001 0000000000000000  0001 0000000000000000  0001 0000000000000000  0001 0000000000000000  0001 0000000000000000  0001 0000000000000000  0001 0000000000000000  0001 0000000000000000  0000 0000000000000000  0000 0000000000000000  0000 0000000000000000
Frame 0901    0001 0000000000000000  0001 0000000000000000  0001 0000000000000000  0001 0000000000000000  0001 0000000000000000  0001 0000000000000000  0001 0000000000000000  0001 0000000000000000  0001 0000000000000000  0000 0000000000000000  0000 0000000000000000  0000 0000000000000000
Frame 0902    0001 0000000000000000  0001 0000000000000000  0001 0000000000000000  0001 0000000000000000  0001 0000000000000000  0001 0000000000000000  0001 0000000000000000  0001 0000000000000000  0001 0000000000000000  0000 0000000000000000  0000 0000000000000000  0000 0000000000000000
Frame 0903    0001 0000000000000000  0001 0000000000000000  0001 0000000000000000  0001 0000000000000000  0001 0000000000000000  0001 0000000000000000  0001 0000000000000000  0001 0000000000000000  0001 0000000000000000  0000 0000000000000000  0000 0000000000000000  0000 0000000000000000
Frame 0904    0001 0000000000000000  0001 0000000000000000  0001 0000000000000000  0001 0000000000000000  0001 0000000000000000  0001 0000000000000000  0001 0000000000000000  0001 0000000000000000  0001 0000000000000000  0000 0000000000000000  0000 0000000000000000  0000 0000000000000000
Frame 0905    0001 0000000000000000  0001 0000000000000000  0001 0000000000000000  0001 0000000000000000  0001 0000000000000000  0001 0000000000000000  0001 0000000000000000  0001 0000000000000000  0001 0000000000000000  0000 0000000000000000  0000 0000000000000000  0000 0000000000000000
Frame 0906    0001 0000000000000000  0001 0000000000000000  0001 0000000000000000  0001 0000000000000000  0001 0000000000000000  0001 0000000000000000  0001 0000000000000000  0001 0000000000000000  0001 0000000000000000  0000 0000000000000000  0000 0000000000000000  0000 0000000000000000
Frame 0907    0001 0000000000000000  0001 0000000000000000  0001 0000000000000000  0001 0000000000000000  0001 0000000000000000  0001 0000000000000000  0001 0000000000000000  0001 0000000000000000  0001 0000000000000000  0000 0000000000000000  0000 0000000000000000  0000 0000000000000000
Frame 0908    0001 0000000000000000  0001 0000000000000000  0001 0000000000000000  0001 0000000000000000  0001 0000000000000000  0001 0000000000000000  0001 0000000000000000  0001 0000000000000000  0001 0000000000000000  0000 0000000000000000  0000 0000000000000000  0000 0000000000000000
Frame 0909    0001 0000000000000000  0001 0000000000000000  0001 0000000000000000  0001 0000000000000000  0001 0000000000000000  0001 0000000000000000  0001 0000000000000000  0001 0000000000000000  0001 0000000000000000  0000 0000000000000000  0000 0000000000000000  0000 0000000000000000
Frame 0910    0001 0000000000000000  0001 0000000000000000  0001 0000000000000000  0001 0000000000000000  0001 0000000000000000  0001 0000000000000000  0001 0000000000000000  0001 0000000000000000  0001 0000000000000000  0000 0000000000000000  0000 0000000000000000  0000 0000000000000000
Frame 0911    0001 0000000000000000  0001 0000000000000000  0001 0000000000000000  0001 0000000000000000  0001 0000000000000000  0001 0000000000000000  0001 0000000000000000  0001 0000000000000000  0001 0000000000000000  0000 0000000000000000  0000 0000000000000000  0000 0000000000000000
Frame 0912    0001 0000000000000000  0001 0000000000000000  0001 0000000000000000  0001 0000000000000000  0001 0000000000000000  0001 0000000000000000  0001 0000000000000000  0001 0000000000000000  0001 0000000000000000  0000 0000000000000000  0000 0000000000000000  0000 0000000000000000
Frame 0913    0001 0000000000000000  0001 0000000000000000  0001 0000000000000000  0001 0000000000000000  0001 0000000000000000  0001 0000000000000000  0001 0000000000000000  0001 0000000000000000  0001 0000000000000000  0000 0000000000000000  0000 0000000000000000  0000 0000000000000000
Frame 0914    0001 0000000000000000  0001 0000000000000000  0001 0000000000000000  0001 0000000000000000  0001 0000000000000000  0001 0000000000000000  0001 0000000000000000  0001 0000000000000000  0001 0000000000000000  0000 0000000000000000  0000 0000000000000000  0000 0000000000000000
Frame 0915    0001 0000000000000000  0001 0000000000000000  0001 0000000000000000  0001 0000000000000000  0001 0000000000000000  0001 0000000000000000  0001 0000000000000000  0001 0000000000000000  0001 0000000000000000  0000 0000000000000000  0000 0000000000000000  0000 0000000000000000
Frame 0916    0001 0000000000000000  0001 0000000000000000  0001 0000000000000000  0001 0000000000000000  0001 0000000000000000  0001 0000000000000000  0001 0000000000000000  0001 0000000000000000  0001 0000000000000000  0000 0000000000000000  0000 0000000000000000  0000 0000000000000000
Frame 0917    0001 0000000000000000  0001 0000000000000000  0001 0000000000000000  0001 0000000000000000  0001 0000000000000000  0001 0000000000000000  0001 0000000000000000  0001 0000000000000000  0001 0000000000000000  0000 0000000000000000  0000 0000000000000000  0000 0000000000000000
Frame 0918    0001 0000000000000000  0001 0000000000000000  0001 0000000000000000  0001 0000000000000000  0001 0000000000000000  0001 0000000000000000  0001 0000000000000000  0001 0000000000000000  0001 0000000000000000  0000 0000000000000000  0000 0000000000000000  0000 0000000000000000
Frame 0919    0001 0000000000000000  0001 0000000000000000  0001 0000000000000000  0001 0000000000000000  0001 0000000000000000  0001 0000000000000000  0001 0000000000000000  0001 0000000000000000  0001 0000000000000000  0000 0000000000000000  0000 0000000000000000  0000 0000000000000000
Frame 0920    0001 0000000000000000  0001 0000000000000000  0001 0000000000000000  0001 0000000000000000  0001 0000000000000000  0001 0000000000000000  0001 0000000000000000  0001 0000000000000000  0001 0000000000000000  0000 0000000000000000  0000 0000000000000000  0000 0000000000000000
Frame 0921    0001 0000000000000000  0001 0000000000000000  0001 0000000000000000  0001 0000000000000000  0001 0000000000000000  0001 0000000000000000  0001 0000000000000000  0001 0000000000000000  0001 0000000000000000  0000 0000000000000000  0000 0000000000000000  0000 0000000000000000
Frame 0922    0001 0000000000000000  0001 0000000000000000  0001 0000000000000000  0001 0000000000000000  0001 0000000000000000  0001 0000000000000000  0001 0000000000000000  0001 0000000000000000  0001 0000000000000000  0000 0000000000000000  0000 0000000000000000  0000 0000000000000000
Frame 0923    0001 0000000000000000  0001 0000000000000000  0001 0000000000000000  0001 0000000000000000  0001 0000000000000000  0001 0000000000000000  0001 0000000000000000  0001 0000000000000000  0001 0000000000000000  0000 0000000000000000  0000 0000000000000000  0000 0000000000000000
Frame 0924    0001 0000000000000000  0001 0000000000000000  0001 0000000000000000  0001 0000000000000000  0001 0000000000000000  0001 0000000000000000  0001 0000000000000000  0001 0000000000000000  0001 0000000000000000  0000 0000000000000000  0000 0000000000000000  0000 0000000000000000
Frame 0925    0001 0000000000000000  0001 0000000000000000  0001 0000000000000000  0001 0000000000000000  0001 0000000000000000  0001 0000000000000000  0001 0000000000000000  0001 0000000000000000  0001 0000000000000000  0000 0000000000000000  0000 0000000000000000  0000 0000000000000000
Frame 0926    0001 0000000000000000  0001 0000000000000000  0001 0000000000000000  0001 0000000000000000  0001 0000000000000000  0001 0000000000000000  0001 0000000000000000  0001 0000000000000000  0001 0000000000000000  0000 0000000000000000  0000 0000000000000000  0000 0000000000000000
Frame 0927    0001 0000000000000000  0001 0000000000000000  0001 0000000000000000  0001 0000000000000000  0001 0000000000000000  0001 0000000000000000  0001 0000000000000000  0001 0000000000000000  0001 0000000000000000  0000 0000000000000000  0000 0000000000000000  0000 0000000000000000
Frame 0928    0001 0000000000000000  0001 0000000000000000  0001 0000000000000000  0001 0000000000000000  0001 0000000000000000  0001 0000000000000000  0001 0000000000000000  0001 0000000000000000  0001 0000000000000000  0000 0000000000000000  0000 0000000000000000  0000 0000000000000000
Frame 0929    0001 0000000000000000  0001 0000000000000000  0001 0000000000000000  0001 0000000000000000  0001 0000000000000000  0001 0000000000000000  0001 0000000000000000  0001 0000000000000000  0001 0000000000000000  0000 0000000000000000  0000 0000000000000000  0000 0000000000000000
Frame 0930    0001 0000000000000000  0001 0000000000000000  0001 0000000000000000  0001 0000000000000000  0001 0000000000000000  0001 0000000000000000  0001 0000000000000000  0001 0000000000000000  0001 0000000000000000  0000 0000000000000000  0000 0000000000000000  0000 0000000000000000
Frame 0931    0001 0000000000000000  0001 0000000000000000  0001 0000000000000000  0001 0000000000000000  0001 0000000000000000  0001 0000000000000000  0001 0000000000000000  0001 0000000000000000  0001 0000000000000000  0000 0000000000000000  0000 0000000000000000  0000 0000000000000000
Frame 0932    0001 0000000000000000  0001 0000000000000000  0001 0000000000000000  0001 0000000000000000  0001 0000000000000000  0001 0000000000000000  0001 0000000000000000  0001 0000000000000000  0001 0000000000000000  0000 0000000000000000  0000 0000000000000000  0000 0000000000000000
Frame 0933    0001 0000000000000000  0001 0000000000000000  0001 0000000000000000  0001 0000000000000000  0001 0000000000000000  0001 0000000000000000  0001 0000000000000000  0001 0000000000000000  0001 0000000000000000  0000 0000000000000000  0000 0000000000000000  0000 0000000000000000
Frame 0934    0001 0000000000000000  0001 0000000000000000  0001 0000000000000000  0001 0000000000000000  0001 0000000000000000  0001 0000000000000000  0001 0000000000000000  0001 0000000000000000  0001 0000000000000000  0000 0000000000000000  0000 0000000000000000  0000 0000000000000000
Frame 0935    0001 0000000000000000  0001 0000000000000000  0001 0000000000000000  0001 0000000000000000  0001 0000000000000000  0001 0000000000000000  0001 0000000000000000  0001 0000000000000000  0001 0000000000000000  0000 0000000000000000  0000 0000000000000000  0000 0000000000000000
Frame 0936    0001 0000000000000000  0001 0000000000000000  0001 0000000000000000  0001 0000000000000000  0001 0000000000000000  0001 0000000000000000  0001 0000000000000000  0001 0000000000000000  0001 0000000000000000  0000 0000000000000000  0000 0000000000000000  0000 0000000000000000
Frame 0937    0001 0000000000000000  0001 0000000000000000  0001 0000000000000000  0001 0000000000000000  0001 0000000000000000  0001 0000000000000000  0001 0000000000000000  0001 0000000000000000  0001 0000000000000000  0000 0000000000000000  0000 0000000000000000  0000 0000000000000000
Frame 0938    0001 0000000000000000  0001 0000000000000000  0001 0000000000000000  0001 0000000000000000  0001 0000000000000000  0001 0000000000000000  0001 0000000000000000  0001 0000000000000000  0001 0000000000000000  0000 0000000000000000  0000 0000000000000000  0000 0000000000000000
Frame 0939    0001 0000000000000000  0001 0000000000000000  0001 0000000000000000  0001 0000000000000000  0001 0000000000000000  0001 0000000000000000  0001 0000000000000000  0001 0000000000000000  0001 0000000000000000  0000 0000000000000000  0000 0000000000000000  0000 0000000000000000
Frame 0940    0001 0000000000000000  0001 0000000000000000  0001 0000000000000000  0001 0000000000000000  0001 0000000000000000  0001 0000000000000000  0001 0000000000000000  0001 0000000000000000  0001 0000000000000000  0000 0000000000000000  0000 0000000000000000  0000 0000000000000000
Frame 0941    0001 0000000000000000  0001 0000000000000000  0001 0000000000000000  0001 0000000000000000  0001 0000000000000000  0001 0000000000000000  0001 0000000000000000  0001 0000000000000000  0001 0000000000000000  0000 0000000000000000  0000 0000000000000000  0000 0000000000000000
Frame 0942    0001 0000000000000000  0001 0000000000000000  0001 0000000000000000  0001 0000000000000000  0001 0000000000000000  0001 0000000000000000  0001 0000000000000000  0001 0000000000000000  0001 0000000000000000  0000 0000000000000000  0000 0000000000000000  0000 0000000000000000
Frame 0943    0001 0000000000000000  0001 0000000000000000  0001 0000000000000000  0001 0000000000000000  0001 0000000000000000  0001 0000000000000000  0001 0000000000000000  0001 0000000000000000  0001 0000000000000000  0000 0000000000000000  0000 0000000000000000  0000 0000000000000000
Frame 0944    0001 0000000000000000  0001 0000000000000000  0001 0000000000000000  0001 0000000000000000  0001 0000000000000000  0001 0000000000000000  0001 0000000000000000  0001 0000000000000000  0001 0000000000000000  0000 0000000000000000  0000 0000000000000000  0000 0000000000000000
Frame 0945    0001 0000000000000000  0001 0000000000000000  0001 0000000000000000  0001 0000000000000000  0001 0000000000000000  0001 0000000000000000  0001 0000000000000000  0001 0000000000000000  0001 0000000000000000  0000 0000000000000000  0000 0000000000000000  0000 0000000000000000
Frame 0946    0001 0000000000000000  0001 0000000000000000  0001 0000000000000000  0001 0000000000000000  0001 0000000000000000  0001 0000000000000000  0001 0000000000000000  0001 0000000000000000  0001 0000000000000000  0000 0000000000000000  0000 0000000000000000  0000 0000000000000000
Frame 0947    0001 0000000000000000  0001 0000000000000000  0001 0000000000000000  0001 0000000000000000  0001 0000000000000000  0001 0000000000000000  0001 0000000000000000  0001 0000000000000000  0001 0000000000000000  0000 0000000000000000  0000 0000000000000000  0000 0000000000000000
Frame 0948    0001 0000000000000000  0001 0000000000000000  0001 0000000000000000  0001 0000000000000000  0001 0000000000000000  0001 0000000000000000  0001 0000000000000000  0001 0000000000000000  0001 0000000000000000  0000 0000000000000000  0000 0000000000000000  0000 0000000000000000
Frame 0949    0001 0000000000000000  0001 0000000000000000  0001 0000000000000000  0001 0000000000000000  0001 0000000000000000  0001 0000000000000000  0001 0000000000000000  0001 0000000000000000  0001 0000000000000000  0000 0000000000000000  0000 0000000000000000  0000 0000000000000000
Frame 0950    0001 0000000000000000  0001 0000000000000000  0001 0000000000000000  0001 0000000000000000  0001 0000000000000000  0001 0000000000000000  0001 0000000000000000  0001 0000000000000000  0001 0000000000000000  0000 0000000000000000  0000 0000000000000000  0000 0000000000000000
Frame 0951    0001 0000000000000000  0001 0000000000000000  0001 0000000000000000  0001 0000000000000000  0001 0000000000000000  0001 0000000000000000  0001 0000000000000000  0001 0000000000000000  0001 0000000000000000  0000 0000000000000000  0000 0000000000000000  0000 0000000000000000
Frame 0952    0001 0000000000000000  0001 0000000000000000  0001 0000000000000000  0001 0000000000000000  0001 0000000000000000  0001 0000000000000000  0001 0000000000000000  0001 0000000000000000  0001 0000000000000000  0000 0000000000000000  0000 0000000000000000  0000 0000000000000000
Frame 0953    0001 0000000000000000  0001 0000000000000000  0001 0000000000000000  0001 0000000000000000  0001 0000000000000000  0001 0000000000000000  0001 0000000000000000  0001 0000000000000000  0001 0000000000000000  0000 0000000000000000  0000 0000000000000000  0000 0000000000000000
Frame 0954    0001 0000000000000000  0001 0000000000000000  0001 0000000000000000  0001 0000000000000000  0001 0000000000000000  0001 0000000000000000  0001 0000000000000000  0001 0000000000000000  0001 0000000000000000  0000 0000000000000000  0000 0000000000000000  0000 0000000000000000
Frame 0955    0001 0000000000000000  0001 0000000000000000  0001 0000000000000000  0001 0000000000000000  0001 0000000000000000  0001 0000000000000000  0001 0000000000000000  0001 0000000000000000  0001 0000000000000000  0000 0000000000000000  0000 0000000000000000  0000 0000000000000000
Frame 0956    0001 0000000000000000  0001 0000000000000000  0001 0000000000000000  0001 0000000000000000  0001 0000000000000000  0001 0000000000000000  0001 0000000000000000  0001 0000000000000000  0001 0000000000000000  0000 0000000000000000  0000 0000000000000000  0000 0000000000000000
Frame 0957    0001 0000000000000000  0001 0000000000000000  0001 0000000000000000  0001 0000000000000000  0001 0000000000000000  0001 0000000000000000  0001 0000000000000000  0001 0000000000000000  0001 0000000000000000  0000 0000000000000000  0000 0000000000000000  0000 0000000000000000
Frame 0958    0001 0000000000000000  0001 0000000000000000  0001 0000000000000000  0001 0000000000000000  0001 0000000000000000  0001 0000000000000000  0001 0000000000000000  0001 0000000000000000  0001 0000000000000000  0000 0000000000000000  0000 0000000000000000  0000 0000000000000000
Frame 0959    0001 0000000000000000  0001 0000000000000000  0001 0000000000000000  0001 0000000000000000  0001 0000000000000000  0001 0000000000000000  0001 0000000000000000  0001 0000000000000000  0001 0000000000000000  0000 0000000000000000  0000 0000000000000000  0000 0000000000000000
Frame 0960    0001 0000000000000000  0001 0000000000000000  0001 0000000000000000  0001 0000000000000000  0001 0000000000000000  0001 0000000000000000  0001 0000000000000000  0001 0000000000000000  0001 0000000000000000  0000 0000000000000000  0000 0000000000000000  0000 0000000000000000
Frame 0961    0001 0000000000000000  0001 0000000000000000  0001 0000000000000000  0001 0000000000000000  0001 0000000000000000  0001 0000000000000000  0001 0000000000000000  0001 0000000000000000  0001 0000000000000000  0000 0000000000000000  0000 0000000000000000  0000 0000000000000000
Frame 0962    0001 0000000000000000  0001 0000000000000000  0001 0000000000000000  0001 0000000000000000  0001 0000000000000000  0001 0000000000000000  0001 0000000000000000  0001 0000000000000000  0001 0000000000000000  0000 0000000000000000  0000 0000000000000000  0000 0000000000000000
Frame 0963    0001 0000000000000000  0001 0000000000000000  0001 0000000000000000  0001 0000000000000000  0001 0000000000000000  0001 0000000000000000  0001 0000000000000000  0001 0000000000000000  0001 0000000000000000  0000 0000000000000000  0000 0000000000000000  0000 0000000000000000
Frame 0964    0001 0000000000000000  0001 0000000000000000  0001 0000000000000000  0001 0000000000000000  0001 0000000000000000  0001 0000000000000000  0001 0000000000000000  0001 0000000000000000  0001 0000000000000000  0000 0000000000000000  0000 0000000000000000  0000 0000000000000000
Frame 0965    0001 0000000000000000  0001 0000000000000000  0001 0000000000000000  0001 0000000000000000  0001 0000000000000000  0001 0000000000000000  0001 0000000000000000  0001 0000000000000000  0001 0000000000000000  0000 0000000000000000  0000 0000000000000000  0000 0000000000000000
Frame 0966    0001 0000000000000000  0001 0000000000000000  0001 0000000000000000  0001 0000000000000000  0001 0000000000000000  0001 0000000000000000  0001 0000000000000000  0001 0000000000000000  0001 0000000000000000  0000 0000000000000000  0000 0000000000000000  0000 0000000000000000
Frame 0967    0001 0000000000000000  0001 0000000000000000  0001 0000000000000000  0001 0000000000000000  0001 0000000000000000  0001 0000000000000000  0001 0000000000000000  0001 0000000000000000  0001 0000000000000000  0000 0000000000000000  0000 0000000000000000  0000 0000000000000000
Frame 0968    0001 0000000000000000  0001 0000000000000000  0001 0000000000000000  0001 0000000000000000  0001 0000000000000000  0001 0000000000000000  0001 0000000000000000  0001 0000000000000000  0001 0000000000000000  0000 0000000000000000  0000 0000000000000000  0000 0000000000000000
Frame 0969    0001 0000000000000000  0001 0000000000000000  0001 0000000000000000  0001 0000000000000000  0001 0000000000000000  0001 0000000000000000  0001 0000000000000000  0001 0000000000000000  0001 0000000000000000  0000 0000000000000000  0000 0000000000000000  0000 0000000000000000
Frame 0970    0001 0000000000000000  0001 0000000000000000  0001 0000000000000000  0001 0000000000000000  0001 0000000000000000  0001 0000000000000000  0001 0000000000000000  0001 0000000000000000  0001 0000000000000000  0000 0000000000000000  0000 0000000000000000  0000 0000000000000000
Frame 0971    0001 0000000000000000  0001 0000000000000000  0001 0000000000000000  0001 0000000000000000  0001 0000000000000000  0001 0000000000000000  0001 0000000000000000  0001 0000000000000000  0001 0000000000000000  0000 0000000000000000  0000 0000000000000000  0000 0000000000000000
Frame 0972    0000 0000000000000000  0000 0000000000000000  0000 0000000000000000  0000 0000000000000000  0000 0000000000000000  0000 0000000000000000  0000 0000000000000000  0000 0000000000000000  0000 0000000000000000  0000 0000000000000000  0000 0000000000000000  0000 0000000000000000
Frame 0973    0000 0000000000000000  0000 0000000000000000  0000 0000000000000000  0000 0000000000000000  0000 0000000000000000  0000 0000000000000000  0000 0000000000000000  0000 0000000000000000  0000 0000000000000000  0000 0000000000000000  0000 0000000000000000  0000 0000000000000000
Frame 0974    0000 0000000000000000  0000 0000000000000000  0000 0000000000000000  0000 0000000000000000  0000 0000000000000000  0000 0000000000000000  0000 0000000000000000  0000 0000000000000000  0000 0000000000000000  0000 0000000000000000  0000 0000000000000000  0000 0000000000000000
Frame 0975    0000 0000000000000000  0000 0000000000000000  0000 0000000000000000  0000 0000000000000000  0000 0000000000000000  0000 0000000000000000  0000 0000000000000000  0000 0000000000000000  0000 0000000000000000  0000 0000000000000000  0000 0000000000000000  0000 0000000000000000
Frame 0976    0000 0000000000000000  0000 0000000000000000  0000 0000000000000000  0000 0000000000000000  0000 0000000000000000  0000 0000000000000000  0000 0000000000000000  0000 0000000000000000  0000 0000000000000000  0000 0000000000000000  0000 0000000000000000  0000 0000000000000000
Frame 0977    0000 0000000000000000  0000 0000000000000000  0000 0000000000000000  0000 0000000000000000  0000 0000000000000000  0000 0000000000000000  0000 0000000000000000  0000 0000000000000000  0000 0000000000000000  0000 0000000000000000  0000 0000000000000000  0000 0000000000000000
Frame 0978    0001 161bd83a684478be  0001 0000000000000000  0001 0007a83ff0021805  0001 0007d2000ffc1604  0001 0007fe7ff0001604  0001 00042c40400b4ea7  0001 0000000000000000  0001 0000000000000000  0001 0000000000000000  0000 0000000000000000  0000 0000000000000000  0000 0000000000000000
Frame 0979    0001 1c6078940af40b71  0001 00076bffd0000e01  0001 0007a83fdffe0c01  0001 0007e70010000a01  0001 00043b803008083a  0001 0004927fd002083a  0001 0000000000000000  0001 0000000000000000  0001 0000000000000000  0000 0000000000000000  0000 0000000000000000  0000 0000000000000000
Frame 0980    0001 194c58203176369d  0001 00076bc000001a02  0001 0007a8006ffc1802  0001 0007f10010001602  0001 00043c7f900a0c3a  0001 0004904030060c3a  0001 0000000000000000  0001 0000000000000000  0001 0000000000000000  0000 0000000000000000  0000 0000000000000000  0000 0000000000000000
Frame 0981    0001 158d4e78c02cd668  0001 00075c7feffe1808  0001 00076f80000c1808  0001 000788000ff81608  0001 0007a6800ff21608  0001 0007c93ff0081408  0001 0000000000000000  0001 0000000000000000  0001 0000000000000000  0000 0000000000000000  0000 0000000000000000  0000 0000000000000000
Frame 0982    0001 1a4f5b53757d64af  0001 00076bc040041606  0001 0000000000000000  0001 00079fffcff61606  0001 0007bcff8ffe1406  0001 0007e98050041406  0001 0000000000000000  0001 0000000000000000  0001 0000000000000000  0000 0000000000000000  0000 0000000000000000  0000 0000000000000000
Frame 0983    0001 16a13ada2dbe356f  0001 00076bfff0001a02  0001 0007a8002ffe1802  0001 0007f7803ffe1602  0001 00043d3fd0640c3a  0001 00049fc010320c3a  0001 0000000000000000  0001 0000000000000000  0001 0000000000000000  0000 0000000000000000  0000 0000000000000000  0000 0000000000000000
Frame 0984    0001 168d8f4cbaa6d167  0001 0000000000000000  0001 00077240affa1a08  0001 0000000000000000  0001 0007a6ff50101808  0001 0007cd7fcff61608  0001 0007f64060001608  0001 0000000000000000  0001 0000000000000000  0000 0000000000000000  0000 0000000000000000  0000 0000000000000000
Frame 0985    0001 140ebef46a127afe  0001 00076bfffffc1405  0001 0000000000000000  0001 0007cc4040061204  0001 0007f27fdffa1204  0001 00042c7f3fb8e8a7  0001 0000000000000000  0001 0000000000000000  0001 0000000000000000  0000 0000000000000000  0000 0000000000000000  0000 0000000000000000
Frame 0986    0001 159f99ca110e132d  0001 00076bffeffe1001  0001 0007a80030020e01  0001 0007e7bfdffe0c01  0001 00044ac000200a3a  0001 0000000000000000  0001 0000000000000000  0001 0000000000000000  0001 0000000000000000  0000 0000000000000000  0000 0000000000000000  0000 0000000000000000
Frame 0987    0001 1b50e17d86ff7f2c  0001 00076bc03ffe1405  0001 0000000000000000  0001 0007c83fbffc1205  0001 0007e97fe0061205  0001 00041dc02ffc1005  0001 0000000000000000  0001 0000000000000000  0001 0000000000000000  0000 0000000000000000  0000 0000000000000000  0000 0000000000000000
Frame 0988    0001 1c8127838cbd8192  0001 0000000000000000  0001 0000000000000000  0001 0007c9c00ff60e04  0001 0007eeffd0060e04  0001 000425000ffa0c04  0001 00045ec02020b4a7  0001 0000000000000000  0001 0000000000000000  0000 0000000000000000  0000 0000000000000000  0000 0000000000000000
Frame 0989    0001 17147a2e552c63e7  0001 0000000000000000  0001 0007a83ffffe1804  0001 0000000000000000  0001 000403000ffe1604  0001 0004387edf874e90  0001 000477bcb0054e90  0001 0000000000000000  0001 0000000000000000  0000 0000000000000000  0000 0000000000000000  0000 0000000000000000
Frame 0990    0001 1b516796ab46c307  0001 00076bffcff61408  0001 00077940400e1608  0001 000791401ff81408  0001 0007b37fe0001208  0001 0000000000000000  0001 0000000000000000  0001 0000000000000000  0001 0000000000000000  0000 0000000000000000  0000 0000000000000000  0000 0000000000000000
Frame 0991    0001 16f2795ffa77f1d1  0001 00076bffbffe1201  0001 0007a80010001001  0001 0007e9c03ffe0e01  0001 0000000000000000  0001 0004907fe0740c3a  0001 0000000000000000  0001 0000000000000000  0001 0000000000000000  0000 0000000000000000  0000 0000000000000000  0000 0000000000000000
Frame 0992    0001 160dcd5beaf1e976  0001 00076bc010001201  0001 0007a83fdffe1001  0001 0007f5c000000e01  0001 0000000000000000  0001 000490bff00c0c3a  0001 0000000000000000  0001 0000000000000000  0001 0000000000000000  0000 0000000000000000  0000 0000000000000000  0000 0000000000000000
Frame 0993    0001 11f4e585dc6dd5f0  0001 00076bc000000c02  0001 0007a83feffe0a02  0001 0007fa0000000802  0001 00044c3fffb8043a  0001 0000000000000000  0001 0000000000000000  0001 0000000000000000  0001 0000000000000000  0000 0000000000000000  0000 0000000000000000  0000 0000000000000000
Frame 0994    0001 11e6cfef38772359  0001 0000000000000000  0001 00076d402ffc0e08  0001 0007843fd0060c08  0001 0007a0fffffe0c08  0001 0007c4000ffe0a08  0001 0000000000000000  0001 0000000000000000  0001 0000000000000000  0000 0000000000000000  0000 0000000000000000  0000 0000000000000000
Frame 0995    0001 122e70013ee526db  0001 0000000000000000  0001 00076d80a01a1008  0001 000784005ff60e08  0001 0007a0fecfcc0e08  0001 0007c680701e0c08  0001 0000000000000000  0001 0000000000000000  0001 0000000000000000  0000 0000000000000000  0000 0000000000000000  0000 0000000000000000
Frame 0996    0001 1597c9c8108e1305  0001 0000000000000000  0001 0007ab0010020e01  0001 0007e78010020c01  0001 0000000000000000  0001 000498ff8fc00a3a  0001 000506803050083a  0001 0000000000000000  0001 0000000000000000  0000 0000000000000000  0000 0000000000000000  0000 0000000000000000
Frame 0997    0001 0000000000000000  0001 0000000000000000  0001 0000000000000000  0001 0000000000000000  0001 0000000000000000  0001 0000000000000000  0001 0000000000000000  0001 0000000000000000  0001 0000000000000000  0000 0000000000000000  0000 0000000000000000  0000 0000000000000000
Frame 0998    0001 0000000000000000  0001 0000000000000000  0001 0000000000000000  0001 0000000000000000  0001 0000000000000000  0001 0000000000000000  0001 0000000000000000  0001 0000000000000000  0001 0000000000000000  0000 0000000000000000  0000 0000000000000000  0000 0000000000000000
Frame 0999    0001 0000000000000000  0001 0000000000000000  0001 0000000000000000  0001 0000000000000000  0001 0000000000000000  0001 0000000000000000  0001 0000000000000000  0001 0000000000000000  0001 0000000000000000  0000 0000000000000000  0000 0000000000000000  0000 0000000000000000
Frame 1000    0001 0000000000000000  0001 0000000000000000  0001 0000000000000000  0001 0000000000000000  0001 0000000000000000  0001 0000000000000000  0001 0000000000000000  0001 0000000000000000  0001 0000000000000000  0000 0000000000000000  0000 0000000000000000  0000 0000000000000000
Frame 1001    0001 0000000000000000  0001 0000000000000000  0001 0000000000000000  0001 0000000000000000  0001 0000000000000000  0001 0000000000000000  0001 0000000000000000  0001 0000000000000000  0001 0000000000000000  0000 0000000000000000  0000 0000000000000000  0000 0000000000000000
Frame 1002    0001 0000000000000000  0001 0000000000000000  0001 0000000000000000  0001 0000000000000000  0001 0000000000000000  0001 0000000000000000  0001 0000000000000000  0001 0000000000000000  0001 0000000000000000  0000 0000000000000000  0000 0000000000000000  0000 0000000000000000
Frame 1003    0001 0000000000000000  0001 0000000000000000  0001 0000000000000000  0001 0000000000000000  0001 0000000000000000  0001 0000000000000000  0001 0000000000000000  0001 0000000000000000  0001 0000000000000000  0000 0000000000000000  0000 0000000000000000  0000 0000000000000000
Frame 1004    0001 0000000000000000  0001 0000000000000000  0001 0000000000000000  0001 0000000000000000  0001 0000000000000000  0001 0000000000000000  0001 0000000000000000  0001 0000000000000000  0001 0000000000000000  0000 0000000000000000  0000 0000000000000000  0000 0000000000000000
Frame 1005    0001 0000000000000000  0001 0000000000000000  0001 0000000000000000  0001 0000000000000000  0001 0000000000000000  0001 0000000000000000  0001 0000000000000000  0001 0000000000000000  0001 0000000000000000  0000 0000000000000000  0000 0000000000000000  0000 0000000000000000
Frame 1006    0001 0000000000000000  0001 0000000000000000  0001 0000000000000000  0001 0000000000000000  0001 0000000000000000  0001 0000000000000000  0001 0000000000000000  0001 0000000000000000  0001 0000000000000000  0000 0000000000000000  0000 0000000000000000  0000 0000000000000000
Frame 1007    0001 0000000000000000  0001 0000000000000000  0001 0000000000000000  0001 0000000000000000  0001 0000000000000000  0001 0000000000000000  0001 0000000000000000  0001 0000000000000000  0001 0000000000000000  0000 0000000000000000  0000 0000000000000000  0000 0000000000000000
Frame 1008    0001 0000000000000000  0001 0000000000000000  0001 0000000000000000  0001 0000000000000000  0001 0000000000000000  0001 0000000000000000  0001 0000000000000000  0001 0000000000000000  0001 0000000000000000  0000 0000000000000000  0000 0000000000000000  0000 0000000000000000
Frame 1009    0001 0000000000000000  0001 0000000000000000  0001 0000000000000000  0001 0000000000000000  0001 0000000000000000  0001 0000000000000000  0001 0000000000000000  0001 0000000000000000  0001 0000000000000000  0000 0000000000000000  0000 0000000000000000  0000 0000000000000000
Frame 1010    0001 0000000000000000  0001 0000000000000000  0001 0000000000000000  0001 0000000000000000  0001 0000000000000000  0001 0000000000000000  0001 0000000000000000  0001 0000000000000000  0001 0000000000000000  0000 0000000000000000  0000 0000000000000000  0000 0000000000000000
Frame 1011    0001 0000000000000000  0001 0000000000000000  0001 0000000000000000  0001 0000000000000000  0001 0000000000000000  0001 0000000000000000  0001 0000000000000000  0001 0000000000000000  0001 0000000000000000  0000 0000000000000000  0000 0000000000000000  0000 0000000000000000
Frame 1012    0001 0000000000000000  0001 0000000000000000  0001 0000000000000000  0001 0000000000000000  0001 0000000000000000  0001 0000000000000000  0001 0000000000000000  0001 0000000000000000  0001 0000000000000000  0000 0000000000000000  0000 0000000000000000  0000 0000000000000000
Frame 1013    0001 0000000000000000  0001 0000000000000000  0001 0000000000000000  0001 0000000000000000  0001 0000000000000000  0001 0000000000000000  0001 0000000000000000  0001 0000000000000000  0001 0000000000000000  0000 0000000000000000  0000 0000000000000000  0000 0000000000000000
Frame 1014    0001 0000000000000000  0001 0000000000000000  0001 0000000000000000  0001 0000000000000000  0001 0000000000000000  0001 0000000000000000  0001 0000000000000000  0001 0000000000000000  0001 0000000000000000  0000 0000000000000000  0000 0000000000000000  0000 0000000000000000
Frame 1015    0001 0000000000000000  0001 0000000000000000  0001 0000000000000000  0001 0000000000000000  0001 0000000000000000  0001 0000000000000000  0001 0000000000000000  0001 0000000000000000  0001 0000000000000000  0000 0000000000000000  0000 0000000000000000  0000 0000000000000000
Frame 1016    0001 0000000000000000  0001 0000000000000000  0001 0000000000000000  0001 0000000000000000  0001 0000000000000000  0001 0000000000000000  0001 0000000000000000  0001 0000000000000000  0001 0000000000000000  0000 0000000000000000  0000 0000000000000000  0000 0000000000000000
Frame 1017    0001 0000000000000000  0001 0000000000000000  0001 0000000000000000  0001 0000000000000000  0001 0000000000000000  0001 0000000000000000  0001 0000000000000000  0001 0000000000000000  0001 0000000000000000  0000 0000000000000000  0000 0000000000000000  0000 0000000000000000
Frame 1018    0001 0000000000000000  0001 0000000000000000  0001 0000000000000000  0001 0000000000000000  0001 0000000000000000  0001 0000000000000000  0001 0000000000000000  0001 0000000000000000  0001 0000000000000000  0000 0000000000000000  0000 0000000000000000  0000 0000000000000000
Frame 1019    0001 0000000000000000  0001 0000000000000000  0001 0000000000000000  0001 0000000000000000  0001 0000000000000000  0001 0000000000000000  0001 0000000000000000  0001 0000000000000000  0001 0000000000000000  0000 0000000000000000  0000 0000000000000000  0000 0000000000000000
Frame 1020    0001 0000000000000000  0001 0000000000000000  0001 0000000000000000  0001 0000000000000000  0001 0000000000000000  0001 0000000000000000  0001 0000000000000000  0001 0000000000000000  0001 0000000000000000  0000 0000000000000000  0000 0000000000000000  0000 0000000000000000
Frame 1021    0001 0000000000000000  0001 0000000000000000  0001 0000000000000000  0001 0000000000000000  0001 0000000000000000  0001 0000000000000000  0001 0000000000000000  0001 0000000000000000  0001 0000000000000000  0000 0000000000000000  0000 0000000000000000  0000 0000000000000000
Frame 1022    0001 0000000000000000  0001 0000000000000000  0001 0000000000000000  0001 0000000000000000  0001 0000000000000000  0001 0000000000000000  0001 0000000000000000  0001 0000000000000000  0001 0000000000000000  0000 0000000000000000  0000 0000000000000000  0000 0000000000000000
Frame 1023    0001 0000000000000000  0001 0000000000000000  0001 0000000000000000  0001 0000000000000000  0001 0000000000000000  0001 0000000000000000  0001 0000000000000000  0001 0000000000000000  0001 0000000000000000  0000 0000000000000000  0000 0000000000000000  0000 0000000000000000
Frame 1024    0001 0000000000000000  0001 0000000000000000  0001 0000000000000000  0001 0000000000000000  0001 0000000000000000  0001 0000000000000000  0001 0000000000000000  0001 0000000000000000  0001 0000000000000000  0000 0000000000000000  0000 0000000000000000  0000 0000000000000000
Frame 1025    0001 0000000000000000  0001 0000000000000000  0001 0000000000000000  0001 0000000000000000  0001 0000000000000000  0001 0000000000000000  0001 0000000000000000  0001 0000000000000000  0001 0000000000000000  0000 0000000000000000  0000 0000000000000000  0000 0000000000000000
Frame 1026    0001 0000000000000000  0001 0000000000000000  0001 0000000000000000  0001 0000000000000000  0001 0000000000000000  0001 0000000000000000  0001 0000000000000000  0001 0000000000000000  0001 0000000000000000  0000 0000000000000000  0000 0000000000000000  0000 0000000000000000
Frame 1027    0001 0000000000000000  0001 0000000000000000  0001 0000000000000000  0001 0000000000000000  0001 0000000000000000  0001 0000000000000000  0001 0000000000000000  0001 0000000000000000  0001 0000000000000000  0000 0000000000000000  0000 0000000000000000  0000 0000000000000000
Frame 1028    0001 0000000000000000  0001 0000000000000000  0001 0000000000000000  0001 0000000000000000  0001 0000000000000000  0001 0000000000000000  0001 0000000000000000  0001 0000000000000000  0001 0000000000000000  0000 0000000000000000  0000 0000000000000000  0000 0000000000000000
Frame 1029    0001 0000000000000000  0001 0000000000000000  0001 0000000000000000  0001 0000000000000000  0001 0000000000000000  0001 0000000000000000  0001 0000000000000000  0001 0000000000000000  0001 0000000000000000  0000 0000000000000000  0000 0000000000000000  0000 0000000000000000
Frame 1030    0001 0000000000000000  0001 0000000000000000  0001 0000000000000000  0001 0000000000000000  0001 0000000000000000  0001 0000000000000000  0001 0000000000000000  0001 0000000000000000  0001 0000000000000000  0000 0000000000000000  0000 0000000000000000  0000 0000000000000000
Frame 1031    0001 0000000000000000  0001 0000000000000000  0001 0000000000000000  0001 0000000000000000  0001 0000000000000000  0001 0000000000000000  0001 0000000000000000  0001 0000000000000000  0001 0000000000000000  0000 0000000000000000  0000 0000000000000000  0000 0000000000000000
Frame 1032    0001 0000000000000000  0001 0000000000000000  0001 0000000000000000  0001 0000000000000000  0001 0000000000000000  0001 0000000000000000  0001 0000000000000000  0001 0000000000000000  0001 0000000000000000  0000 0000000000000000  0000 0000000000000000  0000 0000000000000000
Frame 1033    0001 0000000000000000  0001 0000000000000000  0001 0000000000000000  0001 0000000000000000  0001 0000000000000000  0001 0000000000000000  0001 0000000000000000  0001 0000000000000000  0001 0000000000000000  0000 0000000000000000  0000 0000000000000000  0000 0000000000000000
Frame 1034    0001 0000000000000000  0001 0000000000000000  0001 0000000000000000  0001 0000000000000000  0001 0000000000000000  0001 0000000000000000  0001 0000000000000000  0001 0000000000000000  0001 0000000000000000  0000 0000000000000000  0000 0000000000000000  0000 0000000000000000
Frame 1035    0001 0000000000000000  0001 0000000000000000  0001 0000000000000000  0001 0000000000000000  0001 0000000000000000  0001 0000000000000000  0001 0000000000000000  0001 0000000000000000  0001 0000000000000000  0000 0000000000000000  0000 0000000000000000  0000 0000000000000000
Frame 1036    0001 0000000000000000  0001 0000000000000000  0001 0000000000000000  0001 0000000000000000  0001 0000000000000000  0001 0000000000000000  0001 0000000000000000  0001 0000000000000000  0001 0000000000000000  0000 0000000000000000  0000 0000000000000000  0000 0000000000000000
Frame 1037    0001 0000000000000000  0001 0000000000000000  0001 0000000000000000  0001 0000000000000000  0001 0000000000000000  0001 0000000000000000  0001 0000000000000000  0001 0000000000000000  0001 0000000000000000  0000 0000000000000000  0000 0000000000000000  0000 0000000000000000
Frame 1038    0001 0000000000000000  0001 0000000000000000  0001 0000000000000000  0001 0000000000000000  0001 0000000000000000  0001 0000000000000000  0001 0000000000000000  0001 0000000000000000  0001 0000000000000000  0000 0000000000000000  0000 0000000000000000  0000 0000000000000000
Frame 1039    0001 0000000000000000  0001 0000000000000000  0001 0000000000000000  0001 0000000000000000  0001 0000000000000000  0001 0000000000000000  0001 0000000000000000  0001 0000000000000000  0001 0000000000000000  0000 0000000000000000  0000 0000000000000000  0000 0000000000000000
Frame 1040    0001 0000000000000000  0001 0000000000000000  0001 0000000000000000  0001 0000000000000000  0001 0000000000000000  0001 0000000000000000  0001 0000000000000000  0001 0000000000000000  0001 0000000000000000  0000 0000000000000000  0000 0000000000000000  0000 0000000000000000
Frame 1041    0001 0000000000000000  0001 0000000000000000  0001 0000000000000000  0001 0000000000000000  0001 0000000000000000  0001 0000000000000000  0001 0000000000000000  0001 0000000000000000  0001 0000000000000000  0000 0000000000000000  0000 0000000000000000  0000 0000000000000000
Frame 1042    0001 0000000000000000  0001 0000000000000000  0001 0000000000000000  0001 0000000000000000  0001 0000000000000000  0001 0000000000000000  0001 0000000000000000  0001 0000000000000000  0001 0000000000000000  0000 0000000000000000  0000 0000000000000000  0000 0000000000000000
Frame 1043    0001 0000000000000000  0001 0000000000000000  0001 0000000000000000  0001 0000000000000000  0001 0000000000000000  0001 0000000000000000  0001 0000000000000000  0001 0000000000000000  0001 0000000000000000  0000 0000000000000000  0000 0000000000000000  0000 0000000000000000
Frame 1044    0001 0000000000000000  0001 0000000000000000  0001 0000000000000000  0001 0000000000000000  0001 0000000000000000  0001 0000000000000000  0001 0000000000000000  0001 0000000000000000  0001 0000000000000000  0000 0000000000000000  0000 0000000000000000  0000 0000000000000000
Frame 1045    0001 0000000000000000  0001 0000000000000000  0001 0000000000000000  0001 0000000000000000  0001 0000000000000000  0001 0000000000000000  0001 0000000000000000  0001 0000000000000000  0001 0000000000000000  0000 0000000000000000  0000 0000000000000000  0000 0000000000000000
Frame 1046    0001 0000000000000000  0001 0000000000000000  0001 0000000000000000  0001 0000000000000000  0001 0000000000000000  0001 0000000000000000  0001 0000000000000000  0001 0000000000000000  0001 0000000000000000  0000 0000000000000000  0000 0000000000000000  0000 0000000000000000
Frame 1047    0001 0000000000000000  0001 0000000000000000  0001 0000000000000000  0001 0000000000000000  0001 0000000000000000  0001 0000000000000000  0001 0000000000000000  0001 0000000000000000  0001 0000000000000000  0000 0000000000000000  0000 0000000000000000  0000 0000000000000000
Frame 1048    0001 0000000000000000  0001 0000000000000000  0001 0000000000000000  0001 0000000000000000  0001 0000000000000000  0001 0000000000000000  0001 0000000000000000  0001 0000000000000000  0001 0000000000000000  0000 0000000000000000  0000 0000000000000000  0000 0000000000000000
Frame 1049    0001 0000000000000000  0001 0000000000000000  0001 0000000000000000  0001 0000000000000000  0001 0000000000000000  0001 0000000000000000  0001 0000000000000000  0001 0000000000000000  0001 0000000000000000  0000 0000000000000000  0000 0000000000000000  0000 0000000000000000
Frame 1050    0001 0000000000000000  0001 0000000000000000  0001 0000000000000000  0001 0000000000000000  0001 0000000000000000  0001 0000000000000000  0001 0000000000000000  0001 0000000000000000  0001 0000000000000000  0000 0000000000000000  0000 0000000000000000  0000 0000000000000000
Frame 1051    0001 0000000000000000  0001 0000000000000000  0001 0000000000000000  0001 0000000000000000  0001 0000000000000000  0001 0000000000000000  0001 0000000000000000  0001 0000000000000000  0001 0000000000000000  0000 0000000000000000  0000 0000000000000000  0000 0000000000000000
Frame 1052    0001 0000000000000000  0001 0000000000000000  0001 0000000000000000  0001 0000000000000000  0001 0000000000000000  0001 0000000000000000  0001 0000000000000000  0001 0000000000000000  0001 0000000000000000  0000 0000000000000000  0000 0000000000000000  0000 0000000000000000
Frame 1053    0001 0000000000000000  0001 0000000000000000  0001 0000000000000000  0001 0000000000000000  0001 0000000000000000  0001 0000000000000000  0001 0000000000000000  0001 0000000000000000  0001 0000000000000000  0000 0000000000000000  0000 0000000000000000  0000 0000000000000000
Frame 1054    0001 0000000000000000  0001 0000000000000000  0001 0000000000000000  0001 0000000000000000  0001 0000000000000000  0001 0000000000000000  0001 0000000000000000  0001 0000000000000000  0001 0000000000000000  0000 0000000000000000  0000 0000000000000000  0000 0000000000000000
Frame 1055    0001 0000000000000000  0001 0000000000000000  0001 0000000000000000  0001 0000000000000000  0001 0000000000000000  0001 0000000000000000  0001 0000000000000000  0001 0000000000000000  0001 0000000000000000  0000 0000000000000000  0000 0000000000000000  0000 0000000000000000
Frame 1056    0001 0000000000000000  0001 0000000000000000  0001 0000000000000000  0001 0000000000000000  0001 0000000000000000  0001 0000000000000000  0001 0000000000000000  0001 0000000000000000  0001 0000000000000000  0000 0000000000000000  0000 0000000000000000  0000 0000000000000000
Frame 1057    0001 0000000000000000  0001 0000000000000000  0001 0000000000000000  0001 0000000000000000  0001 0000000000000000  0001 0000000000000000  0001 0000000000000000  0001 0000000000000000  0001 0000000000000000  0000 0000000000000000  0000 0000000000000000  0000 0000000000000000
Frame 1058    0001 0000000000000000  0001 0000000000000000  0001 0000000000000000  0001 0000000000000000  0001 0000000000000000  0001 0000000000000000  0001 0000000000000000  0001 0000000000000000  0001 0000000000000000  0000 0000000000000000  0000 0000000000000000  0000 0000000000000000
Frame 1059    0001 0000000000000000  0001 0000000000000000  0001 0000000000000000  0001 0000000000000000  0001 0000000000000000  0001 0000000000000000  0001 0000000000000000  0001 0000000000000000  0001 0000000000000000  0000 0000000000000000  0000 0000000000000000  0000 0000000000000000
Frame 1060    0001 0000000000000000  0001 0000000000000000  0001 0000000000000000  0001 0000000000000000  0001 0000000000000000  0001 0000000000000000  0001 0000000000000000  0001 0000000000000000  0001 0000000000000000  0000 0000000000000000  0000 0000000000000000  0000 0000000000000000
Frame 1061    0001 0000000000000000  0001 0000000000000000  0001 0000000000000000  0001 0000000000000000  0001 0000000000000000  0001 0000000000000000  0001 0000000000000000  0001 0000000000000000  0001 0000000000000000  0000 0000000000000000  0000 0000000000000000  0000 0000000000000000
Frame 1062    0001 0000000000000000  0001 0000000000000000  0001 0000000000000000  0001 0000000000000000  0001 0000000000000000  0001 0000000000000000  0001 0000000000000000  0001 0000000000000000  0001 0000000000000000  0000 0000000000000000  0000 0000000000000000  0000 0000000000000000
Frame 1063    0001 0000000000000000  0001 0000000000000000  0001 0000000000000000  0001 0000000000000000  0001 0000000000000000  0001 0000000000000000  0001 0000000000000000  0001 0000000000000000  0001 0000000000000000  0000 0000000000000000  0000 0000000000000000  0000 0000000000000000
Frame 1064    0001 0000000000000000  0001 0000000000000000  0001 0000000000000000  0001 0000000000000000  0001 0000000000000000  0001 0000000000000000  0001 0000000000000000  0001 0000000000000000  0001 0000000000000000  0000 0000000000000000  0000 0000000000000000  0000 0000000000000000
Frame 1065    0001 0000000000000000  0001 0000000000000000  0001 0000000000000000  0001 0000000000000000  0001 0000000000000000  0001 0000000000000000  0001 0000000000000000  0001 0000000000000000  0001 0000000000000000  0000 0000000000000000  0000 0000000000000000  0000 0000000000000000
Frame 1066    0001 0000000000000000  0001 0000000000000000  0001 0000000000000000  0001 0000000000000000  0001 0000000000000000  0001 0000000000000000  0001 0000000000000000  0001 0000000000000000  0001 0000000000000000  0000 0000000000000000  0000 0000000000000000  0000 0000000000000000
Frame 1067    0001 0000000000000000  0001 0000000000000000  0001 0000000000000000  0001 0000000000000000  0001 0000000000000000  0001 0000000000000000  0001 0000000000000000  0001 0000000000000000  0001 0000000000000000  0000 0000000000000000  0000 0000000000000000  0000 0000000000000000
Frame 1068    0001 0000000000000000  0001 0000000000000000  0001 0000000000000000  0001 0000000000000000  0001 0000000000000000  0001 0000000000000000  0001 0000000000000000  0001 0000000000000000  0001 0000000000000000  0000 0000000000000000  0000 0000000000000000  0000 0000000000000000
Frame 1069    0001 0000000000000000  0001 0000000000000000  0001 0000000000000000  0001 0000000000000000  0001 0000000000000000  0001 0000000000000000  0001 0000000000000000  0001 0000000000000000  0001 0000000000000000  0000 0000000000000000  0000 0000000000000000  0000 0000000000000000
Frame 1070    0001 0000000000000000  0001 0000000000000000  0001 0000000000000000  0001 0000000000000000  0001 0000000000000000  0001 0000000000000000  0001 0000000000000000  0001 0000000000000000  0001 0000000000000000  0000 0000000000000000  0000 0000000000000000  0000 0000000000000000
Frame 1071    0001 0000000000000000  0001 0000000000000000  0001 0000000000000000  0001 0000000000000000  0001 0000000000000000  0001 0000000000000000  0001 0000000000000000  0001 0000000000000000  0001 0000000000000000  0000 0000000000000000  0000 0000000000000000  0000 0000000000000000
Frame 1072    0001 0000000000000000  0001 0000000000000000  0001 0000000000000000  0001 0000000000000000  0001 0000000000000000  0001 0000000000000000  0001 0000000000000000  0001 0000000000000000  0001 0000000000000000  0000 0000000000000000  0000 0000000000000000  0000 0000000000000000
Frame 1073    0001 0000000000000000  0001 0000000000000000  0001 0000000000000000  0001 0000000000000000  0001 0000000000000000  0001 0000000000000000  0001 0000000000000000  0001 0000000000000000  0001 0000000000000000  0000 0000000000000000  0000 0000000000000000  0000 0000000000000000
Frame 1074    0001 0000000000000000  0001 0000000000000000  0001 0000000000000000  0001 0000000000000000  0001 0000000000000000  0001 0000000000000000  0001 0000000000000000  0001 0000000000000000  0001 0000000000000000  0000 0000000000000000  0000 0000000000000000  0000 0000000000000000
Frame 1075    0001 0000000000000000  0001 0000000000000000  0001 0000000000000000  0001 0000000000000000  0001 0000000000000000  0001 0000000000000000  0001 0000000000000000  0001 0000000000000000  0001 0000000000000000  0000 0000000000000000  0000 0000000000000000  0000 0000000000000000
Frame 1076    0001 0000000000000000  0001 0000000000000000  0001 0000000000000000  0001 0000000000000000  0001 0000000000000000  0001 0000000000000000  0001 0000000000000000  0001 0000000000000000  0001 0000000000000000  0000 0000000000000000  0000 0000000000000000  0000 0000000000000000
Frame 1077    0001 0000000000000000  0001 0000000000000000  0001 0000000000000000  0001 0000000000000000  0001 0000000000000000  0001 0000000000000000  0001 0000000000000000  0001 0000000000000000  0001 0000000000000000  0000 0000000000000000  0000 0000000000000000  0000 0000000000000000
Frame 1078    0001 0000000000000000  0001 0000000000000000  0001 0000000000000000  0001 0000000000000000  0001 0000000000000000  0001 0000000000000000  0001 0000000000000000  0001 0000000000000000  0001 0000000000000000  0000 0000000000000000  0000 0000000000000000  0000 0000000000000000
Frame 1079    0001 0000000000000000  0001 0000000000000000  0001 0000000000000000  0001 0000000000000000  0001 0000000000000000  0001 0000000000000000  0001 0000000000000000  0001 0000000000000000  0001 0000000000000000  0000 0000000000000000  0000 0000000000000000  0000 0000000000000000
Frame 1080    0001 0000000000000000  0001 0000000000000000  0001 0000000000000000  0001 0000000000000000  0001 0000000000000000  0001 0000000000000000  0001 0000000000000000  0001 0000000000000000  0001 0000000000000000  0000 0000000000000000  0000 0000000000000000  0000 0000000000000000
Frame 1081    0001 0000000000000000  0001 0000000000000000  0001 0000000000000000  0001 0000000000000000  0001 0000000000000000  0001 0000000000000000  0001 0000000000000000  0001 0000000000000000  0001 0000000000000000  0000 0000000000000000  0000 0000000000000000  0000 0000000000000000
Frame 1082    0001 0000000000000000  0001 0000000000000000  0001 0000000000000000  0001 0000000000000000  0001 0000000000000000  0001 0000000000000000  0001 0000000000000000  0001 0000000000000000  0001 0000000000000000  0000 0000000000000000  0000 0000000000000000  0000 0000000000000000
Frame 1083    0001 0000000000000000  0001 0000000000000000  0001 0000000000000000  0001 0000000000000000  0001 0000000000000000  0001 0000000000000000  0001 0000000000000000  0001 0000000000000000  0001 0000000000000000  0000 0000000000000000  0000 0000000000000000  0000 0000000000000000
Frame 1084    0001 0000000000000000  0001 0000000000000000  0001 0000000000000000  0001 0000000000000000  0001 0000000000000000  0001 0000000000000000  0001 0000000000000000  0001 0000000000000000  0001 0000000000000000  0000 0000000000000000  0000 0000000000000000  0000 0000000000000000
Frame 1085    0001 0000000000000000  0001 0000000000000000  0001 0000000000000000  0001 0000000000000000  0001 0000000000000000  0001 0000000000000000  0001 0000000000000000  0001 0000000000000000  0001 0000000000000000  0000 0000000000000000  0000 0000000000000000  0000 0000000000000000
Frame 1086    0001 0000000000000000  0001 0000000000000000  0001 0000000000000000  0001 0000000000000000  0001 0000000000000000  0001 0000000000000000  0001 0000000000000000  0001 0000000000000000  0001 0000000000000000  0000 0000000000000000  0000 0000000000000000  0000 0000000000000000
Frame 1087    0001 0000000000000000  0001 0000000000000000  0001 0000000000000000  0001 0000000000000000  0001 0000000000000000  0001 0000000000000000  0001 0000000000000000  0001 0000000000000000  0001 0000000000000000  0000 0000000000000000  0000 0000000000000000  0000 0000000000000000
Frame 1088    0001 0000000000000000  0001 0000000000000000  0001 0000000000000000  0001 0000000000000000  0001 0000000000000000  0001 0000000000000000  0001 0000000000000000  0001 0000000000000000  0001 0000000000000000  0000 0000000000000000  0000 0000000000000000  0000 0000000000000000
Frame 1089    0001 0000000000000000  0001 0000000000000000  0001 0000000000000000  0001 0000000000000000  0001 0000000000000000  0001 0000000000000000  0001 0000000000000000  0001 0000000000000000  0001 0000000000000000  0000 0000000000000000  0000 0000000000000000  0000 0000000000000000
Frame 1090    0001 0000000000000000  0001 0000000000000000  0001 0000000000000000  0001 0000000000000000  0001 0000000000000000  0001 0000000000000000  0001 0000000000000000  0001 0000000000000000  0001 0000000000000000  0000 0000000000000000  0000 0000000000000000  0000 0000000000000000
Frame 1091    0001 0000000000000000  0001 0000000000000000  0001 0000000000000000  0001 0000000000000000  0001 0000000000000000  0001 0000000000000000  0001 0000000000000000  0001 0000000000000000  0001 0000000000000000  0000 0000000000000000  0000 0000000000000000  0000 0000000000000000
Frame 1092    0001 0000000000000000  0001 0000000000000000  0001 0000000000000000  0001 0000000000000000  0001 0000000000000000  0001 0000000000000000  0001 0000000000000000  0001 0000000000000000  0001 0000000000000000  0000 0000000000000000  0000 0000000000000000  0000 0000000000000000
Frame 1093    0001 0000000000000000  0001 0000000000000000  0001 0000000000000000  0001 0000000000000000  0001 0000000000000000  0001 0000000000000000  0001 0000000000000000  0001 0000000000000000  0001 0000000000000000  0000 0000000000000000  0000 0000000000000000  0000 0000000000000000
Frame 1094    0001 0000000000000000  0001 0000000000000000  0001 0000000000000000  0001 0000000000000000  0001 0000000000000000  0001 0000000000000000  0001 0000000000000000  0001 0000000000000000  0001 0000000000000000  0000 0000000000000000  0000 0000000000000000  0000 0000000000000000
Frame 1095    0001 0000000000000000  0001 0000000000000000  0001 0000000000000000  0001 0000000000000000  0001 0000000000000000  0001 0000000000000000  0001 0000000000000000  0001 0000000000000000  0001 0000000000000000  0000 0000000000000000  0000 0000000000000000  0000 0000000000000000
Frame 1096    0001 0000000000000000  0001 0000000000000000  0001 0000000000000000  0001 0000000000000000  0001 0000000000000000  0001 0000000000000000  0001 0000000000000000  0001 0000000000000000  0001 0000000000000000  0000 0000000000000000  0000 0000000000000000  0000 0000000000000000
Frame 1097    0001 0000000000000000  0001 0000000000000000  0001 0000000000000000  0001 0000000000000000  0001 0000000000000000  0001 0000000000000000  0001 0000000000000000  0001 0000000000000000  0001 0000000000000000  0000 0000000000000000  0000 0000000000000000  0000 0000000000000000
Frame 1098    0001 0000000000000000  0001 0000000000000000  0001 0000000000000000  0001 0000000000000000  0001 0000000000000000  0001 0000000000000000  0001 0000000000000000  0001 0000000000000000  0001 0000000000000000  0000 0000000000000000  0000 0000000000000000  0000 0000000000000000
Frame 1099    0001 0000000000000000  0001 0000000000000000  0001 0000000000000000  0001 0000000000000000  0001 0000000000000000  0001 0000000000000000  0001 0000000000000000  0001 0000000000000000  0001 0000000000000000  0000 0000000000000000  0000 0000000000000000  0000 0000000000000000
Frame 1100    0001 0000000000000000  0001 0000000000000000  0001 0000000000000000  0001 0000000000000000  0001 0000000000000000  0001 0000000000000000  0001 0000000000000000  0001 0000000000000000  0001 0000000000000000  0000 0000000000000000  0000 0000000000000000  0000 0000000000000000
Frame 1101    0001 0000000000000000  0001 0000000000000000  0001 0000000000000000  0001 0000000000000000  0001 0000000000000000  0001 0000000000000000  0001 0000000000000000  0001 0000000000000000  0001 0000000000000000  0000 0000000000000000  0000 0000000000000000  0000 0000000000000000
Frame 1102    0001 0000000000000000  0001 0000000000000000  0001 0000000000000000  0001 0000000000000000  0001 0000000000000000  0001 0000000000000000  0001 0000000000000000  0001 0000000000000000  0001 0000000000000000  0000 0000000000000000  0000 0000000000000000  0000 0000000000000000
Frame 1103    0001 0000000000000000  0001 0000000000000000  0001 0000000000000000  0001 0000000000000000  0001 0000000000000000  0001 0000000000000000  0001 0000000000000000  0001 0000000000000000  0001 0000000000000000  0000 0000000000000000  0000 0000000000000000  0000 0000000000000000
Frame 1104    0001 0000000000000000  0001 0000000000000000  0001 0000000000000000  0001 0000000000000000  0001 0000000000000000  0001 0000000000000000  0001 0000000000000000  0001 0000000000000000  0001 0000000000000000  0000 0000000000000000  0000 0000000000000000  0000 0000000000000000
Frame 1105    0001 0000000000000000  0001 0000000000000000  0001 0000000000000000  0001 0000000000000000  0001 0000000000000000  0001 0000000000000000  0001 0000000000000000  0001 0000000000000000  0001 0000000000000000  0000 0000000000000000  0000 0000000000000000  0000 0000000000000000
Frame 1106    0001 0000000000000000  0001 0000000000000000  0001 0000000000000000  0001 0000000000000000  0001 0000000000000000  0001 0000000000000000  0001 0000000000000000  0001 0000000000000000  0001 0000000000000000  0000 0000000000000000  0000 0000000000000000  0000 0000000000000000
Frame 1107    0001 0000000000000000  0001 0000000000000000  0001 0000000000000000  0001 0000000000000000  0001 0000000000000000  0001 0000000000000000  0001 0000000000000000  0001 0000000000000000  0001 0000000000000000  0000 0000000000000000  0000 0000000000000000  0000 0000000000000000
Frame 1108    0001 0000000000000000  0001 0000000000000000  0001 0000000000000000  0001 0000000000000000  0001 0000000000000000  0001 0000000000000000  0001 0000000000000000  0001 0000000000000000  0001 0000000000000000  0000 0000000000000000  0000 0000000000000000  0000 0000000000000000
Frame 1109    0001 0000000000000000  0001 0000000000000000  0001 0000000000000000  0001 0000000000000000  0001 0000000000000000  0001 0000000000000000  0001 0000000000000000  0001 0000000000000000  0001 0000000000000000  0000 0000000000000000  0000 0000000000000000  0000 0000000000000000
Frame 1110    0001 0000000000000000  0001 0000000000000000  0001 0000000000000000  0001 0000000000000000  0001 0000000000000000  0001 0000000000000000  0001 0000000000000000  0001 0000000000000000  0001 0000000000000000  0000 0000000000000000  0000 0000000000000000  0000 0000000000000000
Frame 1111    0001 0000000000000000  0001 0000000000000000  0001 0000000000000000  0001 0000000000000000  0001 0000000000000000  0001 0000000000000000  0001 0000000000000000  0001 0000000000000000  0001 0000000000000000  0000 0000000000000000  0000 0000000000000000  0000 0000000000000000
Frame 1112    0001 0000000000000000  0001 0000000000000000  0001 0000000000000000  0001 0000000000000000  0001 0000000000000000  0001 0000000000000000  0001 0000000000000000  0001 0000000000000000  0001 0000000000000000  0000 0000000000000000  0000 0000000000000000  0000 0000000000000000
Frame 1113    0001 0000000000000000  0001 0000000000000000  0001 0000000000000000  0001 0000000000000000  0001 0000000000000000  0001 0000000000000000  0001 0000000000000000  0001 0000000000000000  0001 0000000000000000  0000 0000000000000000  0000 0000000000000000  0000 0000000000000000
Frame 1114    0001 0000000000000000  0001 0000000000000000  0001 0000000000000000  0001 0000000000000000  0001 0000000000000000  0001 0000000000000000  0001 0000000000000000  0001 0000000000000000  0001 0000000000000000  0000 0000000000000000  0000 0000000000000000  0000 0000000000000000
Frame 1115    0001 0000000000000000  0001 0000000000000000  0001 0000000000000000  0001 0000000000000000  0001 0000000000000000  0001 0000000000000000  0001 0000000000000000  0001 0000000000000000  0001 0000000000000000  0000 0000000000000000  0000 0000000000000000  0000 0000000000000000
Frame 1116    0001 0000000000000000  0001 0000000000000000  0001 0000000000000000  0001 0000000000000000  0001 0000000000000000  0001 0000000000000000  0001 0000000000000000  0001 0000000000000000  0001 0000000000000000  0000 0000000000000000  0000 0000000000000000  0000 0000000000000000
Frame 1117    0001 0000000000000000  0001 0000000000000000  0001 0000000000000000  0001 0000000000000000  0001 0000000000000000  0001 0000000000000000  0001 0000000000000000  0001 0000000000000000  0001 0000000000000000  0000 0000000000000000  0000 0000000000000000  0000 0000000000000000
Frame 1118    0001 0000000000000000  0001 0000000000000000  0001 0000000000000000  0001 0000000000000000  0001 0000000000000000  0001 0000000000000000  0001 0000000000000000  0001 0000000000000000  0001 0000000000000000  0000 0000000000000000  0000 0000000000000000  0000 0000000000000000
Frame 1119    0001 0000000000000000  0001 0000000000000000  0001 0000000000000000  0001 0000000000000000  0001 0000000000000000  0001 0000000000000000  0001 0000000000000000  0001 0000000000000000  0001 0000000000000000  0000 0000000000000000  0000 0000000000000000  0000 0000000000000000
Frame 1120    0001 0000000000000000  0001 0000000000000000  0001 0000000000000000  0001 0000000000000000  0001 0000000000000000  0001 0000000000000000  0001 0000000000000000  0001 0000000000000000  0001 0000000000000000  0000 0000000000000000  0000 0000000000000000  0000 0000000000000000
Frame 1121    0001 0000000000000000  0001 0000000000000000  0001 0000000000000000  0001 0000000000000000  0001 0000000000000000  0001 0000000000000000  0001 0000000000000000  0001 0000000000000000  0001 0000000000000000  0000 0000000000000000  0000 0000000000000000  0000 0000000000000000
Frame 1122    0001 0000000000000000  0001 0000000000000000  0001 0000000000000000  0001 0000000000000000  0001 0000000000000000  0001 0000000000000000  0001 0000000000000000  0001 0000000000000000  0001 0000000000000000  0000 0000000000000000  0000 0000000000000000  0000 0000000000000000
Frame 1123    0001 0000000000000000  0001 0000000000000000  0001 0000000000000000  0001 0000000000000000  0001 0000000000000000  0001 0000000000000000  0001 0000000000000000  0001 0000000000000000  0001 0000000000000000  0000 0000000000000000  0000 0000000000000000  0000 0000000000000000
Frame 1124    0001 0000000000000000  0001 0000000000000000  0001 0000000000000000  0001 0000000000000000  0001 0000000000000000  0001 0000000000000000  0001 0000000000000000  0001 0000000000000000  0001 0000000000000000  0000 0000000000000000  0000 0000000000000000  0000 0000000000000000
Frame 1125    0001 0000000000000000  0001 0000000000000000  0001 0000000000000000  0001 0000000000000000  0001 0000000000000000  0001 0000000000000000  0001 0000000000000000  0001 0000000000000000  0001 0000000000000000  0000 0000000000000000  0000 0000000000000000  0000 0000000000000000
Frame 1126    0001 0000000000000000  0001 0000000000000000  0001 0000000000000000  0001 0000000000000000  0001 0000000000000000  0001 0000000000000000  0001 0000000000000000  0001 0000000000000000  0001 0000000000000000  0000 0000000000000000  0000 0000000000000000  0000 0000000000000000
Frame 1127    0001 0000000000000000  0001 0000000000000000  0001 0000000000000000  0001 0000000000000000  0001 0000000000000000  0001 0000000000000000  0001 0000000000000000  0001 0000000000000000  0001 0000000000000000  0000 0000000000000000  0000 0000000000000000  0000 0000000000000000
Frame 1128    0001 0000000000000000  0001 0000000000000000  0001 0000000000000000  0001 0000000000000000  0001 0000000000000000  0001 0000000000000000  0001 0000000000000000  0001 0000000000000000  0001 0000000000000000  0000 0000000000000000  0000 0000000000000000  0000 0000000000000000
Frame 1129    0001 0000000000000000  0001 0000000000000000  0001 0000000000000000  0001 0000000000000000  0001 0000000000000000  0001 0000000000000000  0001 0000000000000000  0001 0000000000000000  0001 0000000000000000  0000 0000000000000000  0000 0000000000000000  0000 0000000000000000
Frame 1130    0001 0000000000000000  0001 0000000000000000  0001 0000000000000000  0001 0000000000000000  0001 0000000000000000  0001 0000000000000000  0001 0000000000000000  0001 0000000000000000  0001 0000000000000000  0000 0000000000000000  0000 0000000000000000  0000 0000000000000000
Frame 1131    0001 0000000000000000  0001 0000000000000000  0001 0000000000000000  0001 0000000000000000  0001 0000000000000000  0001 0000000000000000  0001 0000000000000000  0001 0000000000000000  0001 0000000000000000  0000 0000000000000000  0000 0000000000000000  0000 0000000000000000
Frame 1132    0001 0000000000000000  0001 0000000000000000  0001 0000000000000000  0001 0000000000000000  0001 0000000000000000  0001 0000000000000000  0001 0000000000000000  0001 0000000000000000  0001 0000000000000000  0000 0000000000000000  0000 0000000000000000  0000 0000000000000000
Frame 1133    0001 0000000000000000  0001 0000000000000000  0001 0000000000000000  0001 0000000000000000  0001 0000000000000000  0001 0000000000000000  0001 0000000000000000  0001 0000000000000000  0001 0000000000000000  0000 0000000000000000  0000 0000000000000000  0000 0000000000000000
Frame 1134    0000 0000000000000000  0000 0000000000000000  0000 0000000000000000  0000 0000000000000000  0000 0000000000000000  0000 0000000000000000  0000 0000000000000000  0000 0000000000000000  0000 0000000000000000  0000 0000000000000000  0000 0000000000000000  0000 0000000000000000
Frame 1135    0000 0000000000000000  0000 0000000000000000  0000 0000000000000000  0000 0000000000000000  0000 0000000000000000  0000 0000000000000000  0000 0000000000000000  0000 0000000000000000  0000 0000000000000000  0000 0000000000000000  0000 0000000000000000  0000 0000000000000000
Frame 1136    0000 0000000000000000  0000 0000000000000000  0000 0000000000000000  0000 0000000000000000  0000 0000000000000000  0000 0000000000000000  0000 0000000000000000  0000 0000000000000000  0000 0000000000000000  0000 0000000000000000  0000 0000000000000000  0000 0000000000000000
Frame 1137    0000 0000000000000000  0000 0000000000000000  0000 0000000000000000  0000 0000000000000000  0000 0000000000000000  0000 0000000000000000  0000 0000000000000000  0000 0000000000000000  0000 0000000000000000  0000 0000000000000000  0000 0000000000000000  0000 0000000000000000
Frame 1138    0000 0000000000000000  0000 0000000000000000  0000 0000000000000000  0000 0000000000000000  0000 0000000000000000  0000 0000000000000000  0000 0000000000000000  0000 0000000000000000  0000 0000000000000000  0000 0000000000000000  0000 0000000000000000  0000 0000000000000000
Frame 1139    0000 0000000000000000  0000 0000000000000000  0000 0000000000000000  0000 0000000000000000  0000 0000000000000000  0000 0000000000000000  0000 0000000000000000  0000 0000000000000000  0000 0000000000000000  0000 0000000000000000  0000 0000000000000000  0000 0000000000000000
Frame 1140    0001 1604a867fece05e0  0001 00076bc000021201  0001 0007a8000ffc1001  0001 0007e98000000e01  0001 00043c7fc02c0c3a  0001 000491c020500c3a  0001 0000000000000000  0001 0000000000000000  0001 0000000000000000  0000 0000000000000000  0000 0000000000000000  0000 0000000000000000
Frame 1141    0001 167740124d0a56a5  0001 0000000000000000  0001 0007a80030021804  0001 0007f27f8ff81604  0001 0004308030001403  0001 000468c10fd14e7a  0001 0000000000000000  0001 0000000000000000  0001 0000000000000000  0000 0000000000000000  0000 0000000000000000  0000 0000000000000000
Frame 1142    0001 16fe5d139187831b  0001 0000000000000000  0001 0000000000000000  0001 0007cabfdffc1604  0001 0007f0002ffe1604  0001 0000000000000000  0001 00045efddfa94ea7  0001 00049d7b4f074ea7  0001 0000000000000000  0000 0000000000000000  0000 0000000000000000  0000 0000000000000000
Frame 1143    0001 139e5cb010e81113  0001 00076bff50020e01  0001 0007a8006ff80c01  0001 0007f2c050020a01  0001 00044cbfcfc8083a  0001 0000000000000000  0001 0000000000000000  0001 0000000000000000  0001 0000000000000000  0000 0000000000000000  0000 0000000000000000  0000 0000000000000000
Frame 1144    0001 12e47cde11f61264  0001 00076bffcffe0c01  0001 0007a80020000a01  0001 0007f2c00ffe0801  0001 00044b000040063a  0001 0004907ff016063a  0001 0000000000000000  0001 0000000000000000  0001 0000000000000000  0000 0000000000000000  0000 0000000000000000  0000 0000000000000000
Frame 1145    0001 164ec2b6511859e2  0001 00076f0090001a04  0001 0007a83f70021804  0001 0007f27faff81604  0001 000421c050021403  0001 0004513fcffd4e7a  0001 0000000000000000  0001 0000000000000000  0001 0000000000000000  0000 0000000000000000  0000 0000000000000000  0000 0000000000000000
Frame 1146    0001 13be6cfe11b813d5  0001 0000000000000000  0001 0007a83f8ffe0c01  0001 0007f2c04ffe0a01  0001 0000000000000000  0001 000490403faa083a  0001 00050e3fe024063a  0001 0000000000000000  0001 0000000000000000  0000 0000000000000000  0000 0000000000000000  0000 0000000000000000
Frame 1147    0001 1dc9dac60fb60fba  0001 00076bc010000c01  0001 0007a8001ffe0a01  0001 0007f5fff0000801  0001 00043d3fefb6063a  0001 000490401036063a  0001 0000000000000000  0001 0000000000000000  0001 0000000000000000  0000 0000000000000000  0000 0000000000000000  0000 0000000000000000
Frame 1148    0001 1636f3524bec52fc  0001 0007788010001a04  0001 0007a83fdffa1804  0001 0007f24010021604  0001 0004387f6f934e7a  0001 0004817e9f374e7a  0001 0000000000000000  0001 0000000000000000  0001 0000000000000000  0000 0000000000000000  0000 0000000000000000  0000 0000000000000000
Frame 1149    0001 150950c9fb87fb0b  0001 00076bffe0001001  0001 0007a8002ffe0e01  0001 0007e73fe0000c01  0001 00044afff03c0a3a  0001 000492000fb40a3a  0001 0000000000000000  0001 0000000000000000  0001 0000000000000000  0000 0000000000000000  0000 0000000000000000  0000 0000000000000000
Frame 1150    0001 19d1367e3ac63f2d  0001 000771404ffe1a02  0001 0007a83fb0021802  0001 0007f27feffe1602  0001 00043c400fe40c3a  0001 0000000000000000  0001 0000000000000000  0001 0000000000000000  0001 0000000000000000  0000 0000000000000000  0000 0000000000000000  0000 0000000000000000
Frame 1151    0001 1b47ed7fd6bbd639  0001 00076bff70021402  0001 0007a8008ffc1202  0001 0007fc0010001002  0001 00044c7ff002083a  0001 0000000000000000  0001 0000000000000000  0001 0000000000000000  0001 0000000000000000  0000 0000000000000000  0000 0000000000000000  0000 0000000000000000
Frame 1152    0001 16583da363394a45  0001 00076bfecffc1a07  0001 000781407ff61a07  0001 00079b41200e1807  0001 0007c2ff5ff81607  0001 0000000000000000  0001 0000000000000000  0001 0000000000000000  0001 0000000000000000  0000 0000000000000000  0000 0000000000000000  0000 0000000000000000
Frame 1153    0001 19017fd663da6d4e  0001 00076bffc0001a04  0001 0007a8003ffe1804  0001 0000000000000000  0001 0007e6c02ffe1604  0001 000414ffd0001404  0001 0000000000000000  0001 0000000000000000  0001 0000000000000000  0000 0000000000000000  0000 0000000000000000  0000 0000000000000000
Frame 1154    0001 1a72bc6554d7454a  0001 00076bc0f0161607  0001 000785c07ff61607  0001 00079cbe2fea1607  0001 0000000000000000  0001 0000000000000000  0001 0004180040061207  0001 0000000000000000  0001 0000000000000000  0000 0000000000000000  0000 0000000000000000  0000 0000000000000000
Frame 1155    0001 1b7ef17ff08fef49  0001 00076bc010000e01  0001 0007a8002ffe0c01  0001 0007ea7fb0000a01  0001 00044b001064083a  0001 0000000000000000  0001 0000000000000000  0001 0000000000000000  0001 0000000000000000  0000 0000000000000000  0000 0000000000000000  0000 0000000000000000
Frame 1156    0001 169bd2747fe0959d  0001 00076bc02ffc1a06  0001 0000000000000000  0001 0007a23fd0081806  0001 0007c1bfdffa1606  0001 0007f3c02ffe1606  0001 0000000000000000  0001 0000000000000000  0001 0000000000000000  0000 0000000000000000  0000 0000000000000000  0000 0000000000000000
Frame 1157    0001 1577f70988a1801b  0001 00076bc000021605  0001 0000000000000000  0001 0007c8ffeff81405  0001 0007ec4010061405  0001 0000000000000000  0001 00045eff50f31abd  0001 0000000000000000  0001 0000000000000000  0000 0000000000000000  0000 0000000000000000  0000 0000000000000000
Frame 1158    0001 19f4163498e0a3c6  0001 0000000000000000  0001 00079c3ff0021806  0001 0007b7802ff21606  0001 0007dcbfd0041606  0001 000408800ffe1606  0001 0000000000000000  0001 0000000000000000  0001 0000000000000000  0000 0000000000000000  0000 0000000000000000  0000 0000000000000000
Frame 1159    0001 16775c1d74ff5f25  0001 0000000000000000  0001 0007960030001806  0001 0007b67fcffe1606  0001 0000000000000000  0001 00040bc010001606  0001 000444ff5fbf4ee9  0001 0000000000000000  0001 0000000000000000  0000 0000000000000000  0000 0000000000000000  0000 0000000000000000
Frame 1160    0001 19904c2f508142fb  0001 000777ff60081a07  0001 000785c07ffe1807  0001 00079f009ff01807  0001 0007c07fa0081607  0001 0000000000000000  0001 0000000000000000  0001 0000000000000000  0001 0000000000000000  0000 0000000000000000  0000 0000000000000000  0000 0000000000000000
Frame 1161    0001 19d6551020f828c0  0001 00076bff60001602  0001 0007a8009ffc1402  0001 0007fe4030001202  0001 00043c7fefae0a3a  0001 0000000000000000  0001 0000000000000000  0001 0000000000000000  0001 0000000000000000  0000 0000000000000000  0000 0000000000000000  0000 0000000000000000
Frame 1162    0001 16059d9161234958  0001 0000000000000000  0001 000783feeff01607  0001 00079b40900a1607  0001 0007c240e00a1407  0001 0007ecbf5ff61407  0001 0000000000000000  0001 0000000000000000  0001 0000000000000000  0000 0000000000000000  0000 0000000000000000  0000 0000000000000000
Frame 1163    0001 167cc0144d1e56a9  0001 0000000000000000  0001 0007a8000ffe1804  0001 0000000000000000  0001 00042cfff0001403  0001 000468c0efcb4e7a  0001 0004b8c25f6d4e7a  0001 0000000000000000  0001 0000000000000000  0000 0000000000000000  0000 0000000000000000  0000 0000000000000000
Frame 1164    0001 15d4a872363a36d1  0001 000778c07ffe1602  0001 0000000000000000  0001 0007f27f40001202  0001 000443c02f7a0a3a  0001 0000000000000000  0001 0000000000000000  0001 0004dcc58ee91a4d  0001 0000000000000000  0000 0000000000000000  0000 0000000000000000  0000 0000000000000000
Frame 1165    0001 148eb133dcd3dcc1  0001 0000000000000000  0001 0007b4bfd0001002  0001 0007f2401ffe1002  0001 000443c01fa4083a  0001 000491fff042083a  0001 0000000000000000  0001 0000000000000000  0001 0000000000000000  0000 0000000000000000  0000 0000000000000000  0000 0000000000000000
Frame 1166    0001 1581f47ded07eb62  0001 0000000000000000  0001 0000000000000000  0001 0007f5bfbffe0c01  0001 00043c40603a0a3a  0001 000498ffc0540a3a  0001 000506800fbc083a  0001 0000000000000000  0001 0000000000000000  0000 0000000000000000  0000 0000000000000000  0000 0000000000000000
Frame 1167    0001 0000000000000000  0001 0000000000000000  0001 0000000000000000  0001 0000000000000000  0001 0000000000000000  0001 0000000000000000  0001 0000000000000000  0001 0000000000000000  0001 0000000000000000  0000 0000000000000000  0000 0000000000000000  0000 0000000000000000
Frame 1168    0001 0000000000000000  0001 0000000000000000  0001 0000000000000000  0001 0000000000000000  0001 0000000000000000  0001 0000000000000000  0001 0000000000000000  0001 0000000000000000  0001 0000000000000000  0000 0000000000000000  0000 0000000000000000  0000 0000000000000000
Frame 1169    0001 0000000000000000  0001 0000000000000000  0001 0000000000000000  0001 0000000000000000  0001 0000000000000000  0001 0000000000000000  0001 0000000000000000  0001 0000000000000000  0001 0000000000000000  0000 0000000000000000  0000 0000000000000000  0000 0000000000000000
Frame 1170    0001 0000000000000000  0001 0000000000000000  0001 0000000000000000  0001 0000000000000000  0001 0000000000000000  0001 0000000000000000  0001 0000000000000000  0001 0000000000000000  0001 0000000000000000  0000 0000000000000000  0000 0000000000000000  0000 0000000000000000
Frame 1171    0001 0000000000000000  0001 0000000000000000  0001 0000000000000000  0001 0000000000000000  0001 0000000000000000  0001 0000000000000000  0001 0000000000000000  0001 0000000000000000  0001 0000000000000000  0000 0000000000000000  0000 0000000000000000  0000 0000000000000000
Frame 1172    0001 0000000000000000  0001 0000000000000000  0001 0000000000000000  0001 0000000000000000  0001 0000000000000000  0001 0000000000000000  0001 0000000000000000  0001 0000000000000000  0001 0000000000000000  0000 0000000000000000  0000 0000000000000000  0000 0000000000000000
Frame 1173    0001 0000000000000000  0001 0000000000000000  0001 0000000000000000  0001 0000000000000000  0001 0000000000000000  0001 0000000000000000  0001 0000000000000000  0001 0000000000000000  0001 0000000000000000  0000 0000000000000000  0000 0000000000000000  0000 0000000000000000
Frame 1174    0001 0000000000000000  0001 0000000000000000  0001 0000000000000000  0001 0000000000000000  0001 0000000000000000  0001 0000000000000000  0001 0000000000000000  0001 0000000000000000  0001 0000000000000000  0000 0000000000000000  0000 0000000000000000  0000 0000000000000000
Frame 1175    0001 0000000000000000  0001 0000000000000000  0001 0000000000000000  0001 0000000000000000  0001 0000000000000000  0001 0000000000000000  0001 0000000000000000  0001 0000000000000000  0001 0000000000000000  0000 0000000000000000  0000 0000000000000000  0000 0000000000000000
Frame 1176    0001 0000000000000000  0001 0000000000000000  0001 0000000000000000  0001 0000000000000000  0001 0000000000000000  0001 0000000000000000  0001 0000000000000000  0001 0000000000000000  0001 0000000000000000  0000 0000000000000000  0000 0000000000000000  0000 0000000000000000
Frame 1177    0001 0000000000000000  0001 0000000000000000  0001 0000000000000000  0001 0000000000000000  0001 0000000000000000  0001 0000000000000000  0001 0000000000000000  0001 0000000000000000  0001 0000000000000000  0000 0000000000000000  0000 0000000000000000  0000 0000000000000000
Frame 1178    0001 0000000000000000  0001 0000000000000000  0001 0000000000000000  0001 0000000000000000  0001 0000000000000000  0001 0000000000000000  0001 0000000000000000  0001 0000000000000000  0001 0000000000000000  0000 0000000000000000  0000 0000000000000000  0000 0000000000000000
Frame 1179    0001 0000000000000000  0001 0000000000000000  0001 0000000000000000  0001 0000000000000000  0001 0000000000000000  0001 0000000000000000  0001 0000000000000000  0001 0000000000000000  0001 0000000000000000  0000 0000000000000000  0000 0000000000000000  0000 0000000000000000
Frame 1180    0001 0000000000000000  0001 0000000000000000  0001 0000000000000000  0001 0000000000000000  0001 0000000000000000  0001 0000000000000000  0001 0000000000000000  0001 0000000000000000  0001 0000000000000000  0000 0000000000000000  0000 0000000000000000  0000 0000000000000000
Frame 1181    0001 0000000000000000  0001 0000000000000000  0001 0000000000000000  0001 0000000000000000  0001 0000000000000000  0001 0000000000000000  0001 0000000000000000  0001 0000000000000000  0001 0000000000000000  0000 0000000000000000  0000 0000000000000000  0000 0000000000000000
Frame 1182    0001 0000000000000000  0001 0000000000000000  0001 0000000000000000  0001 0000000000000000  0001 0000000000000000  0001 0000000000000000  0001 0000000000000000  0001 0000000000000000  0001 0000000000000000  0000 0000000000000000  0000 0000000000000000  0000 0000000000000000
Frame 1183    0001 0000000000000000  0001 0000000000000000  0001 0000000000000000  0001 0000000000000000  0001 0000000000000000  0001 0000000000000000  0001 0000000000000000  0001 0000000000000000  0001 0000000000000000  0000 0000000000000000  0000 0000000000000000  0000 0000000000000000
Frame 1184    0001 0000000000000000  0001 0000000000000000  0001 0000000000000000  0001 0000000000000000  0001 0000000000000000  0001 0000000000000000  0001 0000000000000000  0001 0000000000000000  0001 0000000000000000  0000 0000000000000000  0000 0000000000000000  0000 0000000000000000
Frame 1185    0001 0000000000000000  0001 0000000000000000  0001 0000000000000000  0001 0000000000000000  0001 0000000000000000  0001 0000000000000000  0001 0000000000000000  0001 0000000000000000  0001 0000000000000000  0000 0000000000000000  0000 0000000000000000  0000 0000000000000000
Frame 1186    0001 0000000000000000  0001 0000000000000000  0001 0000000000000000  0001 0000000000000000  0001 0000000000000000  0001 0000000000000000  0001 0000000000000000  0001 0000000000000000  0001 0000000000000000  0000 0000000000000000  0000 0000000000000000  0000 0000000000000000
Frame 1187    0001 0000000000000000  0001 0000000000000000  0001 0000000000000000  0001 0000000000000000  0001 0000000000000000  0001 0000000000000000  0001 0000000000000000  0001 0000000000000000  0001 0000000000000000  0000 0000000000000000  0000 0000000000000000  0000 0000000000000000
Frame 1188    0001 0000000000000000  0001 0000000000000000  0001 0000000000000000  0001 0000000000000000  0001 0000000000000000  0001 0000000000000000  0001 0000000000000000  0001 0000000000000000  0001 0000000000000000  0000 0000000000000000  0000 0000000000000000  0000 0000000000000000
Frame 1189    0001 0000000000000000  0001 0000000000000000  0001 0000000000000000  0001 0000000000000000  0001 0000000000000000  0001 0000000000000000  0001 0000000000000000  0001 0000000000000000  0001 0000000000000000  0000 0000000000000000  0000 0000000000000000  0000 0000000000000000
Frame 1190    0001 0000000000000000  0001 0000000000000000  0001 0000000000000000  0001 0000000000000000  0001 0000000000000000  0001 0000000000000000  0001 0000000000000000  0001 0000000000000000  0001 0000000000000000  0000 0000000000000000  0000 0000000000000000  0000 0000000000000000
Frame 1191    0001 0000000000000000  0001 0000000000000000  0001 0000000000000000  0001 0000000000000000  0001 0000000000000000  0001 0000000000000000  0001 0000000000000000  0001 0000000000000000  0001 0000000000000000  0000 0000000000000000  0000 0000000000000000  0000 0000000000000000
Frame 1192    0001 0000000000000000  0001 0000000000000000  0001 0000000000000000  0001 0000000000000000  0001 0000000000000000  0001 0000000000000000  0001 0000000000000000  0001 0000000000000000  0001 0000000000000000  0000 0000000000000000  0000 0000000000000000  0000 0000000000000000
Frame 1193    0001 0000000000000000  0001 0000000000000000  0001 0000000000000000  0001 0000000000000000  0001 0000000000000000  0001 0000000000000000  0001 0000000000000000  0001 0000000000000000  0001 0000000000000000  0000 0000000000000000  0000 0000000000000000  0000 0000000000000000
Frame 1194    0001 0000000000000000  0001 0000000000000000  0001 0000000000000000  0001 0000000000000000  0001 0000000000000000  0001 0000000000000000  0001 0000000000000000  0001 0000000000000000  0001 0000000000000000  0000 0000000000000000  0000 0000000000000000  0000 0000000000000000
Frame 1195    0001 0000000000000000  0001 0000000000000000  0001 0000000000000000  0001 0000000000000000  0001 0000000000000000  0001 0000000000000000  0001 0000000000000000  0001 0000000000000000  0001 0000000000000000  0000 0000000000000000  0000 0000000000000000  0000 0000000000000000
Frame 1196    0001 0000000000000000  0001 0000000000000000  0001 0000000000000000  0001 0000000000000000  0001 0000000000000000  0001 0000000000000000  0001 0000000000000000  0001 0000000000000000  0001 0000000000000000  0000 0000000000000000  0000 0000000000000000  0000 0000000000000000
Frame 1197    0001 0000000000000000  0001 0000000000000000  0001 0000000000000000  0001 0000000000000000  0001 0000000000000000  0001 0000000000000000  0001 0000000000000000  0001 0000000000000000  0001 0000000000000000  0000 0000000000000000  0000 0000000000000000  0000 0000000000000000
Frame 1198    0001 0000000000000000  0001 0000000000000000  0001 0000000000000000  0001 0000000000000000  0001 0000000000000000  0001 0000000000000000  0001 0000000000000000  0001 0000000000000000  0001 0000000000000000  0000 0000000000000000  0000 0000000000000000  0000 0000000000000000
Frame 1199    0001 0000000000000000  0001 0000000000000000  0001 0000000000000000  0001 0000000000000000  0001 0000000000000000  0001 0000000000000000  0001 0000000000000000  0001 0000000000000000  0001 0000000000000000  0000 0000000000000000  0000 0000000000000000  0000 0000000000000000
Frame 1200    0001 0000000000000000  0001 0000000000000000  0001 0000000000000000  0001 0000000000000000  0001 0000000000000000  0001 0000000000000000  0001 0000000000000000  0001 0000000000000000  0001 0000000000000000  0000 0000000000000000  0000 0000000000000000  0000 0000000000000000
Frame 1201    0001 0000000000000000  0001 0000000000000000  0001 0000000000000000  0001 0000000000000000  0001 0000000000000000  0001 0000000000000000  0001 0000000000000000  0001 0000000000000000  0001 0000000000000000  0000 0000000000000000  0000 0000000000000000  0000 0000000000000000
Frame 1202    0001 0000000000000000  0001 0000000000000000  0001 0000000000000000  0001 0000000000000000  0001 0000000000000000  0001 0000000000000000  0001 0000000000000000  0001 0000000000000000  0001 0000000000000000  0000 0000000000000000  0000 0000000000000000  0000 0000000000000000
Frame 1203    0001 0000000000000000  0001 0000000000000000  0001 0000000000000000  0001 0000000000000000  0001 0000000000000000  0001 0000000000000000  0001 0000000000000000  0001 0000000000000000  0001 0000000000000000  0000 0000000000000000  0000 0000000000000000  0000 0000000000000000
Frame 1204    0001 0000000000000000  0001 0000000000000000  0001 0000000000000000  0001 0000000000000000  0001 0000000000000000  0001 0000000000000000  0001 0000000000000000  0001 0000000000000000  0001 0000000000000000  0000 0000000000000000  0000 0000000000000000  0000 0000000000000000
Frame 1205    0001 0000000000000000  0001 0000000000000000  0001 0000000000000000  0001 0000000000000000  0001 0000000000000000  0001 0000000000000000  0001 0000000000000000  0001 0000000000000000  0001 0000000000000000  0000 0000000000000000  0000 0000000000000000  0000 0000000000000000
Frame 1206    0001 0000000000000000  0001 0000000000000000  0001 0000000000000000  0001 0000000000000000  0001 0000000000000000  0001 0000000000000000  0001 0000000000000000  0001 0000000000000000  0001 0000000000000000  0000 0000000000000000  0000 0000000000000000  0000 0000000000000000
Frame 1207    0001 0000000000000000  0001 0000000000000000  0001 0000000000000000  0001 0000000000000000  0001 0000000000000000  0001 0000000000000000  0001 0000000000000000  0001 0000000000000000  0001 0000000000000000  0000 0000000000000000  0000 0000000000000000  0000 0000000000000000
Frame 1208    0001 0000000000000000  0001 0000000000000000  0001 0000000000000000  0001 0000000000000000  0001 0000000000000000  0001 0000000000000000  0001 0000000000000000  0001 0000000000000000  0001 0000000000000000  0000 0000000000000000  0000 0000000000000000  0000 0000000000000000
Frame 1209    0001 0000000000000000  0001 0000000000000000  0001 0000000000000000  0001 0000000000000000  0001 0000000000000000  0001 0000000000000000  0001 0000000000000000  0001 0000000000000000  0001 0000000000000000  0000 0000000000000000  0000 0000000000000000  0000 0000000000000000
Frame 1210    0001 0000000000000000  0001 0000000000000000  0001 0000000000000000  0001 0000000000000000  0001 0000000000000000  0001 0000000000000000  0001 0000000000000000  0001 0000000000000000  0001 0000000000000000  0000 0000000000000000  0000 0000000000000000  0000 0000000000000000
Frame 1211    0001 0000000000000000  0001 0000000000000000  0001 0000000000000000  0001 0000000000000000  0001 0000000000000000  0001 0000000000000000  0001 0000000000000000  0001 0000000000000000  0001 0000000000000000  0000 0000000000000000  0000 0000000000000000  0000 0000000000000000
Frame 1212    0001 0000000000000000  0001 0000000000000000  0001 0000000000000000  0001 0000000000000000  0001 0000000000000000  0001 0000000000000000  0001 0000000000000000  0001 0000000000000000  0001 0000000000000000  0000 0000000000000000  0000 0000000000000000  0000 0000000000000000
Frame 1213    0001 0000000000000000  0001 0000000000000000  0001 0000000000000000  0001 0000000000000000  0001 0000000000000000  0001 0000000000000000  0001 0000000000000000  0001 0000000000000000  0001 0000000000000000  0000 0000000000000000  0000 0000000000000000  0000 0000000000000000
Frame 1214    0001 0000000000000000  0001 0000000000000000  0001 0000000000000000  0001 0000000000000000  0001 0000000000000000  0001 0000000000000000  0001 0000000000000000  0001 0000000000000000  0001 0000000000000000  0000 0000000000000000  0000 0000000000000000  0000 0000000000000000
Frame 1215    0001 0000000000000000  0001 0000000000000000  0001 0000000000000000  0001 0000000000000000  0001 0000000000000000  0001 0000000000000000  0001 0000000000000000  0001 0000000000000000  0001 0000000000000000  0000 0000000000000000  0000 0000000000000000  0000 0000000000000000
Frame 1216    0001 0000000000000000  0001 0000000000000000  0001 0000000000000000  0001 0000000000000000  0001 0000000000000000  0001 0000000000000000  0001 0000000000000000  0001 0000000000000000  0001 0000000000000000  0000 0000000000000000  0000 0000000000000000  0000 0000000000000000
Frame 1217    0001 0000000000000000  0001 0000000000000000  0001 0000000000000000  0001 0000000000000000  0001 0000000000000000  0001 0000000000000000  0001 0000000000000000  0001 0000000000000000  0001 0000000000000000  0000 0000000000000000  0000 0000000000000000  0000 0000000000000000
Frame 1218    0001 0000000000000000  0001 0000000000000000  0001 0000000000000000  0001 0000000000000000  0001 0000000000000000  0001 0000000000000000  0001 0000000000000000  0001 0000000000000000  0001 0000000000000000  0000 0000000000000000  0000 0000000000000000  0000 0000000000000000
Frame 1219    0001 0000000000000000  0001 0000000000000000  0001 0000000000000000  0001 0000000000000000  0001 0000000000000000  0001 0000000000000000  0001 0000000000000000  0001 0000000000000000  0001 0000000000000000  0000 0000000000000000  0000 0000000000000000  0000 0000000000000000
Frame 1220    0001 0000000000000000  0001 0000000000000000  0001 0000000000000000  0001 0000000000000000  0001 0000000000000000  0001 0000000000000000  0001 0000000000000000  0001 0000000000000000  0001 0000000000000000  0000 0000000000000000  0000 0000000000000000  0000 0000000000000000
Frame 1221    0001 0000000000000000  0001 0000000000000000  0001 0000000000000000  0001 0000000000000000  0001 0000000000000000  0001 0000000000000000  0001 0000000000000000  0001 0000000000000000  0001 0000000000000000  0000 0000000000000000  0000 0000000000000000  0000 0000000000000000
Frame 1222    0001 0000000000000000  0001 0000000000000000  0001 0000000000000000  0001 0000000000000000  0001 0000000000000000  0001 0000000000000000  0001 0000000000000000  0001 0000000000000000  0001 0000000000000000  0000 0000000000000000  0000 0000000000000000  0000 0000000000000000
Frame 1223    0001 0000000000000000  0001 0000000000000000  0001 0000000000000000  0001 0000000000000000  0001 0000000000000000  0001 0000000000000000  0001 0000000000000000  0001 0000000000000000  0001 0000000000000000  0000 0000000000000000  0000 0000000000000000  0000 0000000000000000
Frame 1224    0001 0000000000000000  0001 0000000000000000  0001 0000000000000000  0001 0000000000000000  0001 0000000000000000  0001 0000000000000000  0001 0000000000000000  0001 0000000000000000  0001 0000000000000000  0000 0000000000000000  0000 0000000000000000  0000 0000000000000000
Frame 1225    0001 0000000000000000  0001 0000000000000000  0001 0000000000000000  0001 0000000000000000  0001 0000000000000000  0001 0000000000000000  0001 0000000000000000  0001 0000000000000000  0001 0000000000000000  0000 0000000000000000  0000 0000000000000000  0000 0000000000000000
Frame 1226    0001 0000000000000000  0001 0000000000000000  0001 0000000000000000  0001 0000000000000000  0001 0000000000000000  0001 0000000000000000  0001 0000000000000000  0001 0000000000000000  0001 0000000000000000  0000 0000000000000000  0000 0000000000000000  0000 0000000000000000
Frame 1227    0001 0000000000000000  0001 0000000000000000  0001 0000000000000000  0001 0000000000000000  0001 0000000000000000  0001 0000000000000000  0001 0000000000000000  0001 0000000000000000  0001 0000000000000000  0000 0000000000000000  0000 0000000000000000  0000 0000000000000000
Frame 1228    0001 0000000000000000  0001 0000000000000000  0001 0000000000000000  0001 0000000000000000  0001 0000000000000000  0001 0000000000000000  0001 0000000000000000  0001 0000000000000000  0001 0000000000000000  0000 0000000000000000  0000 0000000000000000  0000 0000000000000000
Frame 1229    0001 0000000000000000  0001 0000000000000000  0001 0000000000000000  0001 0000000000000000  0001 0000000000000000  0001 0000000000000000  0001 0000000000000000  0001 0000000000000000  0001 0000000000000000  0000 0000000000000000  0000 0000000000000000  0000 0000000000000000
Frame 1230    0001 0000000000000000  0001 0000000000000000  0001 0000000000000000  0001 0000000000000000  0001 0000000000000000  0001 0000000000000000  0001 0000000000000000  0001 0000000000000000  0001 0000000000000000  0000 0000000000000000  0000 0000000000000000  0000 0000000000000000
Frame 1231    0001 0000000000000000  0001 0000000000000000  0001 0000000000000000  0001 0000000000000000  0001 0000000000000000  0001 0000000000000000  0001 0000000000000000  0001 0000000000000000  0001 0000000000000000  0000 0000000000000000  0000 0000000000000000  0000 0000000000000000
Frame 1232    0001 0000000000000000  0001 0000000000000000  0001 0000000000000000  0001 0000000000000000  0001 0000000000000000  0001 0000000000000000  0001 0000000000000000  0001 0000000000000000  0001 0000000000000000  0000 0000000000000000  0000 0000000000000000  0000 0000000000000000
Frame 1233    0001 0000000000000000  0001 0000000000000000  0001 0000000000000000  0001 0000000000000000  0001 0000000000000000  0001 0000000000000000  0001 0000000000000000  0001 0000000000000000  0001 0000000000000000  0000 0000000000000000  0000 0000000000000000  0000 0000000000000000
Frame 1234    0001 0000000000000000  0001 0000000000000000  0001 0000000000000000  0001 0000000000000000  0001 0000000000000000  0001 0000000000000000  0001 0000000000000000  0001 0000000000000000  0001 0000000000000000  0000 0000000000000000  0000 0000000000000000  0000 0000000000000000
Frame 1235    0001 0000000000000000  0001 0000000000000000  0001 0000000000000000  0001 0000000000000000  0001 0000000000000000  0001 0000000000000000  0001 0000000000000000  0001 0000000000000000  0001 0000000000000000  0000 0000000000000000  0000 0000000000000000  0000 0000000000000000
Frame 1236    0001 0000000000000000  0001 0000000000000000  0001 0000000000000000  0001 0000000000000000  0001 0000000000000000  0001 0000000000000000  0001 0000000000000000  0001 0000000000000000  0001 0000000000000000  0000 0000000000000000  0000 0000000000000000  0000 0000000000000000
Frame 1237    0001 0000000000000000  0001 0000000000000000  0001 0000000000000000  0001 0000000000000000  0001 0000000000000000  0001 0000000000000000  0001 0000000000000000  0001 0000000000000000  0001 0000000000000000  0000 0000000000000000  0000 0000000000000000  0000 0000000000000000
Frame 1238    0001 0000000000000000  0001 0000000000000000  0001 0000000000000000  0001 0000000000000000  0001 0000000000000000  0001 0000000000000000  0001 0000000000000000  0001 0000000000000000  0001 0000000000000000  0000 0000000000000000  0000 0000000000000000  0000 0000000000000000
Frame 1239    0001 0000000000000000  0001 0000000000000000  0001 0000000000000000  0001 0000000000000000  0001 0000000000000000  0001 0000000000000000  0001 0000000000000000  0001 0000000000000000  0001 0000000000000000  0000 0000000000000000  0000 0000000000000000  0000 0000000000000000
Frame 1240    0001 0000000000000000  0001 0000000000000000  0001 0000000000000000  0001 0000000000000000  0001 0000000000000000  0001 0000000000000000  0001 0000000000000000  0001 0000000000000000  0001 0000000000000000  0000 0000000000000000  0000 0000000000000000  0000 0000000000000000
Frame 1241    0001 0000000000000000  0001 0000000000000000  0001 0000000000000000  0001 0000000000000000  0001 0000000000000000  0001 0000000000000000  0001 0000000000000000  0001 0000000000000000  0001 0000000000000000  0000 0000000000000000  0000 0000000000000000  0000 0000000000000000
Frame 1242    0001 0000000000000000  0001 0000000000000000  0001 0000000000000000  0001 0000000000000000  0001 0000000000000000  0001 0000000000000000  0001 0000000000000000  0001 0000000000000000  0001 0000000000000000  0000 0000000000000000  0000 0000000000000000  0000 0000000000000000
Frame 1243    0001 0000000000000000  0001 0000000000000000  0001 0000000000000000  0001 0000000000000000  0001 0000000000000000  0001 0000000000000000  0001 0000000000000000  0001 0000000000000000  0001 0000000000000000  0000 0000000000000000  0000 0000000000000000  0000 0000000000000000
Frame 1244    0001 0000000000000000  0001 0000000000000000  0001 0000000000000000  0001 0000000000000000  0001 0000000000000000  0001 0000000000000000  0001 0000000000000000  0001 0000000000000000  0001 0000000000000000  0000 0000000000000000  0000 0000000000000000  0000 0000000000000000
Frame 1245    0001 0000000000000000  0001 0000000000000000  0001 0000000000000000  0001 0000000000000000  0001 0000000000000000  0001 0000000000000000  0001 0000000000000000  0001 0000000000000000  0001 0000000000000000  0000 0000000000000000  0000 0000000000000000  0000 0000000000000000
Frame 1246    0001 0000000000000000  0001 0000000000000000  0001 0000000000000000  0001 0000000000000000  0001 0000000000000000  0001 0000000000000000  0001 0000000000000000  0001 0000000000000000  0001 0000000000000000  0000 0000000000000000  0000 0000000000000000  0000 0000000000000000
Frame 1247    0001 0000000000000000  0001 0000000000000000  0001 0000000000000000  0001 0000000000000000  0001 0000000000000000  0001 0000000000000000  0001 0000000000000000  0001 0000000000000000  0001 0000000000000000  0000 0000000000000000  0000 0000000000000000  0000 0000000000000000
Frame 1248    0001 0000000000000000  0001 0000000000000000  0001 0000000000000000  0001 0000000000000000  0001 0000000000000000  0001 0000000000000000  0001 0000000000000000  0001 0000000000000000  0001 0000000000000000  0000 0000000000000000  0000 0000000000000000  0000 0000000000000000
Frame 1249    0001 0000000000000000  0001 0000000000000000  0001 0000000000000000  0001 0000000000000000  0001 0000000000000000  0001 0000000000000000  0001 0000000000000000  0001 0000000000000000  0001 0000000000000000  0000 0000000000000000  0000 0000000000000000  0000 0000000000000000
Frame 1250    0001 0000000000000000  0001 0000000000000000  0001 0000000000000000  0001 0000000000000000  0001 0000000000000000  0001 0000000000000000  0001 0000000000000000  0001 0000000000000000  0001 0000000000000000  0000 0000000000000000  0000 0000000000000000  0000 0000000000000000
Frame 1251    0001 0000000000000000  0001 0000000000000000  0001 0000000000000000  0001 0000000000000000  0001 0000000000000000  0001 0000000000000000  0001 0000000000000000  0001 0000000000000000  0001 0000000000000000  0000 0000000000000000  0000 0000000000000000  0000 0000000000000000
Frame 1252    0001 0000000000000000  0001 0000000000000000  0001 0000000000000000  0001 0000000000000000  0001 0000000000000000  0001 0000000000000000  0001 0000000000000000  0001 0000000000000000  0001 0000000000000000  0000 0000000000000000  0000 0000000000000000  0000 0000000000000000
Frame 1253    0001 0000000000000000  0001 0000000000000000  0001 0000000000000000  0001 0000000000000000  0001 0000000000000000  0001 0000000000000000  0001 0000000000000000  0001 0000000000000000  0001 0000000000000000  0000 0000000000000000  0000 0000000000000000  0000 0000000000000000
Frame 1254    0001 0000000000000000  0001 0000000000000000  0001 0000000000000000  0001 0000000000000000  0001 0000000000000000  0001 0000000000000000  0001 0000000000000000  0001 0000000000000000  0001 0000000000000000  0000 0000000000000000  0000 0000000000000000  0000 0000000000000000
Frame 1255    0001 0000000000000000  0001 0000000000000000  0001 0000000000000000  0001 0000000000000000  0001 0000000000000000  0001 0000000000000000  0001 0000000000000000  0001 0000000000000000  0001 0000000000000000  0000 0000000000000000  0000 0000000000000000  0000 0000000000000000
Frame 1256    0001 0000000000000000  0001 0000000000000000  0001 0000000000000000  0001 0000000000000000  0001 0000000000000000  0001 0000000000000000  0001 0000000000000000  0001 0000000000000000  0001 0000000000000000  0000 0000000000000000  0000 0000000000000000  0000 0000000000000000
Frame 1257    0001 0000000000000000  0001 0000000000000000  0001 0000000000000000  0001 0000000000000000  0001 0000000000000000  0001 0000000000000000  0001 0000000000000000  0001 0000000000000000  0001 0000000000000000  0000 0000000000000000  0000 0000000000000000  0000 0000000000000000
Frame 1258    0001 0000000000000000  0001 0000000000000000  0001 0000000000000000  0001 0000000000000000  0001 0000000000000000  0001 0000000000000000  0001 0000000000000000  0001 0000000000000000  0001 0000000000000000  0000 0000000000000000  0000 0000000000000000  0000 0000000000000000
Frame 1259    0001 0000000000000000  0001 0000000000000000  0001 0000000000000000  0001 0000000000000000  0001 0000000000000000  0001 0000000000000000  0001 0000000000000000  0001 0000000000000000  0001 0000000000000000  0000 0000000000000000  0000 0000000000000000  0000 0000000000000000
Frame 1260    0001 0000000000000000  0001 0000000000000000  0001 0000000000000000  0001 0000000000000000  0001 0000000000000000  0001 0000000000000000  0001 0000000000000000  0001 0000000000000000  0001 0000000000000000  0000 0000000000000000  0000 0000000000000000  0000 0000000000000000
Frame 1261    0001 0000000000000000  0001 0000000000000000  0001 0000000000000000  0001 0000000000000000  0001 0000000000000000  0001 0000000000000000  0001 0000000000000000  0001 0000000000000000  0001 0000000000000000  0000 0000000000000000  0000 0000000000000000  0000 0000000000000000
Frame 1262    0001 0000000000000000  0001 0000000000000000  0001 0000000000000000  0001 0000000000000000  0001 0000000000000000  0001 0000000000000000  0001 0000000000000000  0001 0000000000000000  0001 0000000000000000  0000 0000000000000000  0000 0000000000000000  0000 0000000000000000
Frame 1263    0001 0000000000000000  0001 0000000000000000  0001 0000000000000000  0001 0000000000000000  0001 0000000000000000  0001 0000000000000000  0001 0000000000000000  0001 0000000000000000  0001 0000000000000000  0000 0000000000000000  0000 0000000000000000  0000 0000000000000000
Frame 1264    0001 0000000000000000  0001 0000000000000000  0001 0000000000000000  0001 0000000000000000  0001 0000000000000000  0001 0000000000000000  0001 0000000000000000  0001 0000000000000000  0001 0000000000000000  0000 0000000000000000  0000 0000000000000000  0000 0000000000000000
Frame 1265    0001 0000000000000000  0001 0000000000000000  0001 0000000000000000  0001 0000000000000000  0001 0000000000000000  0001 0000000000000000  0001 0000000000000000  0001 0000000000000000  0001 0000000000000000  0000 0000000000000000  0000 0000000000000000  0000 0000000000000000
Frame 1266    0001 0000000000000000  0001 0000000000000000  0001 0000000000000000  0001 0000000000000000  0001 0000000000000000  0001 0000000000000000  0001 0000000000000000  0001 0000000000000000  0001 0000000000000000  0000 0000000000000000  0000 0000000000000000  0000 0000000000000000
Frame 1267    0001 0000000000000000  0001 0000000000000000  0001 0000000000000000  0001 0000000000000000  0001 0000000000000000  0001 0000000000000000  0001 0000000000000000  0001 0000000000000000  0001 0000000000000000  0000 0000000000000000  0000 0000000000000000  0000 0000000000000000
Frame 1268    0001 0000000000000000  0001 0000000000000000  0001 0000000000000000  0001 0000000000000000  0001 0000000000000000  0001 0000000000000000  0001 0000000000000000  0001 0000000000000000  0001 0000000000000000  0000 0000000000000000  0000 0000000000000000  0000 0000000000000000
Frame 1269    0001 0000000000000000  0001 0000000000000000  0001 0000000000000000  0001 0000000000000000  0001 0000000000000000  0001 0000000000000000  0001 0000000000000000  0001 0000000000000000  0001 0000000000000000  0000 0000000000000000  0000 0000000000000000  0000 0000000000000000
Frame 1270    0001 0000000000000000  0001 0000000000000000  0001 0000000000000000  0001 0000000000000000  0001 0000000000000000  0001 0000000000000000  0001 0000000000000000  0001 0000000000000000  0001 0000000000000000  0000 0000000000000000  0000 0000000000000000  0000 0000000000000000
Frame 1271    0001 0000000000000000  0001 0000000000000000  0001 0000000000000000  0001 0000000000000000  0001 0000000000000000  0001 0000000000000000  0001 0000000000000000  0001 0000000000000000  0001 0000000000000000  0000 0000000000000000  0000 0000000000000000  0000 0000000000000000
Frame 1272    0001 0000000000000000  0001 0000000000000000  0001 0000000000000000  0001 0000000000000000  0001 0000000000000000  0001 0000000000000000  0001 0000000000000000  0001 0000000000000000  0001 0000000000000000  0000 0000000000000000  0000 0000000000000000  0000 0000000000000000
Frame 1273    0001 0000000000000000  0001 0000000000000000  0001 0000000000000000  0001 0000000000000000  0001 0000000000000000  0001 0000000000000000  0001 0000000000000000  0001 0000000000000000  0001 0000000000000000  0000 0000000000000000  0000 0000000000000000  0000 0000000000000000
Frame 1274    0001 0000000000000000  0001 0000000000000000  0001 0000000000000000  0001 0000000000000000  0001 0000000000000000  0001 0000000000000000  0001 0000000000000000  0001 0000000000000000  0001 0000000000000000  0000 0000000000000000  0000 0000000000000000  0000 0000000000000000
Frame 1275    0001 0000000000000000  0001 0000000000000000  0001 0000000000000000  0001 0000000000000000  0001 0000000000000000  0001 0000000000000000  0001 0000000000000000  0001 0000000000000000  0001 0000000000000000  0000 0000000000000000  0000 0000000000000000  0000 0000000000000000
Frame 1276    0001 0000000000000000  0001 0000000000000000  0001 0000000000000000  0001 0000000000000000  0001 0000000000000000  0001 0000000000000000  0001 0000000000000000  0001 0000000000000000  0001 0000000000000000  0000 0000000000000000  0000 0000000000000000  0000 0000000000000000
Frame 1277    0001 0000000000000000  0001 0000000000000000  0001 0000000000000000  0001 0000000000000000  0001 0000000000000000  0001 0000000000000000  0001 0000000000000000  0001 0000000000000000  0001 0000000000000000  0000 0000000000000000  0000 0000000000000000  0000 0000000000000000
Frame 1278    0001 0000000000000000  0001 0000000000000000  0001 0000000000000000  0001 0000000000000000  0001 0000000000000000  0001 0000000000000000  0001 0000000000000000  0001 0000000000000000  0001 0000000000000000  0000 0000000000000000  0000 0000000000000000  0000 0000000000000000
Frame 1279    0001 0000000000000000  0001 0000000000000000  0001 0000000000000000  0001 0000000000000000  0001 0000000000000000  0001 0000000000000000  0001 0000000000000000  0001 0000000000000000  0001 0000000000000000  0000 0000000000000000  0000 0000000000000000  0000 0000000000000000
Frame 1280    0001 0000000000000000  0001 0000000000000000  0001 0000000000000000  0001 0000000000000000  0001 0000000000000000  0001 0000000000000000  0001 0000000000000000  0001 0000000000000000  0001 0000000000000000  0000 0000000000000000  0000 0000000000000000  0000 0000000000000000
Frame 1281    0001 0000000000000000  0001 0000000000000000  0001 0000000000000000  0001 0000000000000000  0001 0000000000000000  0001 0000000000000000  0001 0000000000000000  0001 0000000000000000  0001 0000000000000000  0000 0000000000000000  0000 0000000000000000  0000 0000000000000000
Frame 1282    0001 0000000000000000  0001 0000000000000000  0001 0000000000000000  0001 0000000000000000  0001 0000000000000000  0001 0000000000000000  0001 0000000000000000  0001 0000000000000000  0001 0000000000000000  0000 0000000000000000  0000 0000000000000000  0000 0000000000000000
Frame 1283    0001 0000000000000000  0001 0000000000000000  0001 0000000000000000  0001 0000000000000000  0001 0000000000000000  0001 0000000000000000  0001 0000000000000000  0001 0000000000000000  0001 0000000000000000  0000 0000000000000000  0000 0000000000000000  0000 0000000000000000
Frame 1284    0001 0000000000000000  0001 0000000000000000  0001 0000000000000000  0001 0000000000000000  0001 0000000000000000  0001 0000000000000000  0001 0000000000000000  0001 0000000000000000  0001 0000000000000000  0000 0000000000000000  0000 0000000000000000  0000 0000000000000000
Frame 1285    0001 0000000000000000  0001 0000000000000000  0001 0000000000000000  0001 0000000000000000  0001 0000000000000000  0001 0000000000000000  0001 0000000000000000  0001 0000000000000000  0001 0000000000000000  0000 0000000000000000  0000 0000000000000000  0000 0000000000000000
Frame 1286    0001 0000000000000000  0001 0000000000000000  0001 0000000000000000  0001 0000000000000000  0001 0000000000000000  0001 0000000000000000  0001 0000000000000000  0001 0000000000000000  0001 0000000000000000  0000 0000000000000000  0000 0000000000000000  0000 0000000000000000
Frame 1287    0001 0000000000000000  0001 0000000000000000  0001 0000000000000000  0001 0000000000000000  0001 0000000000000000  0001 0000000000000000  0001 0000000000000000  0001 0000000000000000  0001 0000000000000000  0000 0000000000000000  0000 0000000000000000  0000 0000000000000000
Frame 1288    0001 0000000000000000  0001 0000000000000000  0001 0000000000000000  0001 0000000000000000  0001 0000000000000000  0001 0000000000000000  0001 0000000000000000  0001 0000000000000000  0001 0000000000000000  0000 0000000000000000  0000 0000000000000000  0000 0000000000000000
Frame 1289    0001 0000000000000000  0001 0000000000000000  0001 0000000000000000  0001 0000000000000000  0001 0000000000000000  0001 0000000000000000  0001 0000000000000000  0001 0000000000000000  0001 0000000000000000  0000 0000000000000000  0000 0000000000000000  0000 0000000000000000
Frame 1290    0001 0000000000000000  0001 0000000000000000  0001 0000000000000000  0001 0000000000000000  0001 0000000000000000  0001 0000000000000000  0001 0000000000000000  0001 0000000000000000  0001 0000000000000000  0000 0000000000000000  0000 0000000000000000  0000 0000000000000000
Frame 1291    0001 0000000000000000  0001 0000000000000000  0001 0000000000000000  0001 0000000000000000  0001 0000000000000000  0001 0000000000000000  0001 0000000000000000  0001 0000000000000000  0001 0000000000000000  0000 0000000000000000  0000 0000000000000000  0000 0000000000000000
Frame 1292    0001 0000000000000000  0001 0000000000000000  0001 0000000000000000  0001 0000000000000000  0001 0000000000000000  0001 0000000000000000  0001 0000000000000000  0001 0000000000000000  0001 0000000000000000  0000 0000000000000000  0000 0000000000000000  0000 0000000000000000
Frame 1293    0001 0000000000000000  0001 0000000000000000  0001 0000000000000000  0001 0000000000000000  0001 0000000000000000  0001 0000000000000000  0001 0000000000000000  0001 0000000000000000  0001 0000000000000000  0000 0000000000000000  0000 0000000000000000  0000 0000000000000000
Frame 1294    0001 0000000000000000  0001 0000000000000000  0001 0000000000000000  0001 0000000000000000  0001 0000000000000000  0001 0000000000000000  0001 0000000000000000  0001 0000000000000000  0001 0000000000000000  0000 0000000000000000  0000 0000000000000000  0000 0000000000000000
Frame 1295    0001 0000000000000000  0001 0000000000000000  0001 0000000000000000  0001 0000000000000000  0001 0000000000000000  0001 0000000000000000  0001 0000000000000000  0001 0000000000000000  0001 0000000000000000  0000 0000000000000000  0000 0000000000000000  0000 0000000000000000
Frame 1296    0000 0000000000000000  0000 0000000000000000  0000 0000000000000000  0000 0000000000000000  0000 0000000000000000  0000 0000000000000000  0000 0000000000000000  0000 0000000000000000  0000 0000000000000000  0000 0000000000000000  0000 0000000000000000  0000 0000000000000000
Frame 1297    0000 0000000000000000  0000 0000000000000000  0000 0000000000000000  0000 0000000000000000  0000 0000000000000000  0000 0000000000000000  0000 0000000000000000  0000 0000000000000000  0000 0000000000000000  0000 0000000000000000  0000 0000000000000000  0000 0000000000000000
Frame 1298    0000 0000000000000000  0000 0000000000000000  0000 0000000000000000  0000 0000000000000000  0000 0000000000000000  0000 0000000000000000  0000 0000000000000000  0000 0000000000000000  0000 0000000000000000  0000 0000000000000000  0000 0000000000000000  0000 0000000000000000
Frame 1299    0000 0000000000000000  0000 0000000000000000  0000 0000000000000000  0000 0000000000000000  0000 0000000000000000  0000 0000000000000000  0000 0000000000000000  0000 0000000000000000  0000 0000000000000000  0000 0000000000000000  0000 0000000000000000  0000 0000000000000000
Frame 1300    0000 0000000000000000  0000 0000000000000000  0000 0000000000000000  0000 0000000000000000  0000 0000000000000000  0000 0000000000000000  0000 0000000000000000  0000 0000000000000000  0000 0000000000000000  0000 0000000000000000  0000 0000000000000000  0000 0000000000000000
Frame 1301    0000 0000000000000000  0000 0000000000000000  0000 0000000000000000  0000 0000000000000000  0000 0000000000000000  0000 0000000000000000  0000 0000000000000000  0000 0000000000000000  0000 0000000000000000  0000 0000000000000000  0000 0000000000000000  0000 0000000000000000
Frame 1302    0001 145379463ef44392  0001 00076bc000001403  0001 0007a83ffffe1203  0001 0007ed0000001003  0001 0000000000000000  0001 0004817f904ee864  0001 0000000000000000  0001 0000000000000000  0001 0000000000000000  0000 0000000000000000  0000 0000000000000000  0000 0000000000000000
Frame 1303    0001 19199a63fa3bf6cd  0001 00076bc040001201  0001 0007a83fbffc1001  0001 0007f30000000e01  0001 0000000000000000  0001 000491c0000a0c3a  0001 0000000000000000  0001 0000000000000000  0001 0000000000000000  0000 0000000000000000  0000 0000000000000000  0000 0000000000000000
Frame 1304    0001 1bf49aae43224e06  0001 0000000000000000  0001 0007a80000001203  0001 0007f27ffffe1003  0001 0000000000000000  0001 000451008fe2e864  0001 000489c0f07ce864  0001 0000000000000000  0001 0000000000000000  0000 0000000000000000  0000 0000000000000000  0000 0000000000000000
Frame 1305    0001 14a8dc344228497b  0001 0000000000000000  0001 0007a80000001203  0001 0007f27ffffe1003  0001 0000000000000000  0001 000468c0000ee864  0001 0000000000000000  0001 0004f580d026e864  0001 0000000000000000  0000 0000000000000000  0000 0000000000000000  0000 0000000000000000
Frame 1306    0001 1aecc2de49fe5298  0001 000776bfdffe1604  0001 0007a8002ffe1404  0001 0007f27fe0001204  0001 0004384050071a7a  0001 0000000000000000  0001 0000000000000000  0001 0000000000000000  0001 0000000000000000  0000 0000000000000000  0000 0000000000000000  0000 0000000000000000
Frame 1307    0001 156045e84d46557c  0001 0007747feffe1604  0001 0007a80000021404  0001 0007f2401ffc1204  0001 0004323fe0001203  0001 0000000000000000  0001 0000000000000000  0001 0000000000000000  0001 0000000000000000  0000 0000000000000000  0000 0000000000000000  0000 0000000000000000
Frame 1308    0001 15affee81fd62730  0001 00076bc020021602  0001 0007a83fdffc1402  0001 0007ef7ff0001202  0001 00043d00002c0a3a  0001 0000000000000000  0001 0000000000000000  0001 0000000000000000  0001 0000000000000000  0000 0000000000000000  0000 0000000000000000  0000 0000000000000000
Frame 1309    0001 1de2ace3e007e06d  0001 00076bc02ffe1001  0001 0007a83fe0000e01  0001 0007f1fffffe0c01  0001 00044c800070063a  0001 0000000000000000  0001 0000000000000000  0001 0000000000000000  0001 0000000000000000  0000 0000000000000000  0000 0000000000000000  0000 0000000000000000
Frame 1310    0001 193a4c2e22f6260f  0001 00076bc070021a02  0001 0007a83fbffa1802  0001 0007f87f80001602  0001 00043c4020300c3a  0001 0000000000000000  0001 0000000000000000  0001 0000000000000000  0001 0000000000000000  0000 0000000000000000  0000 0000000000000000  0000 0000000000000000
Frame 1311    0001 1409d75e4ede5614  0001 0000000000000000  0001 0007a8009ffc1004  0001 0007f27f00060e04  0001 00042fc06ffe0c03  0001 000468c28028b47a  0001 0000000000000000  0001 0000000000000000  0001 0000000000000000  0000 0000000000000000  0000 0000000000000000  0000 0000000000000000
Frame 1312    0001 19955eca7e308dc1  0001 00076bffc0041a05  0001 0000000000000000  0001 0007b3c04ff81605  0001 0007d68010021605  0001 0007fd3fc0021605  0001 0000000000000000  0001 0000000000000000  0001 0000000000000000  0000 0000000000000000  0000 0000000000000000  0000 0000000000000000
Frame 1313    0001 15ba919bea4be8ed  0001 00076bc000001001  0001 0007a8000ffe0e01  0001 0007ea7fe0000c01  0001 00043d00000c0a3a  0001 0000000000000000  0001 0000000000000000  0001 0000000000000000  0001 0000000000000000  0000 0000000000000000  0000 0000000000000000  0000 0000000000000000
Frame 1314    0001 150e0fc68c729c16  0001 00076bc02ffe1606  0001 0000000000000000  0001 0007a03fd0081606  0001 0007bebfdff01406  0001 0007e8c020041406  0001 0000000000000000  0001 0000000000000000  0001 0000000000000000  0000 0000000000000000  0000 0000000000000000  0000 0000000000000000
Frame 1315    0001 12cc65be2ad22f00  0001 00076bfff0021002  0001 0007a8002ffc0e02  0001 0007fbffd0000c02  0001 00043b40005c063a  0001 0000000000000000  0001 0000000000000000  0001 0000000000000000  0001 0000000000000000  0000 0000000000000000  0000 0000000000000000  0000 0000000000000000
Frame 1316    0001 1a487cc941d52c0b  0001 00075c401ffe1808  0001 0007717fdffc1808  0001 00078affe00c1608  0001 0007a7401ff81608  0001 0000000000000000  0001 0000000000000000  0001 0000000000000000  0001 0000000000000000  0000 0000000000000000  0000 0000000000000000  0000 0000000000000000
Frame 1317    0001 1501140b40433418  0001 00076bc00ffe1608  0001 00077d803ffe1808  0001 0007937fa0001608  0001 0007b0c02ffe1608  0001 0000000000000000  0001 0000000000000000  0001 0000000000000000  0001 0000000000000000  0000 0000000000000000  0000 0000000000000000  0000 0000000000000000
Frame 1318    0001 18dba21280448eed  0001 0000000000000000  0001 0000000000000000  0001 0007afc0100a1c05  0001 0007d3bfefea1a05  0001 0007fbc0000a1a05  0001 00042c41108980bd  0001 0000000000000000  0001 0000000000000000  0000 0000000000000000  0000 0000000000000000  0000 0000000000000000
Frame 1319    0001 130ab47c71b87c84  0001 00076bc01ffc1205  0001 0000000000000000  0001 0007cdbfc0060e04  0001 0007f1002ffa0e04  0001 00042c402ee8b4a7  0001 0000000000000000  0001 0000000000000000  0001 0000000000000000  0000 0000000000000000  0000 0000000000000000  0000 0000000000000000
Frame 1320    0001 16059619d5ffd542  0001 00076bffb0001a02  0001 0007a8003ffe1802  0001 0007f5c040001602  0001 00043c7fef8c0c3a  0001 0000000000000000  0001 0000000000000000  0001 0000000000000000  0001 0000000000000000  0000 0000000000000000  0000 0000000000000000  0000 0000000000000000
Frame 1321    0001 146107138d277f8c  0001 00076bffe0001405  0001 0000000000000000  0001 0007c5402ff81205  0001 0007ea40000e1205  0001 00041fffeff81005  0001 0000000000000000  0001 0000000000000000  0001 0000000000000000  0000 0000000000000000  0000 0000000000000000  0000 0000000000000000
Frame 1322    0001 14b687ca943eaa5a  0001 00076bff90041406  0001 00078d4040021406  0001 0000000000000000  0001 0007cfc04ff61206  0001 0007fc7fb0061206  0001 0000000000000000  0001 0000000000000000  0001 0000000000000000  0000 0000000000000000  0000 0000000000000000  0000 0000000000000000
Frame 1323    0001 14116585a16f9aa8  0001 00076bfff0021404  0001 0007a8001ffc1204  0001 0000000000000000  0001 000402bff0021204  0001 0000000000000000  0001 00045ec09eece890  0001 0000000000000000  0001 0000000000000000  0000 0000000000000000  0000 0000000000000000  0000 0000000000000000
Frame 1324    0001 199d75ae925aa062  0001 0000000000000000  0001 00079d0030081606  0001 0007b87fdff81406  0001 0007df3feff81406  0001 00040c8010041406  0001 0000000000000000  0001 0000000000000000  0001 0000000000000000  0000 0000000000000000  0000 0000000000000000  0000 0000000000000000
Frame 1325    0001 1472faa6ca18e00e  0001 0000000000000000  0001 00076bffffec1609  0001 0007817fe00e1609  0001 00079e0030021409  0001 0007bfffeff81209  0001 0000000000000000  0001 0000000000000000  0001 0000000000000000  0000 0000000000000000  0000 0000000000000000  0000 0000000000000000
Frame 1326    0001 18e550ffbdddb6b3  0001 00076bffeffe1c03  0001 0007a80020001a03  0001 0007ee7feffe1803  0001 0000000000000000  0001 0000000000000000  0001 0004a27fc0558064  0001 0000000000000000  0001 0000000000000000  0000 0000000000000000  0000 0000000000000000  0000 0000000000000000
Frame 1327    0001 1a38cd8ec19ad970  0001 0000000000000000  0001 00076d3fc0001808  0001 0007844050001608  0001 0007a33fbffc1608  0001 0007c50000001408  0001 0000000000000000  0001 0000000000000000  0001 0000000000000000  0000 0000000000000000  0000 0000000000000000  0000 0000000000000000
Frame 1328    0001 153f85dd9b998c2e  0001 00076bfffffe1605  0001 0007a83ffffe1405  0001 0007de8020041404  0001 000404bfeffc1404  0001 0000000000000000  0001 0000000000000000  0001 0000000000000000  0001 0000000000000000  0000 0000000000000000  0000 0000000000000000  0000 0000000000000000
Frame 1329    0001 15eb86f7f9b0002c  0001 00076bfff0001001  0001 0007a8005ffc0e01  0001 0007ea7f90000c01  0001 00043b4010020a3a  0001 0000000000000000  0001 0000000000000000  0001 0000000000000000  0001 0000000000000000  0000 0000000000000000  0000 0000000000000000  0000 0000000000000000
Frame 1330    0001 1a150e172801168e  0001 0000000000000000  0001 00076affe0061809  0001 00077f401ffa1809  0001 000799c030001609  0001 0007b6bfe0001409  0001 0000000000000000  0001 0000000000000000  0001 0000000000000000  0000 0000000000000000  0000 0000000000000000  0000 0000000000000000
Frame 1331    0001 1d60467dfe2ffc25  0001 00076bc000000c01  0001 0007a83ffffc0a01  0001 0007e77ff0000801  0001 00043b400fde063a  0001 0000000000000000  0001 0000000000000000  0001 0000000000000000  0001 0000000000000000  0000 0000000000000000  0000 0000000000000000  0000 0000000000000000
Frame 1332    0001 195b27ca0d0808b6  0001 0000000000000000  0001 0007a8000ffe1001  0001 0007e9bfbffe0e01  0001 00043ac04fb80c3a  0001 000491ffd0480c3a  0001 0000000000000000  0001 0000000000000000  0001 0000000000000000  0000 0000000000000000  0000 0000000000000000  0000 0000000000000000
Frame 1333    0001 1b199f6639363fae  0001 00076fbf70001602  0001 0000000000000000  0001 0007f240effe1202  0001 000443ffcfec0a3a  0001 0000000000000000  0001 0000000000000000  0001 000489c0509b1a4d  0001 0000000000000000  0000 0000000000000000  0000 0000000000000000  0000 0000000000000000
Frame 1334    0001 1bf6940bfc86039e  0001 00076b3dfffc0e01  0001 0007a94210060c01  0001 0007f2400ffc0a01  0001 000443ffbfb0083a  0001 0000000000000000  0001 0000000000000000  0001 0000000000000000  0001 0000000000000000  0000 0000000000000000  0000 0000000000000000  0000 0000000000000000
Frame 1335    0001 0000000000000000  0001 0000000000000000  0001 0000000000000000  0001 0000000000000000  0001 0000000000000000  0001 0000000000000000  0001 0000000000000000  0001 0000000000000000  0001 0000000000000000  0000 0000000000000000  0000 0000000000000000  0000 0000000000000000
Frame 1336    0001 0000000000000000  0001 0000000000000000  0001 0000000000000000  0001 0000000000000000  0001 0000000000000000  0001 0000000000000000  0001 0000000000000000  0001 0000000000000000  0001 0000000000000000  0000 0000000000000000  0000 0000000000000000  0000 0000000000000000
Frame 1337    0001 0000000000000000  0001 0000000000000000  0001 0000000000000000  0001 0000000000000000  0001 0000000000000000  0001 0000000000000000  0001 0000000000000000  0001 0000000000000000  0001 0000000000000000  0000 0000000000000000  0000 0000000000000000  0000 0000000000000000
Frame 1338    0001 0000000000000000  0001 0000000000000000  0001 0000000000000000  0001 0000000000000000  0001 0000000000000000  0001 0000000000000000  0001 0000000000000000  0001 0000000000000000  0001 0000000000000000  0000 0000000000000000  0000 0000000000000000  0000 0000000000000000
Frame 1339    0001 0000000000000000  0001 0000000000000000  0001 0000000000000000  0001 0000000000000000  0001 0000000000000000  0001 0000000000000000  0001 0000000000000000  0001 0000000000000000  0001 0000000000000000  0000 0000000000000000  0000 0000000000000000  0000 0000000000000000
Frame 1340    0001 0000000000000000  0001 0000000000000000  0001 0000000000000000  0001 0000000000000000  0001 0000000000000000  0001 0000000000000000  0001 0000000000000000  0001 0000000000000000  0001 0000000000000000  0000 0000000000000000  0000 0000000000000000  0000 0000000000000000
Frame 1341    0001 0000000000000000  0001 0000000000000000  0001 0000000000000000  0001 0000000000000000  0001 0000000000000000  0001 0000000000000000  0001 0000000000000000  0001 0000000000000000  0001 0000000000000000  0000 0000000000000000  0000 0000000000000000  0000 0000000000000000
Frame 1342    0001 0000000000000000  0001 0000000000000000  0001 0000000000000000  0001 0000000000000000  0001 0000000000000000  0001 0000000000000000  0001 0000000000000000  0001 0000000000000000  0001 0000000000000000  0000 0000000000000000  0000 0000000000000000  0000 0000000000000000
Frame 1343    0001 0000000000000000  0001 0000000000000000  0001 0000000000000000  0001 0000000000000000  0001 0000000000000000  0001 0000000000000000  0001 0000000000000000  0001 0000000000000000  0001 0000000000000000  0000 0000000000000000  0000 0000000000000000  0000 0000000000000000
Frame 1344    0001 0000000000000000  0001 0000000000000000  0001 0000000000000000  0001 0000000000000000  0001 0000000000000000  0001 0000000000000000  0001 0000000000000000  0001 0000000000000000  0001 0000000000000000  0000 0000000000000000  0000 0000000000000000  0000 0000000000000000
Frame 1345    0001 0000000000000000  0001 0000000000000000  0001 0000000000000000  0001 0000000000000000  0001 0000000000000000  0001 0000000000000000  0001 0000000000000000  0001 0000000000000000  0001 0000000000000000  0000 0000000000000000  0000 0000000000000000  0000 0000000000000000
Frame 1346    0001 0000000000000000  0001 0000000000000000  0001 0000000000000000  0001 0000000000000000  0001 0000000000000000  0001 0000000000000000  0001 0000000000000000  0001 0000000000000000  0001 0000000000000000  0000 0000000000000000  0000 0000000000000000  0000 0000000000000000
Frame 1347    0001 0000000000000000  0001 0000000000000000  0001 0000000000000000  0001 0000000000000000  0001 0000000000000000  0001 0000000000000000  0001 0000000000000000  0001 0000000000000000  0001 0000000000000000  0000 0000000000000000  0000 0000000000000000  0000 0000000000000000
Frame 1348    0001 0000000000000000  0001 0000000000000000  0001 0000000000000000  0001 0000000000000000  0001 0000000000000000  0001 0000000000000000  0001 0000000000000000  0001 0000000000000000  0001 0000000000000000  0000 0000000000000000  0000 0000000000000000  0000 0000000000000000
Frame 1349    0001 0000000000000000  0001 0000000000000000  0001 0000000000000000  0001 0000000000000000  0001 0000000000000000  0001 0000000000000000  0001 0000000000000000  0001 0000000000000000  0001 0000000000000000  0000 0000000000000000  0000 0000000000000000  0000 0000000000000000
Frame 1350    0001 0000000000000000  0001 0000000000000000  0001 0000000000000000  0001 0000000000000000  0001 0000000000000000  0001 0000000000000000  0001 0000000000000000  0001 0000000000000000  0001 0000000000000000  0000 0000000000000000  0000 0000000000000000  0000 0000000000000000
Frame 1351    0001 0000000000000000  0001 0000000000000000  0001 0000000000000000  0001 0000000000000000  0001 0000000000000000  0001 0000000000000000  0001 0000000000000000  0001 0000000000000000  0001 0000000000000000  0000 0000000000000000  0000 0000000000000000  0000 0000000000000000
Frame 1352    0001 0000000000000000  0001 0000000000000000  0001 0000000000000000  0001 0000000000000000  0001 0000000000000000  0001 0000000000000000  0001 0000000000000000  0001 0000000000000000  0001 0000000000000000  0000 0000000000000000  0000 0000000000000000  0000 0000000000000000
Frame 1353    0001 0000000000000000  0001 0000000000000000  0001 0000000000000000  0001 0000000000000000  0001 0000000000000000  0001 0000000000000000  0001 0000000000000000  0001 0000000000000000  0001 0000000000000000  0000 0000000000000000  0000 0000000000000000  0000 0000000000000000
Frame 1354    0001 0000000000000000  0001 0000000000000000  0001 0000000000000000  0001 0000000000000000  0001 0000000000000000  0001 0000000000000000  0001 0000000000000000  0001 0000000000000000  0001 0000000000000000  0000 0000000000000000  0000 0000000000000000  0000 0000000000000000
Frame 1355    0001 0000000000000000  0001 0000000000000000  0001 0000000000000000  0001 0000000000000000  0001 0000000000000000  0001 0000000000000000  0001 0000000000000000  0001 0000000000000000  0001 0000000000000000  0000 0000000000000000  0000 0000000000000000  0000 0000000000000000
Frame 1356    0001 0000000000000000  0001 0000000000000000  0001 0000000000000000  0001 0000000000000000  0001 0000000000000000  0001 0000000000000000  0001 0000000000000000  0001 0000000000000000  0001 0000000000000000  0000 0000000000000000  0000 0000000000000000  0000 0000000000000000
Frame 1357    0001 0000000000000000  0001 0000000000000000  0001 0000000000000000  0001 0000000000000000  0001 0000000000000000  0001 0000000000000000  0001 0000000000000000  0001 0000000000000000  0001 0000000000000000  0000 0000000000000000  0000 0000000000000000  0000 0000000000000000
Frame 1358    0001 0000000000000000  0001 0000000000000000  0001 0000000000000000  0001 0000000000000000  0001 0000000000000000  0001 0000000000000000  0001 0000000000000000  0001 0000000000000000  0001 0000000000000000  0000 0000000000000000  0000 0000000000000000  0000 0000000000000000
Frame 1359    0001 0000000000000000  0001 0000000000000000  0001 0000000000000000  0001 0000000000000000  0001 0000000000000000  0001 0000000000000000  0001 0000000000000000  0001 0000000000000000  0001 0000000000000000  0000 0000000000000000  0000 0000000000000000  0000 0000000000000000
Frame 1360    0001 0000000000000000  0001 0000000000000000  0001 0000000000000000  0001 0000000000000000  0001 0000000000000000  0001 0000000000000000  0001 0000000000000000  0001 0000000000000000  0001 0000000000000000  0000 0000000000000000  0000 0000000000000000  0000 0000000000000000
Frame 1361    0001 0000000000000000  0001 0000000000000000  0001 0000000000000000  0001 0000000000000000  0001 0000000000000000  0001 0000000000000000  0001 0000000000000000  0001 0000000000000000  0001 0000000000000000  0000 0000000000000000  0000 0000000000000000  0000 0000000000000000
Frame 1362    0001 0000000000000000  0001 0000000000000000  0001 0000000000000000  0001 0000000000000000  0001 0000000000000000  0001 0000000000000000  0001 0000000000000000  0001 0000000000000000  0001 0000000000000000  0000 0000000000000000  0000 0000000000000000  0000 0000000000000000
Frame 1363    0001 0000000000000000  0001 0000000000000000  0001 0000000000000000  0001 0000000000000000  0001 0000000000000000  0001 0000000000000000  0001 0000000000000000  0001 0000000000000000  0001 0000000000000000  0000 0000000000000000  0000 0000000000000000  0000 0000000000000000
Frame 1364    0001 0000000000000000  0001 0000000000000000  0001 0000000000000000  0001 0000000000000000  0001 0000000000000000  0001 0000000000000000  0001 0000000000000000  0001 0000000000000000  0001 0000000000000000  0000 0000000000000000  0000 0000000000000000  0000 0000000000000000
Frame 1365    0001 0000000000000000  0001 0000000000000000  0001 0000000000000000  0001 0000000000000000  0001 0000000000000000  0001 0000000000000000  0001 0000000000000000  0001 0000000000000000  0001 0000000000000000  0000 0000000000000000  0000 0000000000000000  0000 0000000000000000
Frame 1366    0001 0000000000000000  0001 0000000000000000  0001 0000000000000000  0001 0000000000000000  0001 0000000000000000  0001 0000000000000000  0001 0000000000000000  0001 0000000000000000  0001 0000000000000000  0000 0000000000000000  0000 0000000000000000  0000 0000000000000000
Frame 1367    0001 0000000000000000  0001 0000000000000000  0001 0000000000000000  0001 0000000000000000  0001 0000000000000000  0001 0000000000000000  0001 0000000000000000  0001 0000000000000000  0001 0000000000000000  0000 0000000000000000  0000 0000000000000000  0000 0000000000000000
Frame 1368    0001 0000000000000000  0001 0000000000000000  0001 0000000000000000  0001 0000000000000000  0001 0000000000000000  0001 0000000000000000  0001 0000000000000000  0001 0000000000000000  0001 0000000000000000  0000 0000000000000000  0000 0000000000000000  0000 0000000000000000
Frame 1369    0001 0000000000000000  0001 0000000000000000  0001 0000000000000000  0001 0000000000000000  0001 0000000000000000  0001 0000000000000000  0001 0000000000000000  0001 0000000000000000  0001 0000000000000000  0000 0000000000000000  0000 0000000000000000  0000 0000000000000000
Frame 1370    0001 0000000000000000  0001 0000000000000000  0001 0000000000000000  0001 0000000000000000  0001 0000000000000000  0001 0000000000000000  0001 0000000000000000  0001 0000000000000000  0001 0000000000000000  0000 0000000000000000  0000 0000000000000000  0000 0000000000000000
Frame 1371    0001 0000000000000000  0001 0000000000000000  0001 0000000000000000  0001 0000000000000000  0001 0000000000000000  0001 0000000000000000  0001 0000000000000000  0001 0000000000000000  0001 0000000000000000  0000 0000000000000000  0000 0000000000000000  0000 0000000000000000
Frame 1372    0001 0000000000000000  0001 0000000000000000  0001 0000000000000000  0001 0000000000000000  0001 0000000000000000  0001 0000000000000000  0001 0000000000000000  0001 0000000000000000  0001 0000000000000000  0000 0000000000000000  0000 0000000000000000  0000 0000000000000000
Frame 1373    0001 0000000000000000  0001 0000000000000000  0001 0000000000000000  0001 0000000000000000  0001 0000000000000000  0001 0000000000000000  0001 0000000000000000  0001 0000000000000000  0001 0000000000000000  0000 0000000000000000  0000 0000000000000000  0000 0000000000000000
Frame 1374    0001 0000000000000000  0001 0000000000000000  0001 0000000000000000  0001 0000000000000000  0001 0000000000000000  0001 0000000000000000  0001 0000000000000000  0001 0000000000000000  0001 0000000000000000  0000 0000000000000000  0000 0000000000000000  0000 0000000000000000
Frame 1375    0001 0000000000000000  0001 0000000000000000  0001 0000000000000000  0001 0000000000000000  0001 0000000000000000  0001 0000000000000000  0001 0000000000000000  0001 0000000000000000  0001 0000000000000000  0000 0000000000000000  0000 0000000000000000  0000 0000000000000000
Frame 1376    0001 0000000000000000  0001 0000000000000000  0001 0000000000000000  0001 0000000000000000  0001 0000000000000000  0001 0000000000000000  0001 0000000000000000  0001 0000000000000000  0001 0000000000000000  0000 0000000000000000  0000 0000000000000000  0000 0000000000000000
Frame 1377    0001 0000000000000000  0001 0000000000000000  0001 0000000000000000  0001 0000000000000000  0001 0000000000000000  0001 0000000000000000  0001 0000000000000000  0001 0000000000000000  0001 0000000000000000  0000 0000000000000000  0000 0000000000000000  0000 0000000000000000
Frame 1378    0001 0000000000000000  0001 0000000000000000  0001 0000000000000000  0001 0000000000000000  0001 0000000000000000  0001 0000000000000000  0001 0000000000000000  0001 0000000000000000  0001 0000000000000000  0000 0000000000000000  0000 0000000000000000  0000 0000000000000000
Frame 1379    0001 0000000000000000  0001 0000000000000000  0001 0000000000000000  0001 0000000000000000  0001 0000000000000000  0001 0000000000000000  0001 0000000000000000  0001 0000000000000000  0001 0000000000000000  0000 0000000000000000  0000 0000000000000000  0000 0000000000000000
Frame 1380    0001 0000000000000000  0001 0000000000000000  0001 0000000000000000  0001 0000000000000000  0001 0000000000000000  0001 0000000000000000  0001 0000000000000000  0001 0000000000000000  0001 0000000000000000  0000 0000000000000000  0000 0000000000000000  0000 0000000000000000
Frame 1381    0001 0000000000000000  0001 0000000000000000  0001 0000000000000000  0001 0000000000000000  0001 0000000000000000  0001 0000000000000000  0001 0000000000000000  0001 0000000000000000  0001 0000000000000000  0000 0000000000000000  0000 0000000000000000  0000 0000000000000000
Frame 1382    0001 0000000000000000  0001 0000000000000000  0001 0000000000000000  0001 0000000000000000  0001 0000000000000000  0001 0000000000000000  0001 0000000000000000  0001 0000000000000000  0001 0000000000000000  0000 0000000000000000  0000 0000000000000000  0000 0000000000000000
Frame 1383    0001 0000000000000000  0001 0000000000000000  0001 0000000000000000  0001 0000000000000000  0001 0000000000000000  0001 0000000000000000  0001 0000000000000000  0001 0000000000000000  0001 0000000000000000  0000 0000000000000000  0000 0000000000000000  0000 0000000000000000
Frame 1384    0001 0000000000000000  0001 0000000000000000  0001 0000000000000000  0001 0000000000000000  0001 0000000000000000  0001 0000000000000000  0001 0000000000000000  0001 0000000000000000  0001 0000000000000000  0000 0000000000000000  0000 0000000000000000  0000 0000000000000000
Frame 1385    0001 0000000000000000  0001 0000000000000000  0001 0000000000000000  0001 0000000000000000  0001 0000000000000000  0001 0000000000000000  0001 0000000000000000  0001 0000000000000000  0001 0000000000000000  0000 0000000000000000  0000 0000000000000000  0000 0000000000000000
Frame 1386    0001 0000000000000000  0001 0000000000000000  0001 0000000000000000  0001 0000000000000000  0001 0000000000000000  0001 0000000000000000  0001 0000000000000000  0001 0000000000000000  0001 0000000000000000  0000 0000000000000000  0000 0000000000000000  0000 0000000000000000
Frame 1387    0001 0000000000000000  0001 0000000000000000  0001 0000000000000000  0001 0000000000000000  0001 0000000000000000  0001 0000000000000000  0001 0000000000000000  0001 0000000000000000  0001 0000000000000000  0000 0000000000000000  0000 0000000000000000  0000 0000000000000000
Frame 1388    0001 0000000000000000  0001 0000000000000000  0001 0000000000000000  0001 0000000000000000  0001 0000000000000000  0001 0000000000000000  0001 0000000000000000  0001 0000000000000000  0001 0000000000000000  0000 0000000000000000  0000 0000000000000000  0000 0000000000000000
Frame 1389    0001 0000000000000000  0001 0000000000000000  0001 0000000000000000  0001 0000000000000000  0001 0000000000000000  0001 0000000000000000  0001 0000000000000000  0001 0000000000000000  0001 0000000000000000  0000 0000000000000000  0000 0000000000000000  0000 0000000000000000
Frame 1390    0001 0000000000000000  0001 0000000000000000  0001 0000000000000000  0001 0000000000000000  0001 0000000000000000  0001 0000000000000000  0001 0000000000000000  0001 0000000000000000  0001 0000000000000000  0000 0000000000000000  0000 0000000000000000  0000 0000000000000000
Frame 1391    0001 0000000000000000  0001 0000000000000000  0001 0000000000000000  0001 0000000000000000  0001 0000000000000000  0001 0000000000000000  0001 0000000000000000  0001 0000000000000000  0001 0000000000000000  0000 0000000000000000  0000 0000000000000000  0000 0000000000000000
Frame 1392    0001 0000000000000000  0001 0000000000000000  0001 0000000000000000  0001 0000000000000000  0001 0000000000000000  0001 0000000000000000  0001 0000000000000000  0001 0000000000000000  0001 0000000000000000  0000 0000000000000000  0000 0000000000000000  0000 0000000000000000
Frame 1393    0001 0000000000000000  0001 0000000000000000  0001 0000000000000000  0001 0000000000000000  0001 0000000000000000  0001 0000000000000000  0001 0000000000000000  0001 0000000000000000  0001 0000000000000000  0000 0000000000000000  0000 0000000000000000  0000 0000000000000000
Frame 1394    0001 0000000000000000  0001 0000000000000000  0001 0000000000000000  0001 0000000000000000  0001 0000000000000000  0001 0000000000000000  0001 0000000000000000  0001 0000000000000000  0001 0000000000000000  0000 0000000000000000  0000 0000000000000000  0000 0000000000000000
Frame 1395    0001 0000000000000000  0001 0000000000000000  0001 0000000000000000  0001 0000000000000000  0001 0000000000000000  0001 0000000000000000  0001 0000000000000000  0001 0000000000000000  0001 0000000000000000  0000 0000000000000000  0000 0000000000000000  0000 0000000000000000
Frame 1396    0001 0000000000000000  0001 0000000000000000  0001 0000000000000000  0001 0000000000000000  0001 0000000000000000  0001 0000000000000000  0001 0000000000000000  0001 0000000000000000  0001 0000000000000000  0000 0000000000000000  0000 0000000000000000  0000 0000000000000000
Frame 1397    0001 0000000000000000  0001 0000000000000000  0001 0000000000000000  0001 0000000000000000  0001 0000000000000000  0001 0000000000000000  0001 0000000000000000  0001 0000000000000000  0001 0000000000000000  0000 0000000000000000  0000 0000000000000000  0000 0000000000000000
Frame 1398    0001 0000000000000000  0001 0000000000000000  0001 0000000000000000  0001 0000000000000000  0001 0000000000000000  0001 0000000000000000  0001 0000000000000000  0001 0000000000000000  0001 0000000000000000  0000 0000000000000000  0000 0000000000000000  0000 0000000000000000
Frame 1399    0001 0000000000000000  0001 0000000000000000  0001 0000000000000000  0001 0000000000000000  0001 0000000000000000  0001 0000000000000000  0001 0000000000000000  0001 0000000000000000  0001 0000000000000000  0000 0000000000000000  0000 0000000000000000  0000 0000000000000000
Frame 1400    0001 0000000000000000  0001 0000000000000000  0001 0000000000000000  0001 0000000000000000  0001 0000000000000000  0001 0000000000000000  0001 0000000000000000  0001 0000000000000000  0001 0000000000000000  0000 0000000000000000  0000 0000000000000000  0000 0000000000000000
Frame 1401    0001 0000000000000000  0001 0000000000000000  0001 0000000000000000  0001 0000000000000000  0001 0000000000000000  0001 0000000000000000  0001 0000000000000000  0001 0000000000000000  0001 0000000000000000  0000 0000000000000000  0000 0000000000000000  0000 0000000000000000
Frame 1402    0001 0000000000000000  0001 0000000000000000  0001 0000000000000000  0001 0000000000000000  0001 0000000000000000  0001 0000000000000000  0001 0000000000000000  0001 0000000000000000  0001 0000000000000000  0000 0000000000000000  0000 0000000000000000  0000 0000000000000000
Frame 1403    0001 0000000000000000  0001 0000000000000000  0001 0000000000000000  0001 0000000000000000  0001 0000000000000000  0001 0000000000000000  0001 0000000000000000  0001 0000000000000000  0001 0000000000000000  0000 0000000000000000  0000 0000000000000000  0000 0000000000000000
Frame 1404    0001 0000000000000000  0001 0000000000000000  0001 0000000000000000  0001 0000000000000000  0001 0000000000000000  0001 0000000000000000  0001 0000000000000000  0001 0000000000000000  0001 0000000000000000  0000 0000000000000000  0000 0000000000000000  0000 0000000000000000
Frame 1405    0001 0000000000000000  0001 0000000000000000  0001 0000000000000000  0001 0000000000000000  0001 0000000000000000  0001 0000000000000000  0001 0000000000000000  0001 0000000000000000  0001 0000000000000000  0000 0000000000000000  0000 0000000000000000  0000 0000000000000000
Frame 1406    0001 0000000000000000  0001 0000000000000000  0001 0000000000000000  0001 0000000000000000  0001 0000000000000000  0001 0000000000000000  0001 0000000000000000  0001 0000000000000000  0001 0000000000000000  0000 0000000000000000  0000 0000000000000000  0000 0000000000000000
Frame 1407    0001 0000000000000000  0001 0000000000000000  0001 0000000000000000  0001 0000000000000000  0001 0000000000000000  0001 0000000000000000  0001 0000000000000000  0001 0000000000000000  0001 0000000000000000  0000 0000000000000000  0000 0000000000000000  0000 0000000000000000
Frame 1408    0001 0000000000000000  0001 0000000000000000  0001 0000000000000000  0001 0000000000000000  0001 0000000000000000  0001 0000000000000000  0001 0000000000000000  0001 0000000000000000  0001 0000000000000000  0000 0000000000000000  0000 0000000000000000  0000 0000000000000000
Frame 1409    0001 0000000000000000  0001 0000000000000000  0001 0000000000000000  0001 0000000000000000  0001 0000000000000000  0001 0000000000000000  0001 0000000000000000  0001 0000000000000000  0001 0000000000000000  0000 0000000000000000  0000 0000000000000000  0000 0000000000000000
Frame 1410    0001 0000000000000000  0001 0000000000000000  0001 0000000000000000  0001 0000000000000000  0001 0000000000000000  0001 0000000000000000  0001 0000000000000000  0001 0000000000000000  0001 0000000000000000  0000 0000000000000000  0000 0000000000000000  0000 0000000000000000
Frame 1411    0001 0000000000000000  0001 0000000000000000  0001 0000000000000000  0001 0000000000000000  0001 0000000000000000  0001 0000000000000000  0001 0000000000000000  0001 0000000000000000  0001 0000000000000000  0000 0000000000000000  0000 0000000000000000  0000 0000000000000000
Frame 1412    0001 0000000000000000  0001 0000000000000000  0001 0000000000000000  0001 0000000000000000  0001 0000000000000000  0001 0000000000000000  0001 0000000000000000  0001 0000000000000000  0001 0000000000000000  0000 0000000000000000  0000 0000000000000000  0000 0000000000000000
Frame 1413    0001 0000000000000000  0001 0000000000000000  0001 0000000000000000  0001 0000000000000000  0001 0000000000000000  0001 0000000000000000  0001 0000000000000000  0001 0000000000000000  0001 0000000000000000  0000 0000000000000000  0000 0000000000000000  0000 0000000000000000
Frame 1414    0001 0000000000000000  0001 0000000000000000  0001 0000000000000000  0001 0000000000000000  0001 0000000000000000  0001 0000000000000000  0001 0000000000000000  0001 0000000000000000  0001 0000000000000000  0000 0000000000000000  0000 0000000000000000  0000 0000000000000000
Frame 1415    0001 0000000000000000  0001 0000000000000000  0001 0000000000000000  0001 0000000000000000  0001 0000000000000000  0001 0000000000000000  0001 0000000000000000  0001 0000000000000000  0001 0000000000000000  0000 0000000000000000  0000 0000000000000000  0000 0000000000000000
Frame 1416    0001 0000000000000000  0001 0000000000000000  0001 0000000000000000  0001 0000000000000000  0001 0000000000000000  0001 0000000000000000  0001 0000000000000000  0001 0000000000000000  0001 0000000000000000  0000 0000000000000000  0000 0000000000000000  0000 0000000000000000
Frame 1417    0001 0000000000000000  0001 0000000000000000  0001 0000000000000000  0001 0000000000000000  0001 0000000000000000  0001 0000000000000000  0001 0000000000000000  0001 0000000000000000  0001 0000000000000000  0000 0000000000000000  0000 0000000000000000  0000 0000000000000000
Frame 1418    0001 0000000000000000  0001 0000000000000000  0001 0000000000000000  0001 0000000000000000  0001 0000000000000000  0001 0000000000000000  0001 0000000000000000  0001 0000000000000000  0001 0000000000000000  0000 0000000000000000  0000 0000000000000000  0000 0000000000000000
Frame 1419    0001 0000000000000000  0001 0000000000000000  0001 0000000000000000  0001 0000000000000000  0001 0000000000000000  0001 0000000000000000  0001 0000000000000000  0001 0000000000000000  0001 0000000000000000  0000 0000000000000000  0000 0000000000000000  0000 0000000000000000
Frame 1420    0001 0000000000000000  0001 0000000000000000  0001 0000000000000000  0001 0000000000000000  0001 0000000000000000  0001 0000000000000000  0001 0000000000000000  0001 0000000000000000  0001 0000000000000000  0000 0000000000000000  0000 0000000000000000  0000 0000000000000000
Frame 1421    0001 0000000000000000  0001 0000000000000000  0001 0000000000000000  0001 0000000000000000  0001 0000000000000000  0001 0000000000000000  0001 0000000000000000  0001 0000000000000000  0001 0000000000000000  0000 0000000000000000  0000 0000000000000000  0000 0000000000000000
Frame 1422    0001 0000000000000000  0001 0000000000000000  0001 0000000000000000  0001 0000000000000000  0001 0000000000000000  0001 0000000000000000  0001 0000000000000000  0001 0000000000000000  0001 0000000000000000  0000 0000000000000000  0000 0000000000000000  0000 0000000000000000
Frame 1423    0001 0000000000000000  0001 0000000000000000  0001 0000000000000000  0001 0000000000000000  0001 0000000000000000  0001 0000000000000000  0001 0000000000000000  0001 0000000000000000  0001 0000000000000000  0000 0000000000000000  0000 0000000000000000  0000 0000000000000000
Frame 1424    0001 0000000000000000  0001 0000000000000000  0001 0000000000000000  0001 0000000000000000  0001 0000000000000000  0001 0000000000000000  0001 0000000000000000  0001 0000000000000000  0001 0000000000000000  0000 0000000000000000  0000 0000000000000000  0000 0000000000000000
Frame 1425    0001 0000000000000000  0001 0000000000000000  0001 0000000000000000  0001 0000000000000000  0001 0000000000000000  0001 0000000000000000  0001 0000000000000000  0001 0000000000000000  0001 0000000000000000  0000 0000000000000000  0000 0000000000000000  0000 0000000000000000
Frame 1426    0001 0000000000000000  0001 0000000000000000  0001 0000000000000000  0001 0000000000000000  0001 0000000000000000  0001 0000000000000000  0001 0000000000000000  0001 0000000000000000  0001 0000000000000000  0000 0000000000000000  0000 0000000000000000  0000 0000000000000000
Frame 1427    0001 0000000000000000  0001 0000000000000000  0001 0000000000000000  0001 0000000000000000  0001 0000000000000000  0001 0000000000000000  0001 0000000000000000  0001 0000000000000000  0001 0000000000000000  0000 0000000000000000  0000 0000000000000000  0000 0000000000000000
Frame 1428    0001 0000000000000000  0001 0000000000000000  0001 0000000000000000  0001 0000000000000000  0001 0000000000000000  0001 0000000000000000  0001 0000000000000000  0001 0000000000000000  0001 0000000000000000  0000 0000000000000000  0000 0000000000000000  0000 0000000000000000
Frame 1429    0001 0000000000000000  0001 0000000000000000  0001 0000000000000000  0001 0000000000000000  0001 0000000000000000  0001 0000000000000000  0001 0000000000000000  0001 0000000000000000  0001 0000000000000000  0000 0000000000000000  0000 0000000000000000  0000 0000000000000000
Frame 1430    0001 0000000000000000  0001 0000000000000000  0001 0000000000000000  0001 0000000000000000  0001 0000000000000000  0001 0000000000000000  0001 0000000000000000  0001 0000000000000000  0001 0000000000000000  0000 0000000000000000  0000 0000000000000000  0000 0000000000000000
Frame 1431    0001 0000000000000000  0001 0000000000000000  0001 0000000000000000  0001 0000000000000000  0001 0000000000000000  0001 0000000000000000  0001 0000000000000000  0001 0000000000000000  0001 0000000000000000  0000 0000000000000000  0000 0000000000000000  0000 0000000000000000
Frame 1432    0001 0000000000000000  0001 0000000000000000  0001 0000000000000000  0001 0000000000000000  0001 0000000000000000  0001 0000000000000000  0001 0000000000000000  0001 0000000000000000  0001 0000000000000000  0000 0000000000000000  0000 0000000000000000  0000 0000000000000000
Frame 1433    0001 0000000000000000  0001 0000000000000000  0001 0000000000000000  0001 0000000000000000  0001 0000000000000000  0001 0000000000000000  0001 0000000000000000  0001 0000000000000000  0001 0000000000000000  0000 0000000000000000  0000 0000000000000000  0000 0000000000000000
Frame 1434    0001 0000000000000000  0001 0000000000000000  0001 0000000000000000  0001 0000000000000000  0001 0000000000000000  0001 0000000000000000  0001 0000000000000000  0001 0000000000000000  0001 0000000000000000  0000 0000000000000000  0000 0000000000000000  0000 0000000000000000
Frame 1435    0001 0000000000000000  0001 0000000000000000  0001 0000000000000000  0001 0000000000000000  0001 0000000000000000  0001 0000000000000000  0001 0000000000000000  0001 0000000000000000  0001 0000000000000000  0000 0000000000000000  0000 0000000000000000  0000 0000000000000000
Frame 1436    0001 0000000000000000  0001 0000000000000000  0001 0000000000000000  0001 0000000000000000  0001 0000000000000000  0001 0000000000000000  0001 0000000000000000  0001 0000000000000000  0001 0000000000000000  0000 0000000000000000  0000 0000000000000000  0000 0000000000000000
Frame 1437    0001 0000000000000000  0001 0000000000000000  0001 0000000000000000  0001 0000000000000000  0001 0000000000000000  0001 0000000000000000  0001 0000000000000000  0001 0000000000000000  0001 0000000000000000  0000 0000000000000000  0000 0000000000000000  0000 0000000000000000
Frame 1438    0001 0000000000000000  0001 0000000000000000  0001 0000000000000000  0001 0000000000000000  0001 0000000000000000  0001 0000000000000000  0001 0000000000000000  0001 0000000000000000  0001 0000000000000000  0000 0000000000000000  0000 0000000000000000  0000 0000000000000000
Frame 1439    0001 0000000000000000  0001 0000000000000000  0001 0000000000000000  0001 0000000000000000  0001 0000000000000000  0001 0000000000000000  0001 0000000000000000  0001 0000000000000000  0001 0000000000000000  0000 0000000000000000  0000 0000000000000000  0000 0000000000000000
Frame 1440    0001 0000000000000000  0001 0000000000000000  0001 0000000000000000  0001 0000000000000000  0001 0000000000000000  0001 0000000000000000  0001 0000000000000000  0001 0000000000000000  0001 0000000000000000  0000 0000000000000000  0000 0000000000000000  0000 0000000000000000
Frame 1441    0001 0000000000000000  0001 0000000000000000  0001 0000000000000000  0001 0000000000000000  0001 0000000000000000  0001 0000000000000000  0001 0000000000000000  0001 0000000000000000  0001 0000000000000000  0000 0000000000000000  0000 0000000000000000  0000 0000000000000000
Frame 1442    0001 0000000000000000  0001 0000000000000000  0001 0000000000000000  0001 0000000000000000  0001 0000000000000000  0001 0000000000000000  0001 0000000000000000  0001 0000000000000000  0001 0000000000000000  0000 0000000000000000  0000 0000000000000000  0000 0000000000000000
Frame 1443    0001 0000000000000000  0001 0000000000000000  0001 0000000000000000  0001 0000000000000000  0001 0000000000000000  0001 0000000000000000  0001 0000000000000000  0001 0000000000000000  0001 0000000000000000  0000 0000000000000000  0000 0000000000000000  0000 0000000000000000
Frame 1444    0001 0000000000000000  0001 0000000000000000  0001 0000000000000000  0001 0000000000000000  0001 0000000000000000  0001 0000000000000000  0001 0000000000000000  0001 0000000000000000  0001 0000000000000000  0000 0000000000000000  0000 0000000000000000  0000 0000000000000000
Frame 1445    0001 0000000000000000  0001 0000000000000000  0001 0000000000000000  0001 0000000000000000  0001 0000000000000000  0001 0000000000000000  0001 0000000000000000  0001 0000000000000000  0001 0000000000000000  0000 0000000000000000  0000 0000000000000000  0000 0000000000000000
Frame 1446    0001 0000000000000000  0001 0000000000000000  0001 0000000000000000  0001 0000000000000000  0001 0000000000000000  0001 0000000000000000  0001 0000000000000000  0001 0000000000000000  0001 0000000000000000  0000 0000000000000000  0000 0000000000000000  0000 0000000000000000
Frame 1447    0001 0000000000000000  0001 0000000000000000  0001 0000000000000000  0001 0000000000000000  0001 0000000000000000  0001 0000000000000000  0001 0000000000000000  0001 0000000000000000  0001 0000000000000000  0000 0000000000000000  0000 0000000000000000  0000 0000000000000000
Frame 1448    0001 0000000000000000  0001 0000000000000000  0001 0000000000000000  0001 0000000000000000  0001 0000000000000000  0001 0000000000000000  0001 0000000000000000  0001 0000000000000000  0001 0000000000000000  0000 0000000000000000  0000 0000000000000000  0000 0000000000000000
Frame 1449    0001 0000000000000000  0001 0000000000000000  0001 0000000000000000  0001 0000000000000000  0001 0000000000000000  0001 0000000000000000  0001 0000000000000000  0001 0000000000000000  0001 0000000000000000  0000 0000000000000000  0000 0000000000000000  0000 0000000000000000
Frame 1450    0001 0000000000000000  0001 0000000000000000  0001 0000000000000000  0001 0000000000000000  0001 0000000000000000  0001 0000000000000000  0001 0000000000000000  0001 0000000000000000  0001 0000000000000000  0000 0000000000000000  0000 0000000000000000  0000 0000000000000000
Frame 1451    0001 0000000000000000  0001 0000000000000000  0001 0000000000000000  0001 0000000000000000  0001 0000000000000000  0001 0000000000000000  0001 0000000000000000  0001 0000000000000000  0001 0000000000000000  0000 0000000000000000  0000 0000000000000000  0000 0000000000000000
Frame 1452    0001 0000000000000000  0001 0000000000000000  0001 0000000000000000  0001 0000000000000000  0001 0000000000000000  0001 0000000000000000  0001 0000000000000000  0001 0000000000000000  0001 0000000000000000  0000 0000000000000000  0000 0000000000000000  0000 0000000000000000
Frame 1453    0001 0000000000000000  0001 0000000000000000  0001 0000000000000000  0001 0000000000000000  0001 0000000000000000  0001 0000000000000000  0001 0000000000000000  0001 0000000000000000  0001 0000000000000000  0000 0000000000000000  0000 0000000000000000  0000 0000000000000000
Frame 1454    0001 0000000000000000  0001 0000000000000000  0001 0000000000000000  0001 0000000000000000  0001 0000000000000000  0001 0000000000000000  0001 0000000000000000  0001 0000000000000000  0001 0000000000000000  0000 0000000000000000  0000 0000000000000000  0000 0000000000000000
Frame 1455    0001 0000000000000000  0001 0000000000000000  0001 0000000000000000  0001 0000000000000000  0001 0000000000000000  0001 0000000000000000  0001 0000000000000000  0001 0000000000000000  0001 0000000000000000  0000 0000000000000000  0000 0000000000000000  0000 0000000000000000
Frame 1456    0001 0000000000000000  0001 0000000000000000  0001 0000000000000000  0001 0000000000000000  0001 0000000000000000  0001 0000000000000000  0001 0000000000000000  0001 0000000000000000  0001 0000000000000000  0000 0000000000000000  0000 0000000000000000  0000 0000000000000000
Frame 1457    0001 0000000000000000  0001 0000000000000000  0001 0000000000000000  0001 0000000000000000  0001 0000000000000000  0001 0000000000000000  0001 0000000000000000  0001 0000000000000000  0001 0000000000000000  0000 0000000000000000  0000 0000000000000000  0000 0000000000000000
